slug,title,author_was,author_new,illustrator,reteller,compiler,translator,status,reason,url
20-podarkov-na-novyy-god,20 подарков на Новый год,Валя Филиппенко; Никита Терешин,Валя Филиппенко,Никита Терешин,,,,исправлено,"Никита Терешин — иллюстратор (так в аннотации к «Трилобиты не виноваты»), автор — Валя Филиппенко.",https://nancykhacha.github.io/knigi/kniga/20-podarkov-na-novyy-god/
a-chto-tam-v-shkole,А что там в школе?,Юлия Асланова; Юлия Прохоцкая,Юлия Асланова,Юлия Прохоцкая,,,,проверить,"В аннотации продолжения автором названа только Юлия Асланова; Юлия Прохоцкая, вероятно, иллюстратор.",https://nancykhacha.github.io/knigi/kniga/a-chto-tam-v-shkole/
adel-blan-sek-neobyknovennye-priklyucheniya-t-2-kn-4-6,Адель Блан-Сек. Необыкновенные приключения. Т.2 кн. 4-6,Тарди,Жак Тарди,,,,,исправлено,Полное имя автора комикса — Жак Тарди.,https://nancykhacha.github.io/knigi/kniga/adel-blan-sek-neobyknovennye-priklyucheniya-t-2-kn-4-6/
adelina-testafina-i-tayna-propavshey-vitse-babushki,Аделина Тестафина и тайна пропавшей вице-бабушки,Кристина Марси; Франческа Карабелли,Кристина Марси,Франческа Карабелли,,,,проверить,"Франческа Карабелли, вероятно, иллюстратор, автор текста — Кристина Марси.",https://nancykhacha.github.io/knigi/kniga/adelina-testafina-i-tayna-propavshey-vitse-babushki/
anya-i-manya,Аня и Маня,И. Грекова (Вентцель Елена),И. Грекова,,,,,исправлено,"Оставлен один вариант — псевдоним, под которым выходят книги писательницы.",https://nancykhacha.github.io/knigi/kniga/anya-i-manya/
banda-lam,Банда лам,Хайке Ева Шмидт; Николай Ренгер,Хайке Ева Шмидт,Николай Ренгер,,,,проверить,"Николай Ренгер, вероятно, иллюстратор, автор текста — Хайке Ева Шмидт.",https://nancykhacha.github.io/knigi/kniga/banda-lam/
belchonok-boris,Бельчонок Борис,Юлия Симбирская; Марина Байкова,Юлия Симбирская,Марина Байкова,,,,проверить,"Юлия Симбирская — писательница, Марина Байкова, вероятно, иллюстратор.",https://nancykhacha.github.io/knigi/kniga/belchonok-boris/
belogrudka,Белогрудка,Виктор Астафьев; Виталий Бианки; Юрий Казаков; Евгений Носов; Владимир Орлов; Александр Старостин,Сборник,,,,,исправлено,По аннотации это сборник рассказов шести разных авторов.,https://nancykhacha.github.io/knigi/kniga/belogrudka/
belyy-golub-chernyy-slon-2-e-izd,"Белый голубь, чёрный слон",Немеш Ева,Ева Немеш,,,,,исправлено,Имя и фамилия переставлены; в аннотации — Ева Немеш.,https://nancykhacha.github.io/knigi/kniga/belyy-golub-chernyy-slon-2-e-izd/
bezrabotnyy-ded-moroz-volshebnyy-krugovorot,Безработный Дед Мороз. Волшебный круговорот,Микеле Д’иньяцио,Микеле Д’Иньяцио,,,,,исправлено,Ошибка регистра в фамилии (D’Ignazio).,https://nancykhacha.github.io/knigi/kniga/bezrabotnyy-ded-moroz-volshebnyy-krugovorot/
biblioteka-kota-mortimera,Библиотека кота Мортимера,Ребекка Стед,Ребекка Стед; Венди Масс,,,,,исправлено,«The Lost Library» написана Ребеккой Стед вместе с Венди Масс.,https://nancykhacha.github.io/knigi/kniga/biblioteka-kota-mortimera/
biblioteka-priklyucheniy-myagkaya-oblozhka-robinzon-kruzo,Библиотека приключений (мягкая обложка). Робинзон Крузо,Дефо Даниель,Даниель Дефо,,,,,исправлено,"В данных порядок «Фамилия Имя», исправлен на «Имя Фамилия».",https://nancykhacha.github.io/knigi/kniga/biblioteka-priklyucheniy-myagkaya-oblozhka-robinzon-kruzo/
biblioteka-priklyucheniy-robinzon-kruzo,Библиотека приключений. Робинзон Крузо,Дефо Даниель,Даниель Дефо,,,,,исправлено,"В данных порядок «Фамилия Имя», исправлен на «Имя Фамилия».",https://nancykhacha.github.io/knigi/kniga/biblioteka-priklyucheniy-robinzon-kruzo/
billi-malysh,Билли Малыш,Рене Госинни,Моррис; Рене Госинни,,,,,проверить,"Комикс создан художником Моррисом и сценаристом Рене Госинни — указать обоих, сверить формат с редакцией.",https://nancykhacha.github.io/knigi/kniga/billi-malysh/
bogatyrskie-russkie-skazki,Богатырские русские сказки,Игорь Егунов,Русские народные сказки,Игорь Егунов,,,,исправлено,"Это русские сказки о богатырях, Игорь Егунов — художник этого издания «Эксмо».",https://nancykhacha.github.io/knigi/kniga/bogatyrskie-russkie-skazki/
bogi-kak-lyudi-kniga-1-krugi-na-vode,Боги как люди. Книга 1. Круги на воде,Ткачева Яна,Яна Ткачёва,,,,,исправлено,Имя и фамилия переставлены; в аннотации — Яна Ткачёва.,https://nancykhacha.github.io/knigi/kniga/bogi-kak-lyudi-kniga-1-krugi-na-vode/
bolshaya-kniga-skazok,Большая книга сказок,Виталий Бянки,Виталий Бианки,,,,,исправлено,"Опечатка в фамилии: правильно «Бианки», так и в аннотации.",https://nancykhacha.github.io/knigi/kniga/bolshaya-kniga-skazok/
bolshaya-skazochnaya-seriya-babushkiny-skazki-8-skazok-dlya-chteniya,Большая сказочная серия. Бабушкины сказки. 8 сказок для чтения перед сном,Амьо Карин-Мари,Карин-Мари Амьо,,,,,исправлено,В данных фамилия стоит перед именем.,https://nancykhacha.github.io/knigi/kniga/bolshaya-skazochnaya-seriya-babushkiny-skazki-8-skazok-dlya-chteniya/
bolshaya-skazochnaya-seriya-bolshaya-kniga-volshebnyh-skazok,Большая сказочная серия. Большая книга волшебных сказок,Елена Ульева,Сказки народов мира,,Елена Ульева,,,исправлено,"По аннотации это 25 сказок разных стран в авторском пересказе Ульевой, прежде книга выходила как «Сказки народов мира».",https://nancykhacha.github.io/knigi/kniga/bolshaya-skazochnaya-seriya-bolshaya-kniga-volshebnyh-skazok/
bolshaya-skazochnaya-seriya-dedushkiny-skazki-9-skazok-dlya-chteniya,Большая сказочная серия. Дедушкины сказки. 9 сказок для чтения перед сном,Амьо Карин-Мари,Карин-Мари Амьо,,,,,исправлено,В данных фамилия стоит перед именем.,https://nancykhacha.github.io/knigi/kniga/bolshaya-skazochnaya-seriya-dedushkiny-skazki-9-skazok-dlya-chteniya/
bolshaya-skazochnaya-seriya-dedushkiny-skazki-na-novyy-god,Большая сказочная серия. Дедушкины сказки на Новый год,Амьо Карин-Мари,Карин-Мари Амьо,,,,,исправлено,В данных фамилия стоит перед именем.,https://nancykhacha.github.io/knigi/kniga/bolshaya-skazochnaya-seriya-dedushkiny-skazki-na-novyy-god/
bolshaya-skazochnaya-seriya-lyubimye-skazki-pro-zhivotnyh,Большая сказочная серия. Любимые сказки про животных,Елена Ульева,Сказки народов мира,,Елена Ульева,,,исправлено,По аннотации это 30 сказок со всего света в авторском пересказе Елены Ульевой.,https://nancykhacha.github.io/knigi/kniga/bolshaya-skazochnaya-seriya-lyubimye-skazki-pro-zhivotnyh/
bolshaya-skazochnaya-seriya-skazki-dlya-vnuchat-7-skazok-dlya-chteniya,Большая сказочная серия. Сказки для внучат. 7 сказок для чтения перед сном,Амьо Карин-Мари,Карин-Мари Амьо,,,,,исправлено,В данных фамилия стоит перед именем.,https://nancykhacha.github.io/knigi/kniga/bolshaya-skazochnaya-seriya-skazki-dlya-vnuchat-7-skazok-dlya-chteniya/
bolshaya-skazochnaya-seriya-vokrug-sveta-v-novyy-god,Большая сказочная серия. Вокруг света в Новый год,Елена Ульева,Сказки народов мира,,Елена Ульева,,,проверить,"По аннотации это 19 новогодних преданий и легенд разных стран, адаптированных Еленой Ульевой.",https://nancykhacha.github.io/knigi/kniga/bolshaya-skazochnaya-seriya-vokrug-sveta-v-novyy-god/
bolshuschee-serdtse,Большущее сердце,Кларк Эмма Чичестер,Эмма Чичестер Кларк,,,,,исправлено,Имя и фамилия переставлены; в аннотации — Эмма Чичестер Кларк.,https://nancykhacha.github.io/knigi/kniga/bolshuschee-serdtse/
botanistika-naturalis-botanusa-dulsimera,Ботанистика Натуралис Ботануса Дульсимера,Иван Барренетксеа,Ибан Барренетксеа,,,,,проверить,"Баскское имя Iban; в русском издании, вероятно, «Ибан» — сверить с обложкой.",https://nancykhacha.github.io/knigi/kniga/botanistika-naturalis-botanusa-dulsimera/
bratya-daltony,Братья Далтоны,Рене Госинни,Моррис; Рене Госинни,,,,,проверить,"Комикс создан художником Моррисом и сценаристом Рене Госинни — указать обоих, сверить формат с редакцией.",https://nancykhacha.github.io/knigi/kniga/bratya-daltony/
bud-yarche,Будь ярче!,Молодые драматурги,Сборник,,,,,исправлено,"Это сборник пьес разных молодых драматургов, «Молодые драматурги» — не имя автора.",https://nancykhacha.github.io/knigi/kniga/bud-yarche/
burya-i-chudnoy-otryad,Буря и чудной отряд,Ирина Иванова,Ислам Ханипаев,,,,,исправлено,"Аннотация: «Новое фэнтези Ислама Ханипаева, автора трилогии „Луна 84“».",https://nancykhacha.github.io/knigi/kniga/burya-i-chudnoy-otryad/
chuk-i-gek-povesti-i-rasskazy-dlya-detey,Чук и Гек. Повести и рассказы для детей,Гайдар Аркадий,Аркадий Гайдар,,,,,исправлено,"В данных порядок «Фамилия Имя», исправлен на «Имя Фамилия».",https://nancykhacha.github.io/knigi/kniga/chuk-i-gek-povesti-i-rasskazy-dlya-detey/
clever-chtenie-malenkaya-sonya-pervyy-den-v-lesnoy-shkole,CLEVER-чтение. Маленькая соня. Первый день в Лесной школе,Больманн Сабина,Сабина Больманн,,,,,исправлено,"В данных порядок «Фамилия Имя», исправлен на «Имя Фамилия».",https://nancykhacha.github.io/knigi/kniga/clever-chtenie-malenkaya-sonya-pervyy-den-v-lesnoy-shkole/
clever-chtenie-nakormi-rychaschego-medvedya-bolshaya-kniga,CLEVER-чтение. Накорми рычащего медведя. Большая книга приключений Анны и папы,Оттеншлегер Мадлен,Мадлен Оттеншлегер,,,,,исправлено,В данных фамилия стоит перед именем.,https://nancykhacha.github.io/knigi/kniga/clever-chtenie-nakormi-rychaschego-medvedya-bolshaya-kniga/
clever-chtenie-priklyucheniya-v-kanun-rozhdestva,CLEVER-чтение. Приключения в канун Рождества,Манн Мириам,Мириам Манн,,,,,исправлено,В данных фамилия стоит перед именем.,https://nancykhacha.github.io/knigi/kniga/clever-chtenie-priklyucheniya-v-kanun-rozhdestva/
clever-chtenie-shurochka-i-murochka-bolshaya-ekspeditsiya,CLEVER-чтение. Шурочка и Мурочка. Большая экспедиция любознательных блошек,Марина Дороченкова,Марина Дороченкова; Анна Кравчук,,,,,проверить,В аннотации «авторы — учёные-биологи»; входящие в сборник истории в каталоге написаны Дороченковой и Кравчук.,https://nancykhacha.github.io/knigi/kniga/clever-chtenie-shurochka-i-murochka-bolshaya-ekspeditsiya/
clever-chtenie-supershkola-dlya-zverey,CLEVER-чтение. Супершкола для зверей,Цильгенс Герлис,Герлис Цильгенс,,,,,исправлено,В данных фамилия стоит перед именем.,https://nancykhacha.github.io/knigi/kniga/clever-chtenie-supershkola-dlya-zverey/
clever-komiks-ognevka-i-put-na-ostrov,Clever-комикс. Огневка и путь на остров,Грегорес Беа,Беа Грегорес,,,,,исправлено,Фамилия стоит перед именем: Беа Грегорес — испанская авторка комикса.,https://nancykhacha.github.io/knigi/kniga/clever-komiks-ognevka-i-put-na-ostrov/
ded-koshmar-i-sbezhavshie-zhelaniya,Дед Кошмар и сбежавшие желания,Полина Щербак; Катя Бас,Полина Щербак,Катя Бас,,,,проверить,"Полина Щербак — писательница, Катя Бас, вероятно, иллюстратор.",https://nancykhacha.github.io/knigi/kniga/ded-koshmar-i-sbezhavshie-zhelaniya/
delfiniy-ostrov,Дельфиний остров,С. Сахарнов,Святослав Сахарнов,,,,,исправлено,"«Дельфиний остров» — книга Святослава Сахарнова, другого писателя С. Сахарнова нет.",https://nancykhacha.github.io/knigi/kniga/delfiniy-ostrov/
desyat-dney-do-kontsa-sveta,Десять дней до конца света,Фаржеттон Манон,Манон Фаржеттон,,,,,исправлено,Имя и фамилия переставлены.,https://nancykhacha.github.io/knigi/kniga/desyat-dney-do-kontsa-sveta/
detektivy-dlya-podrostkov-sekrety-sinklera-zavodnoy-vorobey,Детективы для подростков. Секреты «Синклера». Заводной воробей,Вудфайн Кэтрин,Кэтрин Вудфайн,,,,,исправлено,"В данных порядок «Фамилия Имя», исправлен на «Имя Фамилия».",https://nancykhacha.github.io/knigi/kniga/detektivy-dlya-podrostkov-sekrety-sinklera-zavodnoy-vorobey/
detskiy-detektiv-kto-ukral-dnevniki-darvina,Детский детектив. Кто украл дневники Дарвина?,Харман Орен,Орен Харман,,,,,исправлено,"В данных порядок «Фамилия Имя», исправлен на «Имя Фамилия».",https://nancykhacha.github.io/knigi/kniga/detskiy-detektiv-kto-ukral-dnevniki-darvina/
detskiy-detektiv-letayuschee-byuro-nahodok,Детский детектив. Летающее бюро находок,Нистрат Ангелика; Хюгинг Андреас,Ангелика Нистрат; Андреас Хюгинг,,,,,исправлено,Фамилии стоят перед именами; оба — соавторы.,https://nancykhacha.github.io/knigi/kniga/detskiy-detektiv-letayuschee-byuro-nahodok/
devochka-masha-kukla-natasha-i-vse-vse-vse,"Девочка Маша, кукла Наташа и все-все-все",Феликс Шапиро,Сборник,,,Феликс Шапиро,,проверить,Сборник стихов и рисунков разных авторов из «Весёлых картинок»; роль Феликса Шапиро сверить с книгой.,https://nancykhacha.github.io/knigi/kniga/devochka-masha-kukla-natasha-i-vse-vse-vse/
devochka-s-lisim-hvostom-tom-1,Девочка с Лисьим Хвостом. Том 1,Ман Муль Сан,Сон Вон Пхён,Ман Муль Сан,,,,исправлено,"Ман Муль Сан по аннотации — художница; автор текста, лауреатка названных премий, — Сон Вон Пхён (так в русском издании).",https://nancykhacha.github.io/knigi/kniga/devochka-s-lisim-hvostom-tom-1/
devochka-s-lisim-hvostom-tom-2,Девочка с лисьим хвостом. Том 2,Ман Муль Сан,Сон Вон Пхён,Ман Муль Сан,,,,исправлено,"Ман Муль Сан по аннотации — художница; автор текста, лауреатка названных премий, — Сон Вон Пхён (так в русском издании).",https://nancykhacha.github.io/knigi/kniga/devochka-s-lisim-hvostom-tom-2/
devochka-s-lisim-hvostom-tom-3,Девочка с лисьим хвостом. Том 3,Ман Муль Сан,Сон Вон Пхён,Ман Муль Сан,,,,исправлено,"Ман Муль Сан по аннотации — художница; автор текста, лауреатка названных премий, — Сон Вон Пхён (так в русском издании).",https://nancykhacha.github.io/knigi/kniga/devochka-s-lisim-hvostom-tom-3/
devochka-s-lisim-hvostom-tom-4,Девочка с лисьим хвостом. Том 4,Ман Муль Сан,Сон Вон Пхён,Ман Муль Сан,,,,исправлено,"Ман Муль Сан по аннотации — художница; автор текста, лауреатка названных премий, — Сон Вон Пхён (так в русском издании).",https://nancykhacha.github.io/knigi/kniga/devochka-s-lisim-hvostom-tom-4/
devochka-s-lisim-hvostom-tom-5,Девочка с лисьим хвостом. Том 5,Ман Муль Сан,Сон Вон Пхён,Ман Муль Сан,,,,исправлено,"Ман Муль Сан по аннотации — художница; автор текста, лауреатка названных премий, — Сон Вон Пхён (так в русском издании).",https://nancykhacha.github.io/knigi/kniga/devochka-s-lisim-hvostom-tom-5/
devochka-s-lisim-hvostom-tom-6,Девочка с лисьим хвостом. Том 6,Ман Муль Сан,Сон Вон Пхён,Ман Муль Сан,,,,исправлено,"Ман Муль Сан по аннотации — художница; автор текста, лауреатка названных премий, — Сон Вон Пхён (так в русском издании).",https://nancykhacha.github.io/knigi/kniga/devochka-s-lisim-hvostom-tom-6/
devochki-proslavivshie-rossiyu,"Девочки, прославившие Россию",Артёмова Н.В.; Артёмова О.В.,Н. В. Артёмова; О. В. Артёмова,,,,,исправлено,Приведено к виду «И. О. Фамилия»; полные имена в данных не указаны.,https://nancykhacha.github.io/knigi/kniga/devochki-proslavivshie-rossiyu/
diksi-o,Дикси О,Ширли Хьюз,Ширли Хьюз; Клара Вальями,,,,,исправлено,По аннотации серию о Дикси О’Дэй написали в соавторстве Ширли Хьюз и Клара Вальями.,https://nancykhacha.github.io/knigi/kniga/diksi-o/
diksi-o-dey-na-vseh-skorostyah,Дикси О’Дэй: На всех скоростях,Ширли Хьюз,Ширли Хьюз; Клара Вальями,,,,,исправлено,"В аннотации сказано, что книга написана в соавторстве Ширли Хьюз и Кларой Вальями.",https://nancykhacha.github.io/knigi/kniga/diksi-o-dey-na-vseh-skorostyah/
dilizhans,Дилижанс,Рене Госинни,Моррис; Рене Госинни,,,,,проверить,"Комикс создан художником Моррисом и сценаристом Рене Госинни — указать обоих, сверить формат с редакцией.",https://nancykhacha.github.io/knigi/kniga/dilizhans/
dnevnik-oboroten-i-drugie-istorii-iz-chernogo-portfelya,Дневник-оборотень и другие истории из чёрного портфеля,Екатерина Земляничкина; Анастасия Безлюдная; Виктория Стеблева,Екатерина Земляничкина; Анастасия Безлюдная,Виктория Стеблева,,,,проверить,"Виктория Стеблева, вероятно, иллюстратор: она же указана у «Страшилок под чердаком».",https://nancykhacha.github.io/knigi/kniga/dnevnik-oboroten-i-drugie-istorii-iz-chernogo-portfelya/
do-vstrechi-lis-i-zayka,"До встречи, Лис и Зайка!",Хейде Сильвия Ванден,Сильвия ванден Хейде,,,,,исправлено,Имя и фамилия переставлены.,https://nancykhacha.github.io/knigi/kniga/do-vstrechi-lis-i-zayka/
dobro-pozhalovat-v-lesnuyu-shkolu-luchshie-druzya-nyuhom-klyanus,Добро пожаловать в Лесную школу. Лучшие друзья — нюхом клянусь!,Гегер Анн-Катрин,Анн-Катрин Гегер,,,,,исправлено,В данных фамилия стоит перед именем.,https://nancykhacha.github.io/knigi/kniga/dobro-pozhalovat-v-lesnuyu-shkolu-luchshie-druzya-nyuhom-klyanus/
dolgaya-zima,Долгая зима,Инглз Уайлдер Лора,Лора Инглз Уайлдер,,,,,исправлено,Имя и фамилия переставлены; в аннотации — Лора Инглз Уайлдер.,https://nancykhacha.github.io/knigi/kniga/dolgaya-zima/
dom-vdali-ot-mira,Дом вдали от мира,Энния Емельянова,Арндис Тораринсдоттир; Хульда Сигрун Бьярнадоттир,,,,Энния Емельянова,проверить,"Это исландская «Blokkin á heimsenda» двух авторов, Энния Емельянова — переводчица; написание имён сверить с изданием.",https://nancykhacha.github.io/knigi/kniga/dom-vdali-ot-mira/
doroga-po-prerii,Дорога по прерии,Рене Госинни,Моррис; Рене Госинни,,,,,проверить,"Комикс создан художником Моррисом и сценаристом Рене Госинни — указать обоих, сверить формат с редакцией.",https://nancykhacha.github.io/knigi/kniga/doroga-po-prerii/
dorogoy-sinor-p,Дорогой синьор П.,Аличе Келлер; Вероника Труттеро,Аличе Келлер,Вероника Труттеро,,,,проверить,"Вероника Труттеро, вероятно, иллюстратор, автор текста — Аличе Келлер.",https://nancykhacha.github.io/knigi/kniga/dorogoy-sinor-p/
dremery-kn-1-izgnanniki-zennona,Дремеры. Кн. 1. Изгнанники Зеннона,Брюс Алина,Алина Брюс,,,,,исправлено,Имя и фамилия переставлены.,https://nancykhacha.github.io/knigi/kniga/dremery-kn-1-izgnanniki-zennona/
duh-iz-volshebnoy-fleyty-tom-2,Дух из волшебной флейты. Том 2,Хиросима Рэйко,Рэйко Хиросима,,,,,проверить,Японское имя в обратном порядке; в русских изданиях обычно «Рэйко Хиросима» — сверить с обложкой.,https://nancykhacha.github.io/knigi/kniga/duh-iz-volshebnoy-fleyty-tom-2/
dyadya-zhabs-dikobraz-dik-nedotrog,Дядя Жабс. Дикобраз Дик Недотрог,Бёрджесс У. Торнтон,Торнтон Бёрджесс,,,,,исправлено,Имя и фамилия были перепутаны: автор — Торнтон Бёрджесс.,https://nancykhacha.github.io/knigi/kniga/dyadya-zhabs-dikobraz-dik-nedotrog/
dyuymovochka,Дюймовочка,Андерсен Ганс Христиан,Ханс Кристиан Андерсен,,,,,исправлено,Имя и фамилия переставлены; написание как в остальном каталоге.,https://nancykhacha.github.io/knigi/kniga/dyuymovochka/
dzheyn-lisa-i-ya,"Джейн, лиса и я",Изабель Арсено; Фанни Бритт,Фанни Бритт,Изабель Арсено,,,,исправлено,"Фанни Бритт — автор текста, Изабель Арсено — художница графического романа (по аннотации).",https://nancykhacha.github.io/knigi/kniga/dzheyn-lisa-i-ya/
dzhuliya-i-akula,Джулия и акула,Том Фрестон,Киран Миллвуд Харгрейв,Том де Фрестон,,,,исправлено,"«Julia and the Shark» написала Киран Миллвуд Харгрейв, Том де Фрестон — иллюстратор.",https://nancykhacha.github.io/knigi/kniga/dzhuliya-i-akula/
elizaveta-printsessa-versalskaya-sekret-muzykalnoy-shkatulki,"Елизавета, принцесса Версальская. Секрет музыкальной шкатулки",Джей Энни,Энни Джей,,,,,исправлено,"В данных порядок «Фамилия Имя», исправлен на «Имя Фамилия».",https://nancykhacha.github.io/knigi/kniga/elizaveta-printsessa-versalskaya-sekret-muzykalnoy-shkatulki/
emil-i-margo-beskonechnoe-chaepitie-kniga-dlya-pervogo-chteniya,Эмиль и Марго. Бесконечное чаепитие. Книга для первого чтения,Энн Дидье; Оливье Мэллер,Лесли Мейзер,Оливье Делуайе,,,,проверить,"Прозаические книги для первого чтения об Эмиле и Марго во французском оригинале написала Лесли Мейзер, рисовал Делуайе; Дидье и Мэллер — авторы комиксов.",https://nancykhacha.github.io/knigi/kniga/emil-i-margo-beskonechnoe-chaepitie-kniga-dlya-pervogo-chteniya/
emil-i-margo-kamennyy-monstr-kniga-dlya-pervogo-chteniya,Эмиль и Марго. Каменный монстр. Книга для первого чтения,Оливье Делуайе,Лесли Мейзер,Оливье Делуайе,,,,проверить,Оливье Делуайе — художник серии; прозаические книги для первого чтения во французском оригинале написала Лесли Мейзер.,https://nancykhacha.github.io/knigi/kniga/emil-i-margo-kamennyy-monstr-kniga-dlya-pervogo-chteniya/
emmi-i-poslednie-elfy-tom-1-ubezhische,Эмми и последние эльфы. Том 1: Убежище,Барро Вероник,Вероник Барро,,,,,исправлено,"В данных порядок «Фамилия Имя», исправлен на «Имя Фамилия».",https://nancykhacha.github.io/knigi/kniga/emmi-i-poslednie-elfy-tom-1-ubezhische/
emmi-i-poslednie-elfy-tom-2-vozvraschenie-korolevstva,Эмми и последние эльфы. Том 2: Возвращение королевства,Барро Вероник,Вероник Барро,,,,,исправлено,"В данных порядок «Фамилия Имя», исправлен на «Имя Фамилия».",https://nancykhacha.github.io/knigi/kniga/emmi-i-poslednie-elfy-tom-2-vozvraschenie-korolevstva/
ezhik-v-tumane-norshteyn,Ёжик в тумане,Юрий Норштейн,Сергей Козлов,Юрий Норштейн,,,,исправлено,"Норштейн — режиссер мультфильма и художник книги, сказку написал Сергей Козлов.",https://nancykhacha.github.io/knigi/kniga/ezhik-v-tumane-norshteyn/
ezhulka-ili-kak-my-podruzhilis,"Ежулька, или Как мы подружились",Кастильо Лорен,Лорен Кастильо,,,,,исправлено,В данных фамилия стоит перед именем.,https://nancykhacha.github.io/knigi/kniga/ezhulka-ili-kak-my-podruzhilis/
fialki-tsvetut-zimoy,Фиалки цветут зимой,Пессан Дельфина,Дельфина Пессан,,,,,исправлено,Имя и фамилия переставлены.,https://nancykhacha.github.io/knigi/kniga/fialki-tsvetut-zimoy/
garri-potter-i-filosofskiy-kamen,Гарри Поттер и философский камень,Джоан Роулинг,Джоан Роулинг,,,,,исправлено,Инициалы «Дж. К.» заменены полным именем в принятом написании.,https://nancykhacha.github.io/knigi/kniga/garri-potter-i-filosofskiy-kamen/
gobbolino-vedmin-kot,Гобболино – ведьмин кот,Уильямс Урсула Морэй,Урсула Морэй Уильямс,,,,,исправлено,Имя и фамилия переставлены.,https://nancykhacha.github.io/knigi/kniga/gobbolino-vedmin-kot/
god-polnyy-chudes,"Год, полный чудес",Шерил Б.Кляйн,Шерил Б. Кляйн,,,,,исправлено,Не хватало пробела после инициала.,https://nancykhacha.github.io/knigi/kniga/god-polnyy-chudes/
greys-korolevstvo-vverh-kopytami,Грейс. Королевство вверх копытами,Энн Дидье; Оливье Мэллер,Марк Дюбюиссон,,,,,исправлено,"Комиксы о принцессе Грейс (Бодрик, Жасмин, единорог) пишет Марк Дюбюиссон, как и другие книги серии в каталоге; Дидье и Мэллер — авторы «Эмиля и Марго».",https://nancykhacha.github.io/knigi/kniga/greys-korolevstvo-vverh-kopytami/
gruzovichki-kniga-dlya-chteniya-s-tsvetnymi-kartinkami,Грузовички. Книга для чтения с цветными картинками,Пронкевич А.А.,А. А. Пронкевич,,,,,исправлено,Приведено к виду «И. О. Фамилия»; полное имя в данных не указано.,https://nancykhacha.github.io/knigi/kniga/gruzovichki-kniga-dlya-chteniya-s-tsvetnymi-kartinkami/
gus-gosha,Гусь Гоша,Юлия Весова; Мария Позднякова,Юлия Весова,Мария Позднякова,,,,проверить,"Юлия Весова — писательница, Мария Позднякова, вероятно, иллюстратор.",https://nancykhacha.github.io/knigi/kniga/gus-gosha/
hantyyskie-zagadki,Хантыйские загадки,Е. А. Нёмысова,Хантыйские народные загадки,,,Е. А. Нёмысова,,проверить,"Загадки, вероятно, народные, Е. А. Нёмысова — составитель или переводчик; сверить.",https://nancykhacha.github.io/knigi/kniga/hantyyskie-zagadki/
hochu-po-pravde-sovremennaya-podrostkovaya-drama,Хочу по правде: современная подростковая драма,Дарья Варденбург; Мария Огнева; Серафима Орлова; Екатерина Бизяева,Сборник,,,,,исправлено,Сборник пьес нескольких драматургов (по аннотации).,https://nancykhacha.github.io/knigi/kniga/hochu-po-pravde-sovremennaya-podrostkovaya-drama/
hor-ohotnikov,Хор охотников,Г. Скребицкий,Георгий Скребицкий,,,,,исправлено,"Инициал заменен полным именем, оно есть в аннотации.",https://nancykhacha.github.io/knigi/kniga/hor-ohotnikov/
hrabryy-dikiy-porosenok,Храбрый дикий поросёнок,Хейде Сильвия Ванден,Сильвия ванден Хейде,,,,,исправлено,Имя и фамилия переставлены.,https://nancykhacha.github.io/knigi/kniga/hrabryy-dikiy-porosenok/
hraniteli-mira,Хранители мира,Лорен О'хара,Мелисса Харрисон,Лорен О’Хара,,,,исправлено,"По аннотации дилогию написала Мелисса Харрисон, Лорен О’Хара — художница.",https://nancykhacha.github.io/knigi/kniga/hraniteli-mira/
hraniteli-mira-doroga-domoy,Хранители мира. Дорога домой,Лорен О'хара,Мелисса Харрисон,Лорен О’Хара,,,,исправлено,"По аннотации дилогию написала Мелисса Харрисон, Лорен О’Хара — художница.",https://nancykhacha.github.io/knigi/kniga/hraniteli-mira-doroga-domoy/
hrestomatiya-detskoy-klassiki,Хрестоматия детской классики,В. Рябченко,Сборник,,,В. Рябченко,,исправлено,"Хрестоматия разных авторов, В. Рябченко — составитель.",https://nancykhacha.github.io/knigi/kniga/hrestomatiya-detskoy-klassiki/
igraem-uchimsya-razvivaemsya-kiki-otday-sosku,"Играем. Учимся. Развиваемся. Кики, отдай соску!",Берг ван ден Эстер,Эстер ван ден Берг,,,,,исправлено,В данных фамилия стоит перед именем.,https://nancykhacha.github.io/knigi/kniga/igraem-uchimsya-razvivaemsya-kiki-otday-sosku/
igraem-uchimsya-razvivaemsya-kiki-pora-na-gorshok,"Играем. Учимся. Развиваемся. Кики, пора на горшок!",Берг ван ден Эстер,Эстер ван ден Берг,,,,,исправлено,В данных фамилия стоит перед именем.,https://nancykhacha.github.io/knigi/kniga/igraem-uchimsya-razvivaemsya-kiki-pora-na-gorshok/
ispytanie-gerakla,Испытание Геракла,Пьер Жемм; Матильда Рюо,Пьер Жемм,Матильда Рюо,,,,проверить,"Матильда Рюо, вероятно, иллюстратор серии, автор текста — Пьер Жемм.",https://nancykhacha.github.io/knigi/kniga/ispytanie-gerakla/
istorii-dyadyushki-duba-kniga-1-vstrecha,Истории Дядюшки Дуба. Книга 1. Встреча,Элен Дрювер,Жозеп Льюис Бадаль,,,,,исправлено,Аннотация: «Трилогию Жозепа Льюиса Бадаля мы выпустили в трёх отдельных книгах».,https://nancykhacha.github.io/knigi/kniga/istorii-dyadyushki-duba-kniga-1-vstrecha/
istorii-dyadyushki-duba-kniga-2-serdtse,Истории Дядюшки Дуба. Книга 2. Сердце,Маша Судовых,Жозеп Льюис Бадаль,,,,,исправлено,Аннотация: «Трилогию Жозепа Льюиса Бадаля мы выпустили в трёх отдельных книгах».,https://nancykhacha.github.io/knigi/kniga/istorii-dyadyushki-duba-kniga-2-serdtse/
istoriya-o-kroshke-ele-i-kosmonavte-layke,История о Крошке Эле и космонавте Лайке,Хелен Рундгрен; Кеннет Андерссон,Хелен Рундгрен,Кеннет Андерссон,,,,проверить,"Кеннет Андерссон, вероятно, иллюстратор, автор текста — Хелен Рундгрен.",https://nancykhacha.github.io/knigi/kniga/istoriya-o-kroshke-ele-i-kosmonavte-layke/
istoriya-odnogo-porosenka,История одного поросенка,Юрий Выннычук,Юрий Винничук,,,,,исправлено,"По-русски украинского писателя принято называть «Юрий Винничук», а не «Выннычук».",https://nancykhacha.github.io/knigi/kniga/istoriya-odnogo-porosenka/
istoriya-pobedy-alpiyskaya-ballada-sotnikov,История Победы. Альпийская баллада. Сотников,Быков Василь,Василь Быков,,,,,исправлено,В данных фамилия стоит перед именем.,https://nancykhacha.github.io/knigi/kniga/istoriya-pobedy-alpiyskaya-ballada-sotnikov/
istoriya-pobedy-ulitsa-mladshego-syna,История Победы. Улица младшего сына,Кассиль Лев; Поляновский Макс,Лев Кассиль; Макс Поляновский,,,,,исправлено,Фамилии стоят перед именами; оба — соавторы повести.,https://nancykhacha.github.io/knigi/kniga/istoriya-pobedy-ulitsa-mladshego-syna/
istoriya-pobedy-voennaya-tayna-golubaya-chashka-timur-i-ego-komanda,История Победы. Военная тайна. Голубая чашка. Тимур и его команда. Чук и Гек.,Гайдар Аркадий,Аркадий Гайдар,,,,,исправлено,В данных фамилия стоит перед именем.,https://nancykhacha.github.io/knigi/kniga/istoriya-pobedy-voennaya-tayna-golubaya-chashka-timur-i-ego-komanda/
istoriya-severnogo-kruga,История Северного круга,Фрида Нильсон,Юлия Кузнецова,,,,,исправлено,"По аннотации книгу написала Юлия Кузнецова, иллюстрации — Анастасии Балатенышевой.",https://nancykhacha.github.io/knigi/kniga/istoriya-severnogo-kruga/
k-nebesam,К небесам,Карен Кёлер; Беа Дэвис,Карен Кёлер,Беа Дэвис,,,,проверить,"Беа Дэвис, вероятно, иллюстратор, автор текста — Карен Кёлер.",https://nancykhacha.github.io/knigi/kniga/k-nebesam/
kak-kuzka-domovyat-pomiril,Как Кузька домовят помирил,Г. Александрова,Галина Александрова,,,,,проверить,"«Г.» — вероятно, Галина Александрова, дочь Татьяны Александровой, писавшая продолжения о Кузьке; сверить с книгой.",https://nancykhacha.github.io/knigi/kniga/kak-kuzka-domovyat-pomiril/
kak-vorchlivyy-barsuk-polyubil-novyy-god,Как ворчливый барсук полюбил Новый год,Брайт Пол,Пол Брайт,,,,,исправлено,В данных фамилия стоит перед именем.,https://nancykhacha.github.io/knigi/kniga/kak-vorchlivyy-barsuk-polyubil-novyy-god/
kanikuly-u-dinozavrov-dinozavry-u-babushki-v-sadu,Каникулы у динозавров. Динозавры у бабушки в саду,Иле Йорг,Йорг Иле,,,,,исправлено,Фамилия стоит перед именем; Йорг Иле — соавтор серии о динозаврах у бабушки.,https://nancykhacha.github.io/knigi/kniga/kanikuly-u-dinozavrov-dinozavry-u-babushki-v-sadu/
kapriya-tayna-klyucha,Каприя. Тайна ключа,Мартина Д`Антиокия,Мартина Д’Антиокия,,,,,исправлено,Вместо апострофа в фамилии стоял обратный штрих.,https://nancykhacha.github.io/knigi/kniga/kapriya-tayna-klyucha/
karlhen-igraet-v-futbol,Карлхен играет в футбол,Бернер Ротраут Сюзанне,Ротраут Сюзанне Бернер,,,,,исправлено,Имя и фамилия переставлены; в аннотациях серии — Ротраут Сюзанне Бернер.,https://nancykhacha.github.io/knigi/kniga/karlhen-igraet-v-futbol/
karlhen-rastet,Карлхен растёт,Бернер Ротраут Сюзанне,Ротраут Сюзанне Бернер,,,,,исправлено,Имя и фамилия переставлены; в аннотациях серии — Ротраут Сюзанне Бернер.,https://nancykhacha.github.io/knigi/kniga/karlhen-rastet/
kashtanka-i-drugie-rasskazy-vneklassnoe-chtenie,Каштанка и другие рассказы,Екатерина Скворцова,Антон Чехов,Екатерина Скворцова,,,,исправлено,"Екатерина Скворцова (kaskva) — автор иллюстрации на обложке, рассказы написал Чехов.",https://nancykhacha.github.io/knigi/kniga/kashtanka-i-drugie-rasskazy-vneklassnoe-chtenie/
kelpurniya-graficheskiy-roman,Кэлпурния. Графический роман,Жаклин Келли; Дафне Коллиньон,Жаклин Келли,Дафне Коллиньон,,,,исправлено,Дафне Коллиньон — художница графической версии романа Жаклин Келли (по аннотации).,https://nancykhacha.github.io/knigi/kniga/kelpurniya-graficheskiy-roman/
kniga-dlya-chteniya-detyam-do-treh-let,Книга для чтения детям до трех лет,Юрий Кравец,Сборник,Юрий Кравец,,,,проверить,"Хрестоматия стихов, потешек и сказок разных авторов; Юрий Кравец, вероятно, художник — сверить.",https://nancykhacha.github.io/knigi/kniga/kniga-dlya-chteniya-detyam-do-treh-let/
knizhki-kartinki-begemotik-zlitsya,Книжки-картинки. Бегемотик злится,Кэри Джемма,Джемма Кэри,,,,,исправлено,В данных фамилия стоит перед именем.,https://nancykhacha.github.io/knigi/kniga/knizhki-kartinki-begemotik-zlitsya/
knizhki-kartinki-buka-i-schenok-perepoloh-v-sobachey-shkole,Книжки-картинки. Бука и щенок. Переполох в собачьей школе,Сальзано Тамми,Тамми Сальзано,,,,,исправлено,В данных фамилия стоит перед именем.,https://nancykhacha.github.io/knigi/kniga/knizhki-kartinki-buka-i-schenok-perepoloh-v-sobachey-shkole/
knizhki-kartinki-chernichka-i-festival-fonarikov,Книжки-картинки. Черничка и фестиваль фонариков,Кампелло Джудитта,Джудитта Кампелло,,,,,исправлено,В данных фамилия стоит перед именем.,https://nancykhacha.github.io/knigi/kniga/knizhki-kartinki-chernichka-i-festival-fonarikov/
knizhki-kartinki-chudesa-pod-novyy-god,Книжки-картинки. Чудеса под Новый год,Пауэлл-Так Моди,Моди Пауэлл-Так,,,,,исправлено,В данных фамилия стоит перед именем.,https://nancykhacha.github.io/knigi/kniga/knizhki-kartinki-chudesa-pod-novyy-god/
knizhki-kartinki-davay-na-spor,Книжки-картинки. Давай на спор!,Браузе Каталина,Каталина Браузе,,,,,исправлено,В данных фамилия стоит перед именем.,https://nancykhacha.github.io/knigi/kniga/knizhki-kartinki-davay-na-spor/
knizhki-kartinki-dom-gde-zhivut-knigi,"Книжки-картинки. Дом, где живут книги",Бишоп Поппи,Поппи Бишоп,,,,,исправлено,В данных фамилия стоит перед именем.,https://nancykhacha.github.io/knigi/kniga/knizhki-kartinki-dom-gde-zhivut-knigi/
knizhki-kartinki-emma-i-kot-istoriya-odnoy-druzhby,Книжки-картинки. Эмма и кот. История одной дружбы,Кросби-Фейролл Марджори,Марджори Кросби-Фейролл,,,,,исправлено,"В данных порядок «Фамилия Имя», исправлен на «Имя Фамилия».",https://nancykhacha.github.io/knigi/kniga/knizhki-kartinki-emma-i-kot-istoriya-odnoy-druzhby/
knizhki-kartinki-eto-moe,Книжки-картинки. Это моё!,Кордейрой Трейси,Трейси Кордерой,,,,,исправлено,Фамилия с опечаткой и перед именем; так автор записана в других ее книгах каталога.,https://nancykhacha.github.io/knigi/kniga/knizhki-kartinki-eto-moe/
knizhki-kartinki-etti-petti-i-uyutnyy-besporyadok,Книжки-картинки. Этти Петти и уютный беспорядок,Леменкюлер Лисса,Лисса Леменкюлер,,,,,исправлено,Порядок «Фамилия Имя» исправлен; в аннотации — «писательница Лисса Леменкюлер».,https://nancykhacha.github.io/knigi/kniga/knizhki-kartinki-etti-petti-i-uyutnyy-besporyadok/
knizhki-kartinki-kak-medved-i-svinka-podruzhilis,Книжки-картинки. Как Медведь и Свинка подружились,Мерсмейер Улла,Улла Мерсмейер,,,,,исправлено,В данных фамилия стоит перед именем.,https://nancykhacha.github.io/knigi/kniga/knizhki-kartinki-kak-medved-i-svinka-podruzhilis/
knizhki-kartinki-kak-medved-i-svinka-uchilis-delitsya,Книжки-картинки. Как Медведь и Свинка учились делиться,Мерсмейер Улла,Улла Мерсмейер,,,,,исправлено,В данных фамилия стоит перед именем.,https://nancykhacha.github.io/knigi/kniga/knizhki-kartinki-kak-medved-i-svinka-uchilis-delitsya/
knizhki-kartinki-kak-medvezhonok-i-ego-druzya-nauchilis-miritsya,Книжки-картинки. Как медвежонок и его друзья научились мириться,Джонс Стелла Дж.,Стелла Дж. Джонс,,,,,исправлено,В данных фамилия стоит перед именем.,https://nancykhacha.github.io/knigi/kniga/knizhki-kartinki-kak-medvezhonok-i-ego-druzya-nauchilis-miritsya/
knizhki-kartinki-kak-mishka-vstrechal-novyy-god,Книжки-картинки. Как мишка встречал Новый год,Ауэр Маргит,Маргит Ауэр,,,,,исправлено,В данных фамилия стоит перед именем.,https://nancykhacha.github.io/knigi/kniga/knizhki-kartinki-kak-mishka-vstrechal-novyy-god/
knizhki-kartinki-kak-tyapa-i-lyapa-vstrechali-novyy-god,Книжки-картинки. Как Тяпа и Ляпа встречали Новый год,Нойдерт Цее,Цее Нойдерт,,,,,исправлено,В данных фамилия стоит перед именем.,https://nancykhacha.github.io/knigi/kniga/knizhki-kartinki-kak-tyapa-i-lyapa-vstrechali-novyy-god/
knizhki-kartinki-kogda-zakonchitsya-dozhd,Книжки-картинки. Когда закончится дождь,Харт Оуэн,Оуэн Харт,,,,,исправлено,В данных фамилия стоит перед именем.,https://nancykhacha.github.io/knigi/kniga/knizhki-kartinki-kogda-zakonchitsya-dozhd/
knizhki-kartinki-kto-takoy-opossum,Книжки-картинки. Кто такой опоссум?,Больманн Сабина,Сабина Больманн,,,,,исправлено,"В данных порядок «Фамилия Имя», исправлен на «Имя Фамилия».",https://nancykhacha.github.io/knigi/kniga/knizhki-kartinki-kto-takoy-opossum/
knizhki-kartinki-luchshaya-skazka-na-noch-dlya-zaychonka,Книжки-картинки. Лучшая сказка на ночь для Зайчонка,Кордерой Трейси,Трейси Кордерой,,,,,исправлено,В данных фамилия стоит перед именем.,https://nancykhacha.github.io/knigi/kniga/knizhki-kartinki-luchshaya-skazka-na-noch-dlya-zaychonka/
knizhki-kartinki-luchshiy-podarok-na-svete,Книжки-картинки. Лучший подарок на свете,Джонс Стелла Дж.,Стелла Дж. Джонс,,,,,исправлено,В данных фамилия стоит перед именем.,https://nancykhacha.github.io/knigi/kniga/knizhki-kartinki-luchshiy-podarok-na-svete/
knizhki-kartinki-lyublyu-tebya-do-luny-i-obratno,Книжки-картинки. Люблю тебя до Луны и обратно,Хепворт Амелия,Амелия Хепворт,,,,,исправлено,В данных фамилия стоит перед именем.,https://nancykhacha.github.io/knigi/kniga/knizhki-kartinki-lyublyu-tebya-do-luny-i-obratno/
knizhki-kartinki-moy-dedushka-luchshiy-v-mire,Книжки-картинки. Мой дедушка лучший в мире,Риччи Элисон,Элисон Риччи,,,,,исправлено,"В данных порядок «Фамилия Имя», исправлен на «Имя Фамилия».",https://nancykhacha.github.io/knigi/kniga/knizhki-kartinki-moy-dedushka-luchshiy-v-mire/
knizhki-kartinki-moy-lyubimyy-medvezhonok,Книжки-картинки. Мой любимый медвежонок,МакГи Марни,Марни МакГи,,,,,исправлено,В данных фамилия стоит перед именем.,https://nancykhacha.github.io/knigi/kniga/knizhki-kartinki-moy-lyubimyy-medvezhonok/
knizhki-kartinki-moy-papa-luchshiy-v-mire,Книжки-картинки. Мой папа лучший в мире,Риччи Элисон,Элисон Риччи,,,,,исправлено,"В данных порядок «Фамилия Имя», исправлен на «Имя Фамилия».",https://nancykhacha.github.io/knigi/kniga/knizhki-kartinki-moy-papa-luchshiy-v-mire/
knizhki-kartinki-moya-babushka-luchshaya-v-mire,Книжки-картинки. Моя бабушка лучшая в мире,Риччи Элисон,Элисон Риччи,,,,,исправлено,"В данных порядок «Фамилия Имя», исправлен на «Имя Фамилия».",https://nancykhacha.github.io/knigi/kniga/knizhki-kartinki-moya-babushka-luchshaya-v-mire/
knizhki-kartinki-moya-lyubov-k-tebe-beskonechna,Книжки-картинки. Моя любовь к тебе бесконечна,Хепворт Амелия,Амелия Хепворт,,,,,исправлено,В данных фамилия стоит перед именем.,https://nancykhacha.github.io/knigi/kniga/knizhki-kartinki-moya-lyubov-k-tebe-beskonechna/
knizhki-kartinki-moya-mama-luchshaya-v-mire,Книжки-картинки. Моя мама лучшая в мире,Риччи Элисон,Элисон Риччи,,,,,исправлено,"В данных порядок «Фамилия Имя», исправлен на «Имя Фамилия».",https://nancykhacha.github.io/knigi/kniga/knizhki-kartinki-moya-mama-luchshaya-v-mire/
knizhki-kartinki-myagkaya-oblozhka-buka-i-schenok,Книжки-картинки (мягкая обложка). Бука и щенок,Сальзано Тамми,Тамми Сальзано,,,,,исправлено,В данных фамилия стоит перед именем.,https://nancykhacha.github.io/knigi/kniga/knizhki-kartinki-myagkaya-oblozhka-buka-i-schenok/
knizhki-kartinki-myagkaya-oblozhka-davay-na-spor,Книжки-картинки (мягкая обложка). Давай на спор!,Браузе Каталина,Каталина Браузе,,,,,исправлено,В данных фамилия стоит перед именем.,https://nancykhacha.github.io/knigi/kniga/knizhki-kartinki-myagkaya-oblozhka-davay-na-spor/
knizhki-kartinki-myagkaya-oblozhka-dom-gde-zhivut-knigi,"Книжки-картинки (мягкая обложка). Дом, где живут книги",Бишоп Поппи,Поппи Бишоп,,,,,исправлено,В данных фамилия стоит перед именем.,https://nancykhacha.github.io/knigi/kniga/knizhki-kartinki-myagkaya-oblozhka-dom-gde-zhivut-knigi/
knizhki-kartinki-myagkaya-oblozhka-kak-medved-i-svinka-podruzhilis,Книжки-картинки (мягкая обложка). Как медведь и свинка подружились,Мерсмейер Улла,Улла Мерсмейер,,,,,исправлено,В данных фамилия стоит перед именем.,https://nancykhacha.github.io/knigi/kniga/knizhki-kartinki-myagkaya-oblozhka-kak-medved-i-svinka-podruzhilis/
knizhki-kartinki-myagkaya-oblozhka-kak-medved-i-svinka-uchilis-delitsya,Книжки-картинки (мягкая обложка). Как медведь и свинка учились делиться,Мерсмейер Улла,Улла Мерсмейер,,,,,исправлено,В данных фамилия стоит перед именем.,https://nancykhacha.github.io/knigi/kniga/knizhki-kartinki-myagkaya-oblozhka-kak-medved-i-svinka-uchilis-delitsya/
knizhki-kartinki-myagkaya-oblozhka-kak-medvezhonok-i-ego-druzya,Книжки-картинки (мягкая обложка). Как медвежонок и его друзья научились мириться,Джонс Стелла Дж.,Стелла Дж. Джонс,,,,,исправлено,В данных фамилия стоит перед именем.,https://nancykhacha.github.io/knigi/kniga/knizhki-kartinki-myagkaya-oblozhka-kak-medvezhonok-i-ego-druzya/
knizhki-kartinki-myagkaya-oblozhka-kak-vorchlivyy-barsuk-polyubil-novyy,Книжки-картинки (мягкая обложка). Как ворчливый барсук полюбил Новый год,Брайт Пол,Пол Брайт,,,,,исправлено,В данных фамилия стоит перед именем.,https://nancykhacha.github.io/knigi/kniga/knizhki-kartinki-myagkaya-oblozhka-kak-vorchlivyy-barsuk-polyubil-novyy/
knizhki-kartinki-myagkaya-oblozhka-luchshaya-skazka-na-noch-dlya,Книжки-картинки (мягкая обложка). Лучшая сказка на ночь для Зайчонка,Кордерой Трейси,Трейси Кордерой,,,,,исправлено,В данных фамилия стоит перед именем.,https://nancykhacha.github.io/knigi/kniga/knizhki-kartinki-myagkaya-oblozhka-luchshaya-skazka-na-noch-dlya/
knizhki-kartinki-myagkaya-oblozhka-ne-hochu-ne-budu-spat,"Книжки-картинки (мягкая обложка). Не хочу, не буду спать",Оттеншлегер Мадлен,Мадлен Оттеншлегер,,,,,исправлено,В данных фамилия стоит перед именем.,https://nancykhacha.github.io/knigi/kniga/knizhki-kartinki-myagkaya-oblozhka-ne-hochu-ne-budu-spat/
knizhki-kartinki-myagkaya-oblozhka-s-novym-godom-malysh-tri-istorii,"Книжки-картинки (мягкая обложка). С Новым годом, малыш! Три истории",Джейн Чапмен,Джейн Чапмен; Пол Брайт,,,,,исправлено,В аннотации: «три волшебные истории Джейн Чапмен и Пола Брайта».,https://nancykhacha.github.io/knigi/kniga/knizhki-kartinki-myagkaya-oblozhka-s-novym-godom-malysh-tri-istorii/
knizhki-kartinki-myagkaya-oblozhka-s-papoy-burya-ne-strashna,Книжки-картинки (мягкая обложка). С папой буря не страшна!,Брайт Пол,Пол Брайт,,,,,исправлено,В данных фамилия стоит перед именем.,https://nancykhacha.github.io/knigi/kniga/knizhki-kartinki-myagkaya-oblozhka-s-papoy-burya-ne-strashna/
knizhki-kartinki-myagkaya-oblozhka-schelkunchik,Книжки-картинки (мягкая обложка). Щелкунчик,Нелли Суслова,Эрнст Теодор Амадей Гофман,,Нелли Суслова,,,проверить,Адаптированный текст по мотивам балета на сюжет Гофмана; Нелли Суслова — автор пересказа.,https://nancykhacha.github.io/knigi/kniga/knizhki-kartinki-myagkaya-oblozhka-schelkunchik/
knizhki-kartinki-myagkaya-oblozhka-slishkom-mnogo-kotov,Книжки-картинки (мягкая обложка). Слишком много котов,Финн Маура,Маура Финн,,,,,исправлено,В данных фамилия стоит перед именем.,https://nancykhacha.github.io/knigi/kniga/knizhki-kartinki-myagkaya-oblozhka-slishkom-mnogo-kotov/
knizhki-kartinki-myagkaya-oblozhka-tolko-ne-sup,Книжки-картинки (мягкая обложка). Только не суп!,Сальзано Тамми,Тамми Сальзано,,,,,исправлено,В данных фамилия стоит перед именем.,https://nancykhacha.github.io/knigi/kniga/knizhki-kartinki-myagkaya-oblozhka-tolko-ne-sup/
knizhki-kartinki-myagkaya-oblozhka-ty-dlya-menya-ves-mir,Книжки-картинки (мягкая обложка). Ты для меня весь мир!,Сальзано Тамми,Тамми Сальзано,,,,,исправлено,В данных фамилия стоит перед именем.,https://nancykhacha.github.io/knigi/kniga/knizhki-kartinki-myagkaya-oblozhka-ty-dlya-menya-ves-mir/
knizhki-kartinki-myagkaya-oblozhka-vedmochka-violetta-shalosti-i,"Книжки-картинки (мягкая обложка). Ведьмочка Виолетта, шалости и заколдованный суп",Розе Барбара,Барбара Розе,,,,,исправлено,В данных фамилия стоит перед именем.,https://nancykhacha.github.io/knigi/kniga/knizhki-kartinki-myagkaya-oblozhka-vedmochka-violetta-shalosti-i/
knizhki-kartinki-myagkaya-oblozhka-zaychonok-hochet-domoy,Книжки-картинки (мягкая обложка). Зайчонок хочет домой,Бэгели Элизабет,Элизабет Бэгели,,,,,исправлено,В данных фамилия стоит перед именем.,https://nancykhacha.github.io/knigi/kniga/knizhki-kartinki-myagkaya-oblozhka-zaychonok-hochet-domoy/
knizhki-kartinki-myagkaya-oblozhka-zima-prishla-malysh-tri-istorii,"Книжки-картинки (мягкая обложка). Зима пришла, малыш! Три истории",Джейн Чапмен,Джейн Чапмен; Пол Брайт; Элизабет Бэгели,,,,,проверить,"Три истории трех авторов (Чапмен, Брайт, Бэгели), Чапмен — художница всех трех; возможно, лучше «Сборник».",https://nancykhacha.github.io/knigi/kniga/knizhki-kartinki-myagkaya-oblozhka-zima-prishla-malysh-tri-istorii/
knizhki-kartinki-ne-hochu-ne-budu-spat,"Книжки-картинки. Не хочу, не буду спать!",Оттеншлегер Мадлен,Мадлен Оттеншлегер,,,,,исправлено,В данных фамилия стоит перед именем.,https://nancykhacha.github.io/knigi/kniga/knizhki-kartinki-ne-hochu-ne-budu-spat/
knizhki-kartinki-noch-pered-rozhdestvom,Книжки-картинки. Ночь перед Рождеством,Стив Ричардсон; Клемент К. Мур,Клемент Кларк Мур,,Стив Ричардсон,,,проверить,"Книга по стихотворению Клемента Кларка Мура; Стив Ричардсон — автор этой версии, роль сверить с выходными данными.",https://nancykhacha.github.io/knigi/kniga/knizhki-kartinki-noch-pered-rozhdestvom/
knizhki-kartinki-novogodnyaya-putanitsa,Книжки-картинки. Новогодняя путаница,Шютц Хочиль А.,Хочиль А. Шютц,,,,,исправлено,"Фамилия стоит перед именем: Хочиль — имя, Шютц — фамилия; написание стоит сверить с обложкой.",https://nancykhacha.github.io/knigi/kniga/knizhki-kartinki-novogodnyaya-putanitsa/
knizhki-kartinki-novyy-dom-na-novyy-god,Книжки-картинки. Новый дом на новый год,Фишер Ульрика,Ульрика Фишер,,,,,исправлено,В данных фамилия стоит перед именем.,https://nancykhacha.github.io/knigi/kniga/knizhki-kartinki-novyy-dom-na-novyy-god/
knizhki-kartinki-obezyanka-grustit,Книжки-картинки. Обезьянка грустит,Кэри Джемма,Джемма Кэри,,,,,исправлено,В данных фамилия стоит перед именем.,https://nancykhacha.github.io/knigi/kniga/knizhki-kartinki-obezyanka-grustit/
knizhki-kartinki-pochitay-so-mnoy-malysh,"Книжки-картинки. Почитай со мной, малыш!",Эмерсон Перри,Перри Эмерсон,,,,,исправлено,В данных фамилия стоит перед именем.,https://nancykhacha.github.io/knigi/kniga/knizhki-kartinki-pochitay-so-mnoy-malysh/
knizhki-kartinki-pora-na-gorshok,Книжки-картинки. Пора на горшок!,Кордерой Трейси,Трейси Кордерой,,,,,исправлено,В данных фамилия стоит перед именем.,https://nancykhacha.github.io/knigi/kniga/knizhki-kartinki-pora-na-gorshok/
knizhki-kartinki-s-novym-godom-malysh-tri-istorii,"Книжки-картинки. С Новым годом, малыш! Три истории",Джейн Чапмен,Джейн Чапмен; Пол Брайт,,,,,исправлено,"Истории сборника написали Джейн Чапмен и Пол Брайт («Как ворчливый барсук…»), как сказано в аннотации издания в мягкой обложке.",https://nancykhacha.github.io/knigi/kniga/knizhki-kartinki-s-novym-godom-malysh-tri-istorii/
knizhki-kartinki-samaya-krasivaya-elka-na-svete,Книжки-картинки. Самая красивая ёлка на свете,Зорзен Сильвен,Сильвен Зорзен,,,,,исправлено,Фамилия стоит перед именем: Сильвен Зорзен — французский детский автор.,https://nancykhacha.github.io/knigi/kniga/knizhki-kartinki-samaya-krasivaya-elka-na-svete/
knizhki-kartinki-samaya-smelaya-kapibara,Книжки-картинки. Самая смелая капибара,Мармон Утиха,Утиха Мармон,,,,,проверить,"Вероятно, обратный порядок, как в других карточках Clever (Uticha Marmon); сверить с обложкой.",https://nancykhacha.github.io/knigi/kniga/knizhki-kartinki-samaya-smelaya-kapibara/
knizhki-kartinki-schelkunchik,Книжки-картинки. Щелкунчик,Нелли Суслова,Эрнст Теодор Амадей Гофман,,Нелли Суслова,,,проверить,Адаптированный текст по мотивам балета на сюжет Гофмана; Нелли Суслова — автор пересказа.,https://nancykhacha.github.io/knigi/kniga/knizhki-kartinki-schelkunchik/
knizhki-kartinki-sladkih-snov-moy-malysh,"Книжки-картинки. Сладких снов, мой малыш!",Джордан-Лейк Джой,Джой Джордан-Лейк,,,,,исправлено,"В данных порядок «Фамилия Имя», исправлен на «Имя Фамилия».",https://nancykhacha.github.io/knigi/kniga/knizhki-kartinki-sladkih-snov-moy-malysh/
knizhki-kartinki-slishkom-mnogo-kotov,Книжки-картинки. Слишком много котов,Финн Маура,Маура Финн,,,,,исправлено,В данных фамилия стоит перед именем.,https://nancykhacha.github.io/knigi/kniga/knizhki-kartinki-slishkom-mnogo-kotov/
knizhki-kartinki-slishkom-mnogo-sobak,Книжки-картинки. Слишком много собак,Финн Маура,Маура Финн,,,,,исправлено,"В данных порядок «Фамилия Имя», исправлен на «Имя Фамилия».",https://nancykhacha.github.io/knigi/kniga/knizhki-kartinki-slishkom-mnogo-sobak/
knizhki-kartinki-sonnyy-avtobus,Книжки-картинки. Сонный автобус,Ньюсон Карл,Карл Ньюсон,,,,,исправлено,"В данных порядок «Фамилия Имя», исправлен на «Имя Фамилия».",https://nancykhacha.github.io/knigi/kniga/knizhki-kartinki-sonnyy-avtobus/
knizhki-kartinki-surikat-uchit-horoshie-manery,Книжки-картинки. Сурикат учит хорошие манеры,Кэри Джемма,Джемма Кэри,,,,,исправлено,В данных фамилия стоит перед именем.,https://nancykhacha.github.io/knigi/kniga/knizhki-kartinki-surikat-uchit-horoshie-manery/
knizhki-kartinki-ty-dlya-menya-ves-mir,Книжки-картинки. Ты для меня весь мир!,Сальзано Тамми,Тамми Сальзано,,,,,исправлено,В данных фамилия стоит перед именем.,https://nancykhacha.github.io/knigi/kniga/knizhki-kartinki-ty-dlya-menya-ves-mir/
knizhki-kartinki-vedmochka-violetta-shalosti-i-zakoldovannyy-sup,"Книжки-картинки. Ведьмочка Виолетта, шалости и заколдованный суп",Розе Барбара,Барбара Розе,,,,,исправлено,В данных фамилия стоит перед именем.,https://nancykhacha.github.io/knigi/kniga/knizhki-kartinki-vedmochka-violetta-shalosti-i-zakoldovannyy-sup/
knizhki-kartinki-vorchlivyy-medved-i-novyy-god,Книжки-картинки. Ворчливый медведь и Новый год,Маудер Катарина,Катарина Маудер,,,,,исправлено,В данных фамилия стоит перед именем.,https://nancykhacha.github.io/knigi/kniga/knizhki-kartinki-vorchlivyy-medved-i-novyy-god/
knizhki-kartinki-vot-ty-kakoy-novyy-god,"Книжки-картинки. Вот ты какой, Новый год!",Хау Керстин,Керстин Хау,,,,,исправлено,В данных фамилия стоит перед именем.,https://nancykhacha.github.io/knigi/kniga/knizhki-kartinki-vot-ty-kakoy-novyy-god/
knizhki-kartinki-ya-lyublyu-tebya-bolshe-chem-novyy-god,"Книжки-картинки. Я люблю тебя больше, чем Новый год",Хэтти Элли,Элли Хэтти,,,,,исправлено,В данных фамилия стоит перед именем.,https://nancykhacha.github.io/knigi/kniga/knizhki-kartinki-ya-lyublyu-tebya-bolshe-chem-novyy-god/
knizhki-kartinki-ya-uzhe-bolshaya,Книжки-картинки. Я уже большая!,Стигалл Хезер Пирс,Хезер Пирс Стигалл,,,,,исправлено,В данных фамилия стоит перед именем.,https://nancykhacha.github.io/knigi/kniga/knizhki-kartinki-ya-uzhe-bolshaya/
knizhki-kartinki-ya-vsegda-budu-ryadom-s-toboy,Книжки-картинки. Я всегда буду рядом с тобой,Конрой Келли,Келли Конрой,,,,,исправлено,"В данных порядок «Фамилия Имя», исправлен на «Имя Фамилия».",https://nancykhacha.github.io/knigi/kniga/knizhki-kartinki-ya-vsegda-budu-ryadom-s-toboy/
knizhki-kartinki-yarche-zvezd-moya-lyubov,Книжки-картинки. Ярче звезд моя любовь,Харт Оуэн,Оуэн Харт,,,,,исправлено,В данных фамилия стоит перед именем.,https://nancykhacha.github.io/knigi/kniga/knizhki-kartinki-yarche-zvezd-moya-lyubov/
knizhki-kartinki-zima-prishla-malysh-tri-istorii,"Книжки-картинки. Зима пришла, малыш! Три истории",Джейн Чапмен,Джейн Чапмен; Пол Брайт; Элизабет Бэгели,,,,,проверить,"Три истории трех авторов (Чапмен, Брайт, Бэгели), Чапмен — художница всех трех; возможно, лучше «Сборник».",https://nancykhacha.github.io/knigi/kniga/knizhki-kartinki-zima-prishla-malysh-tri-istorii/
knizhki-kartonki-zima-v-lesu,Книжки-картонки. Зима в лесу,Липпа Хенрике; Штаар Катарина,Хенрике Липпа,Катарина Штаар,,,,исправлено,"Фамилии стояли перед именами; по данным Oetinger текст написала Хенрике Липпа, рисовала Катарина Штаар.",https://nancykhacha.github.io/knigi/kniga/knizhki-kartonki-zima-v-lesu/
kolobok,Колобок,Константин Ушинский; Екатерина Полторак,Русская народная сказка,Екатерина Полторак,Константин Ушинский,,,исправлено,Народная сказка в обработке Константина Ушинского; Екатерина Полторак — художница издания.,https://nancykhacha.github.io/knigi/kniga/kolobok/
kolobok-skazka,Колобок,Русская народная сказка,Русская народная сказка,,,,,исправлено,"В каталоге стоит «Народная сказка» — уточнено, что сказка русская.",https://nancykhacha.github.io/knigi/kniga/kolobok-skazka/
kolya-nichego-ne-boitsya,Коля ничего не боится,Валя Филиппенко; Евдокия До,Валя Филиппенко,Евдокия До,,,,проверить,"Валя Филиппенко — писательница, Евдокия До, вероятно, иллюстратор.",https://nancykhacha.github.io/knigi/kniga/kolya-nichego-ne-boitsya/
komiks-sestry-kolduni-magiya-prevrascheniya,Комикс. Сёстры-колдуньи. Магия превращения,Пико Том,Том Пико,,,,,исправлено,Фамилия стоит перед именем: Том (Thom) Пико — французский автор комикса.,https://nancykhacha.github.io/knigi/kniga/komiks-sestry-kolduni-magiya-prevrascheniya/
konni-i-luchshaya-sobaka-ischeyka,Конни и лучшая собака-ищейка,Юлия Бёме; Хердис Альбрехт,Юлия Бёме,Хердис Альбрехт,,,,проверить,"Хердис Альбрехт, вероятно, иллюстратор серии о Конни, автор текста — Юлия Бёме.",https://nancykhacha.github.io/knigi/kniga/konni-i-luchshaya-sobaka-ischeyka/
konni-i-poezdka-na-more,Конни и поездка на море,Юлия Бёме; Хердис Альбрехт,Юлия Бёме,Хердис Альбрехт,,,,проверить,"Хердис Альбрехт, вероятно, иллюстратор серии о Конни, автор текста — Юлия Бёме.",https://nancykhacha.github.io/knigi/kniga/konni-i-poezdka-na-more/
konni-i-spasenie-dikih-loshadey,Конни и спасение диких лошадей,Юлия Бёме; Хердис Альбрехт,Юлия Бёме,Хердис Альбрехт,,,,проверить,"Хердис Альбрехт, вероятно, иллюстратор серии о Конни, автор текста — Юлия Бёме.",https://nancykhacha.github.io/knigi/kniga/konni-i-spasenie-dikih-loshadey/
korabl-noya,Корабль Ноя,Салли Альтшулер; Свен Нурдквист,Салли Альтшулер,Свен Нурдквист,,,,исправлено,"Свен Нурдквист — иллюстратор, автор текста — Салли Альтшулер.",https://nancykhacha.github.io/knigi/kniga/korabl-noya/
kot-v-sapogah,Кот в сапогах,Н. И. Котятова; Т. В. Баринова,Шарль Перро,,Н. И. Котятова,,,проверить,"Сказку написал Шарль Перро; Котятова, вероятно, автор пересказа, роль Т. В. Бариновой не установлена — сверить с книгой.",https://nancykhacha.github.io/knigi/kniga/kot-v-sapogah/
kotenok-shmyak-i-zagadochnoe-zernyshko,Котенок Шмяк и загадочное зернышко,Брайт Пол,Роб Скоттон,,,,,исправлено,Пол Брайт к серии о Шмяке отношения не имеет; в издании с наклейками и в аннотациях серии автор — Роб Скоттон.,https://nancykhacha.github.io/knigi/kniga/kotenok-shmyak-i-zagadochnoe-zernyshko/
kotofey-ivanovich,Котофей Иванович,Виктор Чайчук; Алиса Чайчук; Сергей Кузьмин,Русские народные сказки,,Виктор Чайчук; Алиса Чайчук,,,проверить,По аннотации это пять русских народных сказок в адаптации; роли Виктора и Алисы Чайчук и Сергея Кузьмина сверить.,https://nancykhacha.github.io/knigi/kniga/kotofey-ivanovich/
krokodilovy-slezy,Крокодиловы слёзы,Де Лаиглесия Хуан Антонио,Хуан Антонио де Лаиглесия,,,,,исправлено,"Имя и фамилия переставлены, частица «де» стоит перед фамилией.",https://nancykhacha.github.io/knigi/kniga/krokodilovy-slezy/
krolik-i-vesnushka,Кролик и Веснушка,Кo Окада,Ко Окада,,,,,исправлено,В имени латинская «o» заменена на кириллическую «о».,https://nancykhacha.github.io/knigi/kniga/krolik-i-vesnushka/
krolik-piter-hvostpomponom-medved-tom-naprolom,Кролик Питер Хвостпомпоном. Медведь Том Напролом,Бёрджесс У. Торнтон,Торнтон Бёрджесс,,,,,исправлено,Имя и фамилия были перепутаны: автор — Торнтон Бёрджесс.,https://nancykhacha.github.io/knigi/kniga/krolik-piter-hvostpomponom-medved-tom-naprolom/
kum-korolyu,Кум Королю,Станислав Востоков; Вера Цепилова,Станислав Востоков,Вера Цепилова,,,,исправлено,"Вера Цепилова — иллюстратор, автор текста — Станислав Востоков (по аннотации).",https://nancykhacha.github.io/knigi/kniga/kum-korolyu/
kurochka-ryaba-skazka-panoramka,Курочка Ряба. Сказка-панорамка,Константин Ушинский,Русская народная сказка,,Константин Ушинский,,,исправлено,"Это народная сказка, Ушинский — ее обработчик.",https://nancykhacha.github.io/knigi/kniga/kurochka-ryaba-skazka-panoramka/
ledentsovaya-banda-ischet-priklyucheniy,Леденцовая банда ищет приключений,Шарлотта Инден; Сюзанна Гёлих,Шарлотта Инден,Сюзанна Гёлих,,,,исправлено,"По аннотации серии автор — Шарлотта Инден, иллюстрации — Сюзанны Гёлих.",https://nancykhacha.github.io/knigi/kniga/ledentsovaya-banda-ischet-priklyucheniy/
ledentsovaya-banda-lovit-vora,Леденцовая банда ловит вора,Шарлотта Инден; Сюзанна Гёлих,Шарлотта Инден,Сюзанна Гёлих,,,,исправлено,"По аннотации серии автор — Шарлотта Инден, иллюстрации — Сюзанны Гёлих.",https://nancykhacha.github.io/knigi/kniga/ledentsovaya-banda-lovit-vora/
ledentsovaya-banda-ukroschaet-drakona,Леденцовая банда укрощает дракона,Шарлотта Инден; Сюзанна Гёлих,Шарлотта Инден,Сюзанна Гёлих,,,,исправлено,"По аннотации серии автор — Шарлотта Инден, иллюстрации — Сюзанны Гёлих.",https://nancykhacha.github.io/knigi/kniga/ledentsovaya-banda-ukroschaet-drakona/
ledi-detektiv-mod-uest-zagadochnoe-delo-lorda-kreygberi,Леди-детектив Мод Уэст. Загадочное дело лорда Крейгбери,Финч Макс,Макс Финч,,,,,исправлено,Макс Финч — псевдоним итальянских авторов серии (совпадает с именем рассказчика); исправлен обратный порядок.,https://nancykhacha.github.io/knigi/kniga/ledi-detektiv-mod-uest-zagadochnoe-delo-lorda-kreygberi/
legendy-byli-i-skazki-kryma-dlya-detey,"Легенды, были и сказки Крыма для детей",Е. В. Белоусов,Сборник,,,Е. В. Белоусов,,исправлено,"Сборник легенд и сказок Крыма, Е. В. Белоусов — составитель (по аннотации).",https://nancykhacha.github.io/knigi/kniga/legendy-byli-i-skazki-kryma-dlya-detey/
legendy-srednevekovya,Легенды Средневековья,Н. Гарская,Средневековые легенды,,Н. Гарская,,,проверить,"По аннотации это пересказ средневековых легенд, Н. Гарская — пересказчик; сверить формат.",https://nancykhacha.github.io/knigi/kniga/legendy-srednevekovya/
lesnaya-brigada-shvatka-s-ognem,Лесная бригада. Схватка с огнём,Вальдер Ванесса,Ванесса Вальдер,,,,,исправлено,"В данных порядок «Фамилия Имя», исправлен на «Имя Фамилия».",https://nancykhacha.github.io/knigi/kniga/lesnaya-brigada-shvatka-s-ognem/
lesnoy-kolobok,Лесной колобок,Виталий Бянки,Виталий Бианки,,,,,исправлено,Опечатка в фамилии: правильно «Бианки».,https://nancykhacha.github.io/knigi/kniga/lesnoy-kolobok/
lesnoy-perepoloh,Лесной переполох,Е. Н. Агинская,Русские народные сказки,,Е. Н. Агинская,,,проверить,"Это адаптированные русские народные сказки, Е. Н. Агинская, вероятно, автор адаптации — сверить.",https://nancykhacha.github.io/knigi/kniga/lesnoy-perepoloh/
letnee-priklyuchenie-v-lukomore,Летнее приключение в Лукоморье,Попова Галина,Галина Попова,,,,,исправлено,"В данных порядок «Фамилия Имя», исправлен на «Имя Фамилия».",https://nancykhacha.github.io/knigi/kniga/letnee-priklyuchenie-v-lukomore/
lis-i-zayka,Лис и Зайка,Хейде Сильвия Ванден,Сильвия ванден Хейде,,,,,исправлено,Имя и фамилия переставлены.,https://nancykhacha.github.io/knigi/kniga/lis-i-zayka/
lis-i-zayka-na-ostrove,Лис и Зайка на острове,Хейде Сильвия Ванден,Сильвия ванден Хейде,,,,,исправлено,Имя и фамилия переставлены.,https://nancykhacha.github.io/knigi/kniga/lis-i-zayka-na-ostrove/
lotti-i-otto-istoriya-dlya-malchishek-i-devchonok,Лотти и Отто. История для мальчишек и девчонок,Ульмен-Фернандес Колльен,Колльен Ульмен-Фернандес,,,,,исправлено,В данных фамилия стоит перед именем.,https://nancykhacha.github.io/knigi/kniga/lotti-i-otto-istoriya-dlya-malchishek-i-devchonok/
lovtsy-monstrov-prizrak-mrachnogo-doma,Ловцы монстров. Призрак Мрачного дома,Риччи Алессандро,Алессандро Риччи,,,,,исправлено,"В данных порядок «Фамилия Имя», исправлен на «Имя Фамилия».",https://nancykhacha.github.io/knigi/kniga/lovtsy-monstrov-prizrak-mrachnogo-doma/
luchshie-skazki-na-noch,Лучшие сказки на ночь,Л. Сидорова,Сборник,,,Л. Сидорова,,проверить,"Похоже на сборник сказок разных авторов, Л. Сидорова — вероятно, составитель; сверить с книгой.",https://nancykhacha.github.io/knigi/kniga/luchshie-skazki-na-noch/
lui-sredi-prizrakov,Луи среди призраков,Изабель Арсено; Фанни Бритт,Фанни Бритт,Изабель Арсено,,,,исправлено,"Фанни Бритт — автор текста, Изабель Арсено — художница графического романа.",https://nancykhacha.github.io/knigi/kniga/lui-sredi-prizrakov/
luntik-vozvraschenie-domoy,Лунтик. Возвращение домой,Пронкевич А.А.,А. А. Пронкевич,,,,,исправлено,Приведено к виду «И. О. Фамилия»; полное имя в данных не указано.,https://nancykhacha.github.io/knigi/kniga/luntik-vozvraschenie-domoy/
lyubimye-skazki-bolshaya-kniga-skazok,Любимые сказки. Большая книга сказок,Коллектив авторов; Дженис Эммерсон-Хикс,Сборник,,Дженис Эммерсон-Хикс,,,проверить,"Сказки Гримм, Перро и Андерсена в пересказе; Дженис Эммерсон(-Хикс) — пересказчица детских книг, а не автор сказок.",https://nancykhacha.github.io/knigi/kniga/lyubimye-skazki-bolshaya-kniga-skazok/
lyubimye-skazki-glavnye-skazki-malysha,Любимые сказки. Главные сказки малыша,Константин Ушинский,Народные сказки,,Константин Ушинский,,,проверить,"Сборник народных сказок разных стран: Ушинский обработал только «Репку» и «Курочку Рябу», «Три поросенка» — английская сказка в переводе Д. Жирновой.",https://nancykhacha.github.io/knigi/kniga/lyubimye-skazki-glavnye-skazki-malysha/
lyubimye-skazki-kurochka-ryaba-skazka-igra,Любимые сказки. Курочка Ряба. Сказка-игра,Константин Ушинский,Русская народная сказка,,Константин Ушинский,,,исправлено,"Это народная сказка, Ушинский — ее обработчик.",https://nancykhacha.github.io/knigi/kniga/lyubimye-skazki-kurochka-ryaba-skazka-igra/
lyubimye-skazki-repka-skazka-igra,Любимые сказки. Репка. Сказка-игра,Константин Ушинский,Русская народная сказка,,Константин Ушинский,,,исправлено,Это народная сказка; в серии «Любимые сказки» «Репка» дана в обработке Ушинского (аннотация к «Главным сказкам малыша»).,https://nancykhacha.github.io/knigi/kniga/lyubimye-skazki-repka-skazka-igra/
mafalda-vse-slozhno-ne-po-detski,Мафальда. Всё сложно не по-детски,Ки́но,Кино,,,,,исправлено,Убран знак ударения из псевдонима.,https://nancykhacha.github.io/knigi/kniga/mafalda-vse-slozhno-ne-po-detski/
mafiya-s-podokonnika-2,Мафия с подоконника 2,Ирина Лейк; Ольга Сурина,Ирина Лейк,Ольга Сурина,,,,проверить,"Ирина Лейк — писательница, Ольга Сурина, вероятно, иллюстратор.",https://nancykhacha.github.io/knigi/kniga/mafiya-s-podokonnika-2/
maksi-pes-fik-priklyucheniya-prodolzhayutsya,Макси-пёс Фик. Приключения продолжаются,Рудольф Чехура; Иржи Шаламоун,Рудольф Чехура,Иржи Шаламоун,,,,исправлено,"Иржи Шаламоун — иллюстратор книг о макси-псе Фике, текст Рудольфа Чехуры.",https://nancykhacha.github.io/knigi/kniga/maksi-pes-fik-priklyucheniya-prodolzhayutsya/
malchiki-proslavivshie-rossiyu,"Мальчики, прославившие Россию",Артёмова Н.В.; Артёмова О.В.,Н. В. Артёмова; О. В. Артёмова,,,,,исправлено,Приведено к виду «И. О. Фамилия»; полные имена в данных не указаны.,https://nancykhacha.github.io/knigi/kniga/malchiki-proslavivshie-rossiyu/
malenkiy-domik-v-bolshih-lesah,Маленький домик в Больших Лесах,Инглз Уайлдер Лора,Лора Инглз Уайлдер,,,,,исправлено,Имя и фамилия переставлены; в аннотации — Лора Инглз Уайлдер.,https://nancykhacha.github.io/knigi/kniga/malenkiy-domik-v-bolshih-lesah/
malenkiy-domik-v-prerii,Маленький домик в прерии,Инглз Уайлдер Лора,Лора Инглз Уайлдер,,,,,исправлено,Имя и фамилия переставлены; в аннотации — Лора Инглз Уайлдер.,https://nancykhacha.github.io/knigi/kniga/malenkiy-domik-v-prerii/
malenkiy-duh-schastya,Маленький дух счастья,Чжан Юэ (Zhang Yue),Чжан Юэ,,,,,исправлено,Убрано дублирующее латинское написание в скобках.,https://nancykhacha.github.io/knigi/kniga/malenkiy-duh-schastya/
malenkiy-fermer,Маленький фермер,Инглз Уайлдер Лора,Лора Инглз Уайлдер,,,,,исправлено,Имя и фамилия переставлены; в аннотации — Лора Инглз Уайлдер.,https://nancykhacha.github.io/knigi/kniga/malenkiy-fermer/
malyutka-kolpachok-i-narodets-iz-pod-holma,Малютка Колпачок и Народец-из-под-Холма,Григорий Кружков,Сборник,,Григорий Кружков,Григорий Кружков,,исправлено,Сборник народных британских сказок и двух сказок Эдит Несбит; Кружков — составитель и пересказчик.,https://nancykhacha.github.io/knigi/kniga/malyutka-kolpachok-i-narodets-iz-pod-holma/
malyutka-laban-priklyucheniya-v-zamke,Малютка Лабан. Приключения в замке,Ингер; Лассе Сандберг,Ингер Сандберг; Лассе Сандберг,,,,,исправлено,Имя «Ингер» записано без фамилии: книги о Лабане — Ингер и Лассе Сандберг.,https://nancykhacha.github.io/knigi/kniga/malyutka-laban-priklyucheniya-v-zamke/
mama-mu-i-snegokat,Мама Му и снегокат,Юя; Томас Висландер; Свен Нурдквист,Юя Висландер; Томас Висландер,Свен Нурдквист,,,,исправлено,"Текст написали Юя и Томас Висландер, Свен Нурдквист — иллюстратор.",https://nancykhacha.github.io/knigi/kniga/mama-mu-i-snegokat/
mama-mu-poranilas,Мама Му поранилась,Юя Висландер; Свен Нурдквист,Юя Висландер,Свен Нурдквист,,,,исправлено,"Свен Нурдквист — иллюстратор, а не соавтор текста.",https://nancykhacha.github.io/knigi/kniga/mama-mu-poranilas/
mamasha-dalton,Мамаша Далтон,Рене Госинни,Моррис; Рене Госинни,,,,,проверить,"Комикс создан художником Моррисом и сценаристом Рене Госинни — указать обоих, сверить формат с редакцией.",https://nancykhacha.github.io/knigi/kniga/mamasha-dalton/
matilde,Матильде,Арройо Карола Мартинес,Карола Мартинес Арройо,,,,,исправлено,Имя и фамилия переставлены.,https://nancykhacha.github.io/knigi/kniga/matilde/
medved-hochet-rasskazat-istoriyu,Медведь хочет рассказать историю,Филип К. Стед,Филип Стед,,,,,исправлено,Единое написание с другими книгами автора.,https://nancykhacha.github.io/knigi/kniga/medved-hochet-rasskazat-istoriyu/
mify-drevnego-kazahstana,Мифы Древнего Казахстана,Орынбай Жанайдаров,Мифы народов Казахстана,,Орынбай Жанайдаров,,,проверить,"По аннотации это пересказ древних мифов, Орынбай Жанайдаров — автор пересказа; сверить формат.",https://nancykhacha.github.io/knigi/kniga/mify-drevnego-kazahstana/
missiya-halat-istoriya-lennarda,Миссия «Халат» (история Леннарда),Даниэль Блекманн; Томас Гуссунг,Даниэль Блекманн,Томас Гуссунг,,,,проверить,"По аннотации книга «от иллюстратора „Маленькой злой книги“» Томаса Гуссунга; в серии он художник, автор текста — Блекманн.",https://nancykhacha.github.io/knigi/kniga/missiya-halat-istoriya-lennarda/
missiya-troyanskiy-kon,Миссия «Троянский конь»,Пьер Жемм; Матильда Рюо,Пьер Жемм,Матильда Рюо,,,,проверить,"Матильда Рюо, вероятно, иллюстратор серии, автор текста — Пьер Жемм.",https://nancykhacha.github.io/knigi/kniga/missiya-troyanskiy-kon/
miyuki-postoy,"Миюки, постой!",Сандра Дикманн,Роксан Мари Гальез,Сенг Соун Ратанаван,,,,проверить,"Книги о Миюки написала Роксан Мари Гальез, нарисовала Сенг Соун Ратанаван; русское написание сверить с изданием.",https://nancykhacha.github.io/knigi/kniga/miyuki-postoy/
molli-i-shtormovoe-more,Молли и штормовое море,Дойл Малахия,Малахия Дойл,,,,,исправлено,"В данных порядок «Фамилия Имя», исправлен на «Имя Фамилия».",https://nancykhacha.github.io/knigi/kniga/molli-i-shtormovoe-more/
moy-drug-otto,Мой друг Отто,Ламбек Зильке,Зильке Ламбек,,,,,исправлено,Имя и фамилия переставлены.,https://nancykhacha.github.io/knigi/kniga/moy-drug-otto/
moya-bolshaya,Моя большая,Сибий Делакруа,Сибиль Делакруа,,,,,проверить,"Вероятно, Sibylle Delacroix; написание «Сибий» сверить с обложкой.",https://nancykhacha.github.io/knigi/kniga/moya-bolshaya/
my-vstrechaem-novyi-god,Мы встречаем Новый год!,Илья Савченко,Сборник,,,,,проверить,Сборник новогодних стихов и историй разных авторов; роль Ильи Савченко (составитель или художник) не установлена — сверить.,https://nancykhacha.github.io/knigi/kniga/my-vstrechaem-novyi-god/
myshinaya-kniga,Мышиная книга,Стефан Каста; Стаффан Ульстрём,Стефан Каста,Стаффан Ульстрём,,,,исправлено,"Стефан Каста — автор текста, Стаффан Ульстрём — шведский художник-анималист, иллюстратор.",https://nancykhacha.github.io/knigi/kniga/myshinaya-kniga/
na-beregu-tenistogo-ruchya,На берегу Тенистого Ручья,Инглз Уайлдер Лора,Лора Инглз Уайлдер,,,,,исправлено,Имя и фамилия переставлены; в аннотации — Лора Инглз Уайлдер.,https://nancykhacha.github.io/knigi/kniga/na-beregu-tenistogo-ruchya/
na-sluzhbe-u-ee-velichestva-smerti,На службе у Ее Величества Смерти,Эрвьё Жюльен,Жюльен Эрвьё,,,,,исправлено,Имя и фамилия переставлены.,https://nancykhacha.github.io/knigi/kniga/na-sluzhbe-u-ee-velichestva-smerti/
nedopesok,Недопесок,Юрий Коваль; Илья Бернштейн; Р. Лейбов; О. А. Лекманов; Евгения Двоскина,Юрий Коваль,,,,,исправлено,"Автор повести — Юрий Коваль, остальные в поле — издатель и комментаторы издания.",https://nancykhacha.github.io/knigi/kniga/nedopesok/
nemetskie-narodnye-skazki,Немецкие народные сказки,Е. Иванова; А. Ратновский,Немецкие народные сказки,,,,,проверить,"Это сборник немецких народных сказок; роли Е. Ивановой и А. Ратновского (перевод, пересказ или иллюстрации) сверить.",https://nancykhacha.github.io/knigi/kniga/nemetskie-narodnye-skazki/
nerealnye-kanikuly-3,Нереальные каникулы (# 3),Даниэль Блекманн; Томас Гуссунг,Даниэль Блекманн,Томас Гуссунг,,,,исправлено,Аннотация: художник книги — Томас Гуссунг.,https://nancykhacha.github.io/knigi/kniga/nerealnye-kanikuly-3/
neveroyatno-opasnaya-sliz-ledyanye-myshki-sedobnye-kamni-i-esche-95,"Невероятно! Опасная слизь, ледяные мышки, съедобные камни и еще 95 историй о мире вокруг нас",Ася Ванякина; Настя Троян,Ася Ванякина,,,,,проверить,"По аннотации Настя Троян — редактор книги, а не соавтор; сверить с обложкой.",https://nancykhacha.github.io/knigi/kniga/neveroyatno-opasnaya-sliz-ledyanye-myshki-sedobnye-kamni-i-esche-95/
nikogda,Никогда,Арройо Карола Мартинес,Карола Мартинес Арройо,,,,,исправлено,Имя и фамилия переставлены.,https://nancykhacha.github.io/knigi/kniga/nikogda/
novogodnyaya-azbuka,Новогодняя азбука,Ольга Узорова,Ольга Узорова; Елена Нефёдова,,,,,исправлено,В аннотации авторами пособия названы Ольга Узорова и Елена Нефедова.,https://nancykhacha.github.io/knigi/kniga/novogodnyaya-azbuka/
nu-pogodi,"Ну, погоди!",Федор Камов,Феликс Камов,,,,,исправлено,"Ошибка в имени: сценарист «Ну, погоди!» — Феликс Камов.",https://nancykhacha.github.io/knigi/kniga/nu-pogodi/
o-chestnom-vorone-kovarnoy-sove-i-glupom-lise,"О честном вороне, коварной сове и глупом лисе",Эскимосские сказки,Эскимосские народные сказки,,,,,исправлено,По аннотации в книге две эскимосские народные сказки.,https://nancykhacha.github.io/knigi/kniga/o-chestnom-vorone-kovarnoy-sove-i-glupom-lise/
oblachnye-poni-tayna-zacharovannogo-zamka,Облачные пони. Тайна зачарованного замка,Розе Барбара,Барбара Розе,,,,,исправлено,В данных фамилия стоит перед именем.,https://nancykhacha.github.io/knigi/kniga/oblachnye-poni-tayna-zacharovannogo-zamka/
odissey-i-ego-komanda,Одиссей и его команда,Пьер Жемм; Матильда Рюо,Пьер Жемм,Матильда Рюо,,,,проверить,"Матильда Рюо, вероятно, иллюстратор серии, автор текста — Пьер Жемм.",https://nancykhacha.github.io/knigi/kniga/odissey-i-ego-komanda/
ohotniki-na-monstrov-tayna-starinnogo-shkafa,Охотники на монстров. Тайна старинного шкафа,Фукс Люсия,Люсия Фукс,,,,,исправлено,"В данных порядок «Фамилия Имя», исправлен на «Имя Фамилия».",https://nancykhacha.github.io/knigi/kniga/ohotniki-na-monstrov-tayna-starinnogo-shkafa/
omut,Омут,Каримова Снежана,Снежана Каримова,,,,,исправлено,Имя и фамилия переставлены; в аннотации — Снежана Каримова.,https://nancykhacha.github.io/knigi/kniga/omut/
ovechka-emma-i-ee-druzya,Овечка Эмма и её друзья,Ольга Баранова; Екатерина Путилова,Ольга Баранова,Екатерина Путилова,,,,исправлено,В аннотации рассказы Ольги Барановой; Екатерина Путилова названа художницей в сборнике «Сказки».,https://nancykhacha.github.io/knigi/kniga/ovechka-emma-i-ee-druzya/
parko,Парко,Алекс Ногес; Гуриди,Алекс Ногес,Гуриди,,,,исправлено,"По аннотации Гуриди — художник, сказку написал Алекс Ногес.",https://nancykhacha.github.io/knigi/kniga/parko/
peregrin-kvinn-portal-mezhdu-mirami,Перегрин Квинн. Портал между мирами,Бонд Эш,Эш Бонд,,,,,исправлено,"В данных порядок «Фамилия Имя», исправлен на «Имя Фамилия».",https://nancykhacha.github.io/knigi/kniga/peregrin-kvinn-portal-mezhdu-mirami/
peregrin-kvinn-zolotoe-yabloko-razdora,Перегрин Квинн. Золотое яблоко раздора,Бонд Эш,Эш Бонд,,,,,исправлено,"В данных порядок «Фамилия Имя», исправлен на «Имя Фамилия».",https://nancykhacha.github.io/knigi/kniga/peregrin-kvinn-zolotoe-yabloko-razdora/
perepoloh-na-ferme-kak-poymat-vora,Переполох на ферме. Как поймать вора,Марин Роза,Роза Марин,,,,,проверить,"Вероятно, обратный порядок, как в других карточках Clever; сверить с обложкой.",https://nancykhacha.github.io/knigi/kniga/perepoloh-na-ferme-kak-poymat-vora/
plemya-zippoli,Племя Зипполи,Пере Джинард,Давид Нелло,Пере Джинард,,,,проверить,"Пере Джинард — иллюстратор; автор оригинала «La tribu dels Zippoli» — Давид Нелло, русское написание сверить.",https://nancykhacha.github.io/knigi/kniga/plemya-zippoli/
po-sledam-minotavra,По следам Минотавра,Пьер Жемм; Матильда Рюо,Пьер Жемм,Матильда Рюо,,,,проверить,"Матильда Рюо, вероятно, иллюстратор серии, автор текста — Пьер Жемм.",https://nancykhacha.github.io/knigi/kniga/po-sledam-minotavra/
po-tu-storonu-siney-granitsy,По ту сторону синей границы,Доррит Линке,Дорит Линке,,,,,исправлено,"Опечатка в имени: Dorit Linke, в аннотации — «Дорит Линке».",https://nancykhacha.github.io/knigi/kniga/po-tu-storonu-siney-granitsy/
pobeg-bratev-daltonov,Побег братьев Далтонов,Рене Госинни,Моррис; Рене Госинни,,,,,проверить,"Комикс создан художником Моррисом и сценаристом Рене Госинни — указать обоих, сверить формат с редакцией.",https://nancykhacha.github.io/knigi/kniga/pobeg-bratev-daltonov/
pochti-polnoch,Почти полночь,Комбрексель Антони Ино,Антони Ино Комбрексель,,,,,исправлено,"Это один человек (Anthony Yno Combrexelle), имя и фамилия переставлены.",https://nancykhacha.github.io/knigi/kniga/pochti-polnoch/
podarok-na-novyy-god,Подарок на Новый год,Элкинс Дж.,Дж. Терон Элкинс,,,,,исправлено,"Фамилия стояла первой, полное имя автора названо в аннотации.",https://nancykhacha.github.io/knigi/kniga/podarok-na-novyy-god/
pohischenie-printsa-oleomargarina,Похищение принца Олеомаргарина,Марк Твен,Марк Твен; Филип Стед,Эрин Стед,,,,исправлено,"Сказку Марка Твена дописал Филип Стед, он соавтор текста; рисунки Эрин Стед.",https://nancykhacha.github.io/knigi/kniga/pohischenie-printsa-oleomargarina/
pohischenie-prodavtsa-priklyucheniy,Похищение продавца приключений,Г. М. Садовников,Георгий Садовников,,,,,исправлено,Инициалы заменены полным именем: это продолжение «Продавца приключений» Георгия Садовникова.,https://nancykhacha.github.io/knigi/kniga/pohischenie-prodavtsa-priklyucheniy/
poldi-i-pavlusha-nenarokom-vokrug-sveta,Польди и Павлуша. Ненароком вокруг света,Кристиан; Фабиан Джеремисы,Кристиан Джеремис; Фабиан Джеремис,,,,,исправлено,"Два соавтора-брата, фамилию нужно указать у каждого.",https://nancykhacha.github.io/knigi/kniga/poldi-i-pavlusha-nenarokom-vokrug-sveta/
poleznye-skazki-skazki-pro-poleznye-privychki,Полезные сказки. Сказки про полезные привычки,Минаева Катя,Катя Минаева,,,,,исправлено,В данных фамилия стоит перед именем.,https://nancykhacha.github.io/knigi/kniga/poleznye-skazki-skazki-pro-poleznye-privychki/
poyuschiy-provod,Поющий провод,Рене Госинни,Моррис; Рене Госинни,,,,,проверить,"Комикс создан художником Моррисом и сценаристом Рене Госинни — указать обоих, сверить формат с редакцией.",https://nancykhacha.github.io/knigi/kniga/poyuschiy-provod/
priklyucheniya-doistoricheskogo-malchika-il-v-kanivtsa,Приключения доисторического мальчика,Д’Эрвильи Э.,Эрнест д’Эрвильи,,,,,исправлено,Инициал и обратный порядок: автор «Приключений доисторического мальчика» — Эрнест д’Эрвильи.,https://nancykhacha.github.io/knigi/kniga/priklyucheniya-doistoricheskogo-malchika-il-v-kanivtsa/
priklyucheniya-dyadi-levy-v-rumynskih-stepyah,Приключения дяди Лёвы в румынских степях,Янец Леви; Янив Шимони,Янец Леви,Янив Шимони,,,,исправлено,"Янив Шимони — иллюстратор книг Янеца Леви о дяде Лёве, а не соавтор.",https://nancykhacha.github.io/knigi/kniga/priklyucheniya-dyadi-levy-v-rumynskih-stepyah/
priklyucheniya-konni-v-nochnom-lesu,Приключения Конни в ночном лесу,Юлия Бёме; Хердис Альбрехт,Юлия Бёме,Хердис Альбрехт,,,,проверить,"Хердис Альбрехт, вероятно, иллюстратор серии о Конни, автор текста — Юлия Бёме.",https://nancykhacha.github.io/knigi/kniga/priklyucheniya-konni-v-nochnom-lesu/
priklyucheniya-odisseya,Приключения Одиссея,Е. А. Тудоровская,Гомер,,Елена Тудоровская,,,исправлено,"Это пересказ «Одиссеи» Гомера, Елена Тудоровская — автор пересказа.",https://nancykhacha.github.io/knigi/kniga/priklyucheniya-odisseya/
priklyucheniya-perri-rodana,Приключения Перри Родана,Олаф Брилль; Михаэль Фогт,Олаф Брилль,Михаэль Фогт,,,,проверить,"Михаэль Фогт, вероятно, иллюстратор, автор текста — Олаф Брилль.",https://nancykhacha.github.io/knigi/kniga/priklyucheniya-perri-rodana/
priklyucheniya-tyapy-i-lyapy-kogda-tyapa-vstretil-lyapu,Приключения Тяпы и Ляпы. Когда Тяпа встретил Ляпу,Нойдерт Цее,Цее Нойдерт,,,,,исправлено,"В данных порядок «Фамилия Имя», исправлен на «Имя Фамилия».",https://nancykhacha.github.io/knigi/kniga/priklyucheniya-tyapy-i-lyapy-kogda-tyapa-vstretil-lyapu/
printsessa-buntarka-i-baron-lgunishka-3-il-k-engelking,Принцесса-бунтарка и барон-лгунишка,Аннет Рёдер,Аннетте Рёдер,,,,,исправлено,В аннотации издательства имя автора — «Аннетте Рёдер».,https://nancykhacha.github.io/knigi/kniga/printsessa-buntarka-i-baron-lgunishka-3-il-k-engelking/
printsessa-buntarka-i-spasennoe-rozhdestvo-4-il-k-engelking,Принцесса-бунтарка и спасенное Рождество,Аннет Рёдер,Аннетте Рёдер,,,,,исправлено,В аннотации издательства имя автора — «Аннетте Рёдер».,https://nancykhacha.github.io/knigi/kniga/printsessa-buntarka-i-spasennoe-rozhdestvo-4-il-k-engelking/
printsessa-dunya-i,Принцесса Дуня и...,Александр Киселёв; Лера Сидорова,Александр Киселёв,Лера Сидорова,,,,проверить,"Лера Сидорова, вероятно, иллюстратор, автор текста — Александр Киселёв.",https://nancykhacha.github.io/knigi/kniga/printsessa-dunya-i/
priplyvshiy-dom,Приплывший дом,Каримова Снежана,Снежана Каримова,,,,,исправлено,Имя и фамилия переставлены; в аннотации — Снежана Каримова.,https://nancykhacha.github.io/knigi/kniga/priplyvshiy-dom/
prishla-zima-prokaznitsa,Пришла зима-проказнитса,Р. Данкова,Сборник,,,Р. Данкова,,проверить,"Новогодний сборник рассказов и стихов разных авторов; Р. Данкова, вероятно, составитель — сверить.",https://nancykhacha.github.io/knigi/kniga/prishla-zima-prokaznitsa/
pro-kozlenka-kotoryy-umel-schitat-do-10,"Про козленка, который умел считать до 10",Владимир Сутеев,Альф Прёйсен,Владимир Сутеев,,,,проверить,"Сказку о козлёнке написал Альф Прёйсен, Сутеев ее иллюстрировал; автора второй истории, об утёнке, сверить с книгой.",https://nancykhacha.github.io/knigi/kniga/pro-kozlenka-kotoryy-umel-schitat-do-10/
pro-malenkogo-porosenka-plyuha,Про маленького поросенка Плюха,Баллод И.; Румянцева И.,Инга Баллод; Ирина Румянцева,,,,,проверить,"Обе — соавторы пересказа сказок Элисон Аттли, художник — Евгений Медведев; имя Баллод в источниках расходится (Инга/Ирина).",https://nancykhacha.github.io/knigi/kniga/pro-malenkogo-porosenka-plyuha/
pryatki-na-ferme,Прятки на ферме,Бьонди Гислен; Карбоней Бенедикт; Болен Дельфин,Гислен Бьонди; Бенедикт Карбоней; Дельфин Болен,,,,,исправлено,Фамилии стоят перед именами; в книге три сказки трех французских авторов.,https://nancykhacha.github.io/knigi/kniga/pryatki-na-ferme/
pust-budet-groza,Пусть будет гроза,Шартр Мари,Мари Шартр,,,,,исправлено,Имя и фамилия переставлены; в аннотации — Мари Шартр.,https://nancykhacha.github.io/knigi/kniga/pust-budet-groza/
puteshestvie-k-tsentru-zemli-po-proizvedeniyu-zhyulya-verna,Путешествие к центру Земли. По произведению Жюля Верна,Маттео Бертон,Жюль Верн,,Маттео Бертон,,,проверить,"Это графический пересказ романа Жюля Верна художником Маттео Бертоном; решить, кого указывать автором комикса.",https://nancykhacha.github.io/knigi/kniga/puteshestvie-k-tsentru-zemli-po-proizvedeniyu-zhyulya-verna/
rapuntsel-samye-krasivye-skazki-il-a-simanchuka,Рапунцель. Самые красивые сказки,Вильгельм Гримм,Братья Гримм,,,,,исправлено,Сказки написаны обоими братьями; в каталоге принято «Братья Гримм».,https://nancykhacha.github.io/knigi/kniga/rapuntsel-samye-krasivye-skazki-il-a-simanchuka/
rasskazy-byanki,Рассказы,Виталий Бянки,Виталий Бианки,,,,,исправлено,Опечатка в фамилии: правильно «Бианки».,https://nancykhacha.github.io/knigi/kniga/rasskazy-byanki/
rechnoe-ditya-tayna-plavuchego-doma,Речное дитя. Тайна плавучего дома,Больман Сабине,Сабина Больманн,,,,,проверить,"Обратный порядок; написание приведено к двум другим книгам Clever («Сабина Больманн») — сверить с обложкой, не «Сабине Больман» ли.",https://nancykhacha.github.io/knigi/kniga/rechnoe-ditya-tayna-plavuchego-doma/
rozhdestvo-i-novyy-god,Рождество и Новый год,Микеле Д’иньяцио,Андреас Х. Шмахтл,,,,,исправлено,"По аннотации это сборник историй Андреаса Х. Шмахтла (Тильда, Снежик, Иеронимус Жаб).",https://nancykhacha.github.io/knigi/kniga/rozhdestvo-i-novyy-god/
rubiniya-chudesnoe-serdtse-smelaya-devochka-iz-roda-lesnyh-elfov,"Рубиния Чудесное Сердце, смелая девочка из рода лесных эльфов. Загадочное исчезновение реки",Ангермейер Карен Кристин,Карен Кристин Ангермейер,,,,,исправлено,В данных фамилия стоит перед именем.,https://nancykhacha.github.io/knigi/kniga/rubiniya-chudesnoe-serdtse-smelaya-devochka-iz-roda-lesnyh-elfov/
rukavichki,Рукавички,Пол Гэльдон,Английская народная песенка,Пол Гэлдон,,,,проверить,"По аннотации это старая английская песенка, Пол Гэлдон — художник книги.",https://nancykhacha.github.io/knigi/kniga/rukavichki/
russkie-bogateri,Русские богатери,И. В. Карнаухова,Русские былины,,Ирина Карнаухова,,,исправлено,"Былины народные, Ирина Карнаухова — автор пересказа.",https://nancykhacha.github.io/knigi/kniga/russkie-bogateri/
russkie-deti,Русские дети,Павел Крусанов; Александр Етоев,Сборник,,,Павел Крусанов; Александр Етоев,,исправлено,"Антология рассказов разных авторов, Крусанов и Етоев — составители.",https://nancykhacha.github.io/knigi/kniga/russkie-deti/
russkie-narodnye-skazki,Русские народные сказки,Елена Зарби-Гальчук,Русские народные сказки,,,,,проверить,"Это русские народные сказки; роль Елены Зарби-Гальчук (пересказ, составитель или художник) не установлена — сверить.",https://nancykhacha.github.io/knigi/kniga/russkie-narodnye-skazki/
russkie-narodnye-skazki-dlya-malyshey,Русские народные сказки для малышей,Иля Савченков,Русские народные сказки,Иля Савченков,,,,проверить,"Это русские народные сказки в пересказах разных писателей; «Иля Савченков», вероятно, художник — сверить роль и написание имени.",https://nancykhacha.github.io/knigi/kniga/russkie-narodnye-skazki-dlya-malyshey/
russkie-skazki-i-poteshki,Русские сказки и потешки,Ирина Петелина,Русские народные сказки и потешки,Ирина Петелина,,,,исправлено,"Тексты народные, Ирина Петелина — художник-иллюстратор.",https://nancykhacha.github.io/knigi/kniga/russkie-skazki-i-poteshki/
ryzhiy-kot-i-novyy-god,Рыжий кот и Новый год,Фульвия Дель’инноченти,Фульвия Дель’Инноченти,,,,,исправлено,Ошибка регистра во второй части фамилии (Degl’Innocenti).,https://nancykhacha.github.io/knigi/kniga/ryzhiy-kot-i-novyy-god/
s-novym-godom-karlhen,"С Новым годом, Карлхен!",Бернер Ротраут Сюзанне,Ротраут Сюзанне Бернер,,,,,исправлено,Имя и фамилия переставлены; в аннотациях серии — Ротраут Сюзанне Бернер.,https://nancykhacha.github.io/knigi/kniga/s-novym-godom-karlhen/
s-papoy-burya-ne-strashna,С папой буря не страшна!,Брайт Пол,Пол Брайт,,,,,исправлено,В данных фамилия стоит перед именем.,https://nancykhacha.github.io/knigi/kniga/s-papoy-burya-ne-strashna/
sadko-i-drugie-russkie-byliny,Садко и другие русские былины,И. В. Карнаухова,Русские былины,,Ирина Карнаухова,,,исправлено,"Былины народные, Ирина Карнаухова — автор пересказа.",https://nancykhacha.github.io/knigi/kniga/sadko-i-drugie-russkie-byliny/
samaya-lyubimaya-mama,Самая любимая мама,Капусин Левалль; Мод Легран,Капусин Левалль,Мод Легран,,,,проверить,"Мод Легран, вероятно, иллюстратор; русский текст по аннотации — Ксении Валаханович.",https://nancykhacha.github.io/knigi/kniga/samaya-lyubimaya-mama/
schastlivye-konki,Счастливые коньки,Наталья Савушкина; Алиса Юфа,Наталья Савушкина,Алиса Юфа,,,,исправлено,"В аннотации автор серии — Н. Савушкина; Алиса Юфа — иллюстратор, так в других аннотациях каталога.",https://nancykhacha.github.io/knigi/kniga/schastlivye-konki/
selestina-balerina-dvorets-fey,Селестина-балерина. Дворец фей,Барюссо Гвенаэль,Гвенаэль Барюссо,,,,,исправлено,"В данных порядок «Фамилия Имя», исправлен на «Имя Фамилия».",https://nancykhacha.github.io/knigi/kniga/selestina-balerina-dvorets-fey/
selestina-balerina-propavshaya-tufelka,Селестина-балерина. Пропавшая туфелька,Барюссо Гвенаэль,Гвенаэль Барюссо,,,,,исправлено,"В данных порядок «Фамилия Имя», исправлен на «Имя Фамилия».",https://nancykhacha.github.io/knigi/kniga/selestina-balerina-propavshaya-tufelka/
semeyka-grimsbeyn-ohotniki-na-vedm,Семейка Гримсбейн. Охотники на ведьм,Рирдон Джоан,Джоан Рирдон,,,,,исправлено,"В данных порядок «Фамилия Имя», исправлен на «Имя Фамилия».",https://nancykhacha.github.io/knigi/kniga/semeyka-grimsbeyn-ohotniki-na-vedm/
semeynye-priklyucheniya-v-mire-magii-drakony-leto-i-rok-n-roll,"Семейные приключения в мире магии. Драконы, лето и рок-н-ролл",Рирдон Джоан,Джоан Рирдон,,,,,исправлено,"В данных порядок «Фамилия Имя», исправлен на «Имя Фамилия».",https://nancykhacha.github.io/knigi/kniga/semeynye-priklyucheniya-v-mire-magii-drakony-leto-i-rok-n-roll/
serdtse-monstra-ohota-za-tenyu,Сердце монстра. Охота за Тенью,Бюхель Зимак,Зимак Бюхель,,,,,исправлено,В данных фамилия стоит перед именем.,https://nancykhacha.github.io/knigi/kniga/serdtse-monstra-ohota-za-tenyu/
sharf-v-yarkuyu-polosku,Шарф в яркую полоску,Ксения Забабашкина,Юлия Симбирская,,,,,исправлено,"Аннотация и магазины называют автором Юлию Симбирскую; Ксения Забабашкина, вероятно, художница.",https://nancykhacha.github.io/knigi/kniga/sharf-v-yarkuyu-polosku/
shkola-shredingera,Школа Шрёдингера,Авторы сборника рассказов «Школа Шрёдингера»,Сборник,,,,,исправлено,"Сборник рассказов разных авторов, в поле стояла заглушка.",https://nancykhacha.github.io/knigi/kniga/shkola-shredingera/
shkola-stihiy-magiya-altaya,Школа стихий. Магия Алтая,Леви Анна,Анна Леви,,,,,исправлено,"В данных порядок «Фамилия Имя», исправлен на «Имя Фамилия».",https://nancykhacha.github.io/knigi/kniga/shkola-stihiy-magiya-altaya/
shkola-talantov-urok-pervyy-zverskiy-shum,Школа талантов. Урок первый: зверский шум!,Фрида Нильсон,Зильке Шельхаммер,,,,,проверить,"Серию «School of Talents» об Альве пишет Зильке Шельхаммер (Silke Schellhammer), а не Ауэр или Нильсон; русское написание сверить.",https://nancykhacha.github.io/knigi/kniga/shkola-talantov-urok-pervyy-zverskiy-shum/
shkola-talantov-urok-tretiy-chudovischa-na-vyhod,"Школа талантов. Урок третий: чудовища, на выход!",Маргит Ауэр,Зильке Шельхаммер,,,,,проверить,"Серию «School of Talents» об Альве пишет Зильке Шельхаммер (Silke Schellhammer), а не Ауэр или Нильсон; русское написание сверить.",https://nancykhacha.github.io/knigi/kniga/shkola-talantov-urok-tretiy-chudovischa-na-vyhod/
shkola-talantov-urok-vtoroy-konets-sveta,Школа талантов. Урок второй: конец света,Маргит Ауэр,Зильке Шельхаммер,,,,,проверить,"Серию «School of Talents» об Альве пишет Зильке Шельхаммер (Silke Schellhammer), а не Ауэр или Нильсон; русское написание сверить.",https://nancykhacha.github.io/knigi/kniga/shkola-talantov-urok-vtoroy-konets-sveta/
shkolnaya-klassika-malenkie-zhenschiny,Школьная классика. Маленькие женщины,Mэй Олкотт Луиза,Луиза Мэй Олкотт,,,,,исправлено,В поле латинская M и обратный порядок; принятое написание — Луиза Мэй Олкотт.,https://nancykhacha.github.io/knigi/kniga/shkolnaya-klassika-malenkie-zhenschiny/
shokoladus-esche-nemnogo-priklyucheniy,Шоколадус. Ещё немного приключений,Майя Фогель,Майя фон Фогель,,,,,исправлено,"Серия «Шоколадус» — Майя фон Фогель, как в других книгах серии.",https://nancykhacha.github.io/knigi/kniga/shokoladus-esche-nemnogo-priklyucheniy/
shokoladus-magicheskiy-oreshek,Шоколадус. Магический орешек,Майя Фогель,Майя фон Фогель,,,,,исправлено,"Серия «Шоколадус» — Майя фон Фогель, как в других книгах серии.",https://nancykhacha.github.io/knigi/kniga/shokoladus-magicheskiy-oreshek/
shokoladus-perets-piff-paff,Шоколадус. Перец пифф-пафф,Майя Фогель,Майя фон Фогель,,,,,исправлено,"Серия «Шоколадус» — Майя фон Фогель, как в других книгах серии.",https://nancykhacha.github.io/knigi/kniga/shokoladus-perets-piff-paff/
shokoladus-sekret-volshebnogo-kakao,Шоколадус. Секрет волшебного какао,Майя Фогель,Майя фон Фогель,,,,,исправлено,"Автор серии — Майя фон Фогель (Schokuspokus), частица «фон» пропущена; так она записана в других книгах каталога.",https://nancykhacha.github.io/knigi/kniga/shokoladus-sekret-volshebnogo-kakao/
shokoladus-sekret-yaguara,Шоколадус. Секрет ягуара,Майя Фогель,Майя фон Фогель,,,,,исправлено,"Серия «Шоколадус» — Майя фон Фогель, как в других книгах серии.",https://nancykhacha.github.io/knigi/kniga/shokoladus-sekret-yaguara/
shokoladus-volshebnaya-korona-mayya,Шоколадус. Волшебная корона майя,Майя Фогель,Майя фон Фогель,,,,,исправлено,"Серия «Шоколадус» — Майя фон Фогель, как в других книгах серии.",https://nancykhacha.github.io/knigi/kniga/shokoladus-volshebnaya-korona-mayya/
shtorm-v-serdtse-serdtse-shtorma,Шторм в сердце. Сердце Шторма,Аннетте Херцог; Расмус Бранхой,Аннетте Херцог,Катрине Кланте; Расмус Бранхой,,,,исправлено,"Текст написала Аннетте Херцог, Кланте и Бранхой — художники комикса (по аннотации).",https://nancykhacha.github.io/knigi/kniga/shtorm-v-serdtse-serdtse-shtorma/
sinie-listya,Синие листья,В. Осеева,Валентина Осеева,,,,,исправлено,Инициал заменен полным именем.,https://nancykhacha.github.io/knigi/kniga/sinie-listya/
sinor-kolbaska,Синьор Колбаска,Флавио Сорига; Риккардо Ацени,Флавио Сорига,Риккардо Ацени,,,,проверить,"Флавио Сорига — писатель, Риккардо Ацени, вероятно, иллюстратор.",https://nancykhacha.github.io/knigi/kniga/sinor-kolbaska/
skazka-na-noch-tolko-ne-sup,Сказка на ночь. Только не суп!,Сальзано Тамми,Тамми Сальзано,,,,,исправлено,В данных фамилия стоит перед именем.,https://nancykhacha.github.io/knigi/kniga/skazka-na-noch-tolko-ne-sup/
skazki,Сказки,Ольга Капица; Константин Ушинский; Алексей Толстой,Русские народные сказки,,Ольга Капица; Константин Ушинский; Алексей Толстой,,,исправлено,"По аннотации это сборник русских народных сказок; Капица, Ушинский и Толстой — авторы обработок.",https://nancykhacha.github.io/knigi/kniga/skazki/
skazki-afanasev,Сказки,Александр Афанасьев; Алексей Толстой,Русские народные сказки,,Александр Афанасьев; Алексей Толстой,,,исправлено,"По аннотации это сборник русских народных сказок; Афанасьев — собиратель, Толстой — автор обработок.",https://nancykhacha.github.io/knigi/kniga/skazki-afanasev/
skazki-belorusskih-pisateley,Сказки белорусских писателей,И. С. Чепловодская,Сборник,,,И. С. Чепловодская,,исправлено,"Сборник сказок разных белорусских писателей, И. С. Чепловодская — составитель.",https://nancykhacha.github.io/knigi/kniga/skazki-belorusskih-pisateley/
skazki-dlya-malyshey-knizhki-kartonki-kot-v-sapogah,Сказки для малышей. Книжки-картонки. Кот в сапогах,Перро Ш.,Шарль Перро,,,,,исправлено,Инициал и обратный порядок: «Перро Ш.» — это Шарль Перро.,https://nancykhacha.github.io/knigi/kniga/skazki-dlya-malyshey-knizhki-kartonki-kot-v-sapogah/
skazki-dlya-malyshey-knizhki-kartonki-krasnaya-shapochka,Сказки для малышей. Книжки-картонки. Красная Шапочка,Перро Шарль,Шарль Перро,,,,,исправлено,В данных фамилия стоит перед именем.,https://nancykhacha.github.io/knigi/kniga/skazki-dlya-malyshey-knizhki-kartonki-krasnaya-shapochka/
skazki-dlya-malyshey-knizhki-kartonki-tri-medvedya,Сказки для малышей. Книжки-картонки. Три медведя,Коллектив авторов,Английская народная сказка,,,,,проверить,"«Коллектив авторов» — не автор; аннотация называет книгу народной сказкой в пересказе для малышей — сверить, не пересказ ли Льва Толстого.",https://nancykhacha.github.io/knigi/kniga/skazki-dlya-malyshey-knizhki-kartonki-tri-medvedya/
skazki-dlya-malyshey-knizhki-kartonki-zolushka,Сказки для малышей. Книжки-картонки. Золушка,Перро Шарль,Шарль Перро,,,,,исправлено,"В данных порядок «Фамилия Имя», исправлен на «Имя Фамилия».",https://nancykhacha.github.io/knigi/kniga/skazki-dlya-malyshey-knizhki-kartonki-zolushka/
skazki-dlya-vnuchat-babushkiny-skazki-na-novyy-god,Сказки для внучат. Бабушкины сказки на Новый год,Амьо Карин-Мари,Карин-Мари Амьо,,,,,исправлено,"В данных порядок «Фамилия Имя», исправлен на «Имя Фамилия».",https://nancykhacha.github.io/knigi/kniga/skazki-dlya-vnuchat-babushkiny-skazki-na-novyy-god/
skazki-dlya-vnuchat-lesnye-dedushkiny-skazki,Сказки для внучат. Лесные дедушкины сказки,Амьо Карин-Мари,Карин-Мари Амьо,,,,,исправлено,"В данных порядок «Фамилия Имя», исправлен на «Имя Фамилия».",https://nancykhacha.github.io/knigi/kniga/skazki-dlya-vnuchat-lesnye-dedushkiny-skazki/
skazki-dyadyushki-rimusa-il-i-petelinoy,Сказки дядюшки Римуса,Джоэль Харрис,Джоэль Чандлер Харрис,,,,,исправлено,"Принятое полное написание, как в другой карточке этой книги в каталоге.",https://nancykhacha.github.io/knigi/kniga/skazki-dyadyushki-rimusa-il-i-petelinoy/
skazki-komiksy,Сказки-комиксы,Бернер Ротраут Сюзанне,Ротраут Сюзанне Бернер,,,,,исправлено,Имя и фамилия переставлены; в аннотациях серии — Ротраут Сюзанне Бернер.,https://nancykhacha.github.io/knigi/kniga/skazki-komiksy/
skazki-matushki-gusyni,Сказки Матушки Гусыни,Ирина Явчуновская,Шарль Перро,Ирина Явчуновская,,,,проверить,"«Сказки Матушки Гусыни» — сборник Перро, Ирина Явчуновская, вероятно, художник; сверить с книгой.",https://nancykhacha.github.io/knigi/kniga/skazki-matushki-gusyni/
skazki-multfilmy-dlya-devchonok-i-malchishek,Сказки-мультфильмы для девчонок и мальчишек,А. Савченко,Сборник,А. Савченко,,,,проверить,"Сборник сказок разных авторов; А. Савченко, вероятно, художник — сверить роль.",https://nancykhacha.github.io/knigi/kniga/skazki-multfilmy-dlya-devchonok-i-malchishek/
skazki-na-noch-dlya-selesty,Сказки на ночь для Селесты,Николас Хайдельбах; Оле Кённеке,Николас Хайдельбах,Оле Кённеке,,,,проверить,"Оба — авторы-художники; кто писал текст, а кто рисовал, сверить с выходными данными.",https://nancykhacha.github.io/knigi/kniga/skazki-na-noch-dlya-selesty/
skazki-pesni-zagadki,"Сказки, песни, загадки",Самуил Маршак; Владимир Лебедев,Самуил Маршак,Владимир Лебедев,,,,исправлено,"Владимир Лебедев — художник, а не соавтор Маршака.",https://nancykhacha.github.io/knigi/kniga/skazki-pesni-zagadki/
skazki-so-vsego-sveta,Сказки со всего света,М. Мельниченко,Сборник,,,М. Мельниченко,,исправлено,"Сборник сказок разных народов, М. Мельниченко — составитель (по аннотации).",https://nancykhacha.github.io/knigi/kniga/skazki-so-vsego-sveta/
skazki-starogo-lesa-funduk-i-dobraya-osen,Сказки старого леса. Фундук и добрая осень,Кампелло Джудитта,Джудитта Кампелло,,,,,исправлено,В данных фамилия стоит перед именем.,https://nancykhacha.github.io/knigi/kniga/skazki-starogo-lesa-funduk-i-dobraya-osen/
skazki-starogo-lesa-myagkaya-oblozhka-funduk-i-dobraya-osen,Сказки старого леса (мягкая обложка). Фундук и добрая осень,Кампелло Джудитта,Джудитта Кампелло,,,,,исправлено,В данных фамилия стоит перед именем.,https://nancykhacha.github.io/knigi/kniga/skazki-starogo-lesa-myagkaya-oblozhka-funduk-i-dobraya-osen/
skazki-starogo-lesa-myagkaya-oblozhka-progulka-po-lesu,Сказки старого леса (мягкая обложка). Прогулка по лесу,Кампелло Джудитта,Джудитта Кампелло,,,,,исправлено,В данных фамилия стоит перед именем.,https://nancykhacha.github.io/knigi/kniga/skazki-starogo-lesa-myagkaya-oblozhka-progulka-po-lesu/
skazki-starogo-lesa-progulka-po-lesu,Сказки старого леса. Прогулка по лесу,Кампелло Джудитта,Джудитта Кампелло,,,,,исправлено,В данных фамилия стоит перед именем.,https://nancykhacha.github.io/knigi/kniga/skazki-starogo-lesa-progulka-po-lesu/
skazochnye-priklyucheniya-kota-alfreda,Сказочные приключения кота Альфреда,Юлиана Протасова; Ольга Сакович,Юлиана Протасова,Ольга Сакович,,,,проверить,"Ольга Сакович, вероятно, иллюстратор, автор текста — Юлиана Протасова.",https://nancykhacha.github.io/knigi/kniga/skazochnye-priklyucheniya-kota-alfreda/
skok-poskok,Скок-поскок,Ю Васнецов,Русский фольклор,Юрий Васнецов,,,,исправлено,"Это русские потешки и песенки, Юрий Васнецов — художник книги (по аннотации).",https://nancykhacha.github.io/knigi/kniga/skok-poskok/
skuns-frenki-fu-bober-bobert,Скунс Фрэнки Фу. Бобёр Боберт,Бёрджесс У. Торнтон,Торнтон Бёрджесс,,,,,исправлено,Имя и фамилия были перепутаны: автор — Торнтон Бёрджесс.,https://nancykhacha.github.io/knigi/kniga/skuns-frenki-fu-bober-bobert/
slezlivyy-klub,Слезливый клуб,Йерде Кристиан Виик,Кристиан Виик Йерде,,,,,исправлено,"Имя и фамилия переставлены, в аннотации — «Кристиан Виик Йерде».",https://nancykhacha.github.io/knigi/kniga/slezlivyy-klub/
slon,Слон,Фрида Нильсон,Питер Карнавас,,,,,исправлено,Аннотация: книгу придумал и нарисовал австралийский писатель Питер Карнавас.,https://nancykhacha.github.io/knigi/kniga/slon/
sonnye-skazki-gregori,Сонные сказки,Элис Грегори,Элис Грегори; Кристи Киркпатрик,,,,,исправлено,Аннотация называет двух авторов: Элис Грегори и детскую писательницу Кристи Киркпатрик.,https://nancykhacha.github.io/knigi/kniga/sonnye-skazki-gregori/
sonnye-skazki-pro-zhivotnyh-dlya-chteniya-pered-snom,Сонные сказки про животных для чтения перед сном,Фогель Кирстен,Кирстен Фогель,,,,,исправлено,В данных фамилия стоит перед именем.,https://nancykhacha.github.io/knigi/kniga/sonnye-skazki-pro-zhivotnyh-dlya-chteniya-pered-snom/
sonnye-skazki-pro-zhivotnyh-zverskie-skazki-o-druzhbe-10-istoriy-dlya,Сонные сказки про животных. Зверские сказки о дружбе. 10 историй для совместного чтения,Фогель Кирстен,Кирстен Фогель,,,,,исправлено,В данных фамилия стоит перед именем.,https://nancykhacha.github.io/knigi/kniga/sonnye-skazki-pro-zhivotnyh-zverskie-skazki-o-druzhbe-10-istoriy-dlya/
sonnye-skazki-slavitskiy,Сонные Сказки,Илья Славицкий,Сборник,,,Илья Славицкий,,проверить,"По аннотации это сказки разных авторов; Илья Славицкий, вероятно, составитель — сверить.",https://nancykhacha.github.io/knigi/kniga/sonnye-skazki-slavitskiy/
sonya-iz-7-buee,Соня из 7„Буээ“,Алексей Олейников; Тимофей Яржомбек,Алексей Олейников,Тимофей Яржомбек,,,,исправлено,"Тимофей Яржомбек — художник книги, текст Алексея Олейникова.",https://nancykhacha.github.io/knigi/kniga/sonya-iz-7-buee/
sovetskaya-seriya-voennaya-tayna-golubaya-chashka-timur-i-ego-komanda,Советская серия. Военная тайна. Голубая чашка. Тимур и его команда. Чук и Гек,Гайдар Аркадий,Аркадий Гайдар,,,,,исправлено,В данных фамилия стоит перед именем.,https://nancykhacha.github.io/knigi/kniga/sovetskaya-seriya-voennaya-tayna-golubaya-chashka-timur-i-ego-komanda/
spat-kak-tigr,"Спать, как тигр",Маша Лукашкина,Мэри Лог,Памела Загаренски,,,Маша Лукашкина,исправлено,"«Sleep Like a Tiger» написала Мэри Лог, нарисовала Памела Загаренски; Маша Лукашкина — переводчица.",https://nancykhacha.github.io/knigi/kniga/spat-kak-tigr/
spisok-nemyslimyh-strahov,Список немыслимых страхов,Крамер Джессика Каспер,Джессика Каспер Крамер,,,,,исправлено,Имя и фамилия переставлены.,https://nancykhacha.github.io/knigi/kniga/spisok-nemyslimyh-strahov/
spokoynoy-nochi-karlhen,"Спокойной ночи, Карлхен!",Бернер Ротраут Сюзанне,Ротраут Сюзанне Бернер,,,,,исправлено,Имя и фамилия переставлены; в аннотациях серии — Ротраут Сюзанне Бернер.,https://nancykhacha.github.io/knigi/kniga/spokoynoy-nochi-karlhen/
spokoynoy-nochi-miyuki,"Спокойной ночи, Миюки!",Никола Дэвис,Роксан Мари Гальез,Сенг Соун Ратанаван,,,,проверить,"Книги о Миюки написала Роксан Мари Гальез, нарисовала Сенг Соун Ратанаван; русское написание сверить с изданием.",https://nancykhacha.github.io/knigi/kniga/spokoynoy-nochi-miyuki/
storozh-savanny,Сторож саванны,Луда,Народные сказки,,Луда,,,проверить,"По аннотации это кенийская сказка и сказка по мотивам индейского фольклора, Луда — пересказчик; формулировку сверить.",https://nancykhacha.github.io/knigi/kniga/storozh-savanny/
strashilki-pod-cherdakom,Страшилки под чердаком,Лариса Назарова; Лев Григорян (Алексей Шпагин); Виктория Стеблева,Лариса Назарова; Лев Григорян (Алексей Шпагин),Виктория Стеблева,,,,проверить,"Виктория Стеблева, вероятно, иллюстратор: она же указана у «Дневника-оборотня».",https://nancykhacha.github.io/knigi/kniga/strashilki-pod-cherdakom/
strashnye-istorii,Страшные истории,Софья Яновицкая,Сборник,,,,Софья Яновицкая,проверить,"Сборник адаптированных классических страшных историй разных авторов (Стокер, Шелли, Стивенсон и др.); Яновицкая, вероятно, переводчица — сверить.",https://nancykhacha.github.io/knigi/kniga/strashnye-istorii/
sunduchok-semeynyh-skazok-masterskaya-dedushki-uchim-tsveta-i-schitaem,Сундучок семейных сказок. Мастерская дедушки. Учим цвета и считаем до 5,Джулиано Ларисса,Ларисса Джулиано,,,,,исправлено,В данных фамилия стоит перед именем.,https://nancykhacha.github.io/knigi/kniga/sunduchok-semeynyh-skazok-masterskaya-dedushki-uchim-tsveta-i-schitaem/
sunduchok-semeynyh-skazok-u-babushki-na-kuhne-uchim-protivopolozhnosti,Сундучок семейных сказок. У бабушки на кухне. Учим противоположности,Джулиано Ларисса,Ларисса Джулиано,,,,,исправлено,В данных фамилия стоит перед именем.,https://nancykhacha.github.io/knigi/kniga/sunduchok-semeynyh-skazok-u-babushki-na-kuhne-uchim-protivopolozhnosti/
sunduchok-semeynyh-skazok-u-babushki-v-sadu-uchim-tsveta-i-schitaem-do-5,Сундучок семейных сказок. У бабушки в саду. Учим цвета и считаем до 5,Джулиано Ларисса,Ларисса Джулиано,,,,,исправлено,В данных фамилия стоит перед именем.,https://nancykhacha.github.io/knigi/kniga/sunduchok-semeynyh-skazok-u-babushki-v-sadu-uchim-tsveta-i-schitaem-do-5/
sunduchok-semeynyh-skazok-ya-hochu-k-mame,Сундучок семейных сказок. Я хочу к маме!,Кордерой Трейси,Трейси Кордерой,,,,,исправлено,В данных фамилия стоит перед именем.,https://nancykhacha.github.io/knigi/kniga/sunduchok-semeynyh-skazok-ya-hochu-k-mame/
sunduchok-semeynyh-skazok-ya-hochu-k-pape,Сундучок семейных сказок. Я хочу к папе!,Кордерой Трейси,Трейси Кордерой,,,,,исправлено,В данных фамилия стоит перед именем.,https://nancykhacha.github.io/knigi/kniga/sunduchok-semeynyh-skazok-ya-hochu-k-pape/
supergeroi-komiks-supergeroi-priklyucheniya-nachinayutsya,Супергерои. Комикс. Супергерои. Приключения начинаются!,Софи Лодвиц; Эв Пислер; Люси Дурбиано,Софи Лодвиц; Эв Пислер,Люси Дурбиано,,,,исправлено,"Серия Les Super Super: текст Софи Лодвиц и Эв Пислер, рисунки Люси Дурбиано (французские выходные данные).",https://nancykhacha.github.io/knigi/kniga/supergeroi-komiks-supergeroi-priklyucheniya-nachinayutsya/
tarif-sny-i-skazki,Тариф «Сны и сказки»,Алексей Олейников; Никита Терешин,Алексей Олейников,Никита Терешин,,,,исправлено,"Никита Терешин — иллюстратор (так в аннотации к «Трилобиты не виноваты»), автор — Алексей Олейников.",https://nancykhacha.github.io/knigi/kniga/tarif-sny-i-skazki/
tayna-lidii,Тайна Лидии,Сеттерхольм Финн,Финн Сеттерхольм,,,,,исправлено,Имя и фамилия переставлены.,https://nancykhacha.github.io/knigi/kniga/tayna-lidii/
tayna-nochnogo-lesa,Тайна ночного леса,Виталий Бянки,Виталий Бианки,,,,,исправлено,Опечатка в фамилии: правильно «Бианки».,https://nancykhacha.github.io/knigi/kniga/tayna-nochnogo-lesa/
tayna-zloveschego-sgovora,Тайна зловещего сговора,Антон Иванов,Антон Иванов; Анна Устинова,,,,,исправлено,"Книга серии «Тайное братство Кленового листа», ее Антон Иванов писал вместе с Анной Устиновой.",https://nancykhacha.github.io/knigi/kniga/tayna-zloveschego-sgovora/
tayny-muzeya-voskovyh-figur-delo-o-propavshey-koroleve,Тайны музея восковых фигур. Дело о пропавшей королеве,Фогель фон Майя,Майя фон Фогель,,,,,исправлено,В данных фамилия стоит перед именем.,https://nancykhacha.github.io/knigi/kniga/tayny-muzeya-voskovyh-figur-delo-o-propavshey-koroleve/
tayny-muzeya-voskovyh-figur-sekretnaya-missiya-drakuly,Тайны музея восковых фигур. Секретная миссия Дракулы,Фогель фон Майя,Майя фон Фогель,,,,,исправлено,В данных фамилия стоит перед именем.,https://nancykhacha.github.io/knigi/kniga/tayny-muzeya-voskovyh-figur-sekretnaya-missiya-drakuly/
teoriya-aysberga,Теория Айсберга,Буикс Кристофер,Кристофер Буикс,,,,,исправлено,Имя и фамилия переставлены.,https://nancykhacha.github.io/knigi/kniga/teoriya-aysberga/
teremok,Теремок,Ольга Капица; Мария Вахрушева,Русская народная сказка,Мария Вахрушева,Ольга Капица,,,исправлено,Народная сказка в обработке Ольги Капицы; Мария Вахрушева — художница издания.,https://nancykhacha.github.io/knigi/kniga/teremok/
tessa-tikkardi-i-sekret-vremeni,Тесса Тиккарди и секрет времени,Меццанотте Давиде,Давиде Меццанотте,,,,,исправлено,"В данных порядок «Фамилия Имя», исправлен на «Имя Фамилия».",https://nancykhacha.github.io/knigi/kniga/tessa-tikkardi-i-sekret-vremeni/
tetya-dyadi-fedora-ili-pobeg-iz-prostokvashino,"Тётя дяди Фёдора, или, побег из простоквашино",Е. Успенский,Эдуард Успенский,,,,,исправлено,Инициал заменен полным именем.,https://nancykhacha.github.io/knigi/kniga/tetya-dyadi-fedora-ili-pobeg-iz-prostokvashino/
tihaya-skazka,Тихая сказка,Самуил Маршак; Владимир Лебедев,Самуил Маршак,Владимир Лебедев,,,,исправлено,"Владимир Лебедев — художник, а не соавтор Маршака.",https://nancykhacha.github.io/knigi/kniga/tihaya-skazka/
tilda-yablochnoe-semechko-bolshoy-perepoloh,Тильда Яблочное Семечко. Большой переполох,Маша Судовых,Андреас Х. Шмахтл,,,,,исправлено,Серию «Тильда Яблочное Семечко» пишет Андреас Х. Шмахтл; в поле стоял другой человек.,https://nancykhacha.github.io/knigi/kniga/tilda-yablochnoe-semechko-bolshoy-perepoloh/
tilda-yablochnoe-semechko-kuda-propal-rupert,Тильда Яблочное Семечко. Куда пропал Руперт?,Мэгуми Иваса,Андреас Х. Шмахтл,,,,,исправлено,Серию «Тильда Яблочное Семечко» пишет Андреас Х. Шмахтл; в поле стоял другой человек.,https://nancykhacha.github.io/knigi/kniga/tilda-yablochnoe-semechko-kuda-propal-rupert/
tilda-yablochnoe-semechko-pogonya-za-udachey,Тильда Яблочное Семечко. Погоня за удачей,Оливер Шерц,Андреас Х. Шмахтл,,,,,исправлено,Серию «Тильда Яблочное Семечко» пишет Андреас Х. Шмахтл; в поле стоял другой человек.,https://nancykhacha.github.io/knigi/kniga/tilda-yablochnoe-semechko-pogonya-za-udachey/
tilda-yablochnoe-semechko-veter-priklyucheniy,Тильда Яблочное Семечко. Ветер приключений,Юлия Симбирская,Андреас Х. Шмахтл,,,,,исправлено,Серию «Тильда Яблочное Семечко» пишет Андреас Х. Шмахтл; в поле стоял другой человек.,https://nancykhacha.github.io/knigi/kniga/tilda-yablochnoe-semechko-veter-priklyucheniy/
tochka-zreniya-vseveduschego-chitatelya-tom-3,Точка зрения Всеведущего читателя. Том 3,Квон Гёыль,singNsong; UMI,Sleepy-C,,,,проверить,"В русском издании манхвы указаны singNsong (новелла), UMI (адаптация) и Sleepy-C (рисунок); «Квон Гёыль» в выходных данных не найден.",https://nancykhacha.github.io/knigi/kniga/tochka-zreniya-vseveduschego-chitatelya-tom-3/
tochka-zreniya-vseveduschego-chitatelya-tom-4,Точка зрения Всеведущего читателя. Том 4,Квон Гёыль,singNsong; UMI,Sleepy-C,,,,проверить,"В русском издании манхвы указаны singNsong (новелла), UMI (адаптация) и Sleepy-C (рисунок); «Квон Гёыль» в выходных данных не найден.",https://nancykhacha.github.io/knigi/kniga/tochka-zreniya-vseveduschego-chitatelya-tom-4/
tomas-drimm-kniga-2-voyna-s-derevyami-nachnetsya-trinadtsatogo,Томас Дримм. Книга 2. Война с деревьями начнется тринадцатого,Ковеларт Дидье ван,Дидье ван Ковеларт,,,,,исправлено,"Порядок «Имя Фамилия», частица «ван» стоит перед фамилией.",https://nancykhacha.github.io/knigi/kniga/tomas-drimm-kniga-2-voyna-s-derevyami-nachnetsya-trinadtsatogo/
tomas-drimm-kniga-3-vremya-ostanovitsya-v-12-05,Томас Дримм. Книга 3. Время остановится в 12:05,Ковеларт Дидье ван,Дидье ван Ковеларт,,,,,исправлено,"Порядок «Имя Фамилия», частица «ван» стоит перед фамилией.",https://nancykhacha.github.io/knigi/kniga/tomas-drimm-kniga-3-vremya-ostanovitsya-v-12-05/
traktor-leonard-i-bolshoe-priklyuchenie,Трактор Леонард и большое приключение,Кольб Суза,Суза Кольб,,,,,исправлено,В данных фамилия стоит перед именем.,https://nancykhacha.github.io/knigi/kniga/traktor-leonard-i-bolshoe-priklyuchenie/
traktor-leonard-traktor-leonard-i-sekretnaya-missiya,Трактор Леонард. Трактор Леонард и секретная миссия,Кольб Суза,Суза Кольб,,,,,исправлено,"В данных порядок «Фамилия Имя», исправлен на «Имя Фамилия».",https://nancykhacha.github.io/knigi/kniga/traktor-leonard-traktor-leonard-i-sekretnaya-missiya/
traktor-leonard-traktor-leonard-i-zagadochnyy-gost,Трактор Леонард. Трактор Леонард и загадочный гость,Кольб Суза,Суза Кольб,,,,,исправлено,"В данных порядок «Фамилия Имя», исправлен на «Имя Фамилия».",https://nancykhacha.github.io/knigi/kniga/traktor-leonard-traktor-leonard-i-zagadochnyy-gost/
tri-medvedya-kotyatova,Три медведя,Н. И. Котятова; Т. В. Баринова,Лев Толстой,,Н. И. Котятова,,,проверить,"«Три медведя» известны в пересказе Льва Толстого; Котятова, вероятно, автор адаптации, роль Т. В. Бариновой не установлена — сверить.",https://nancykhacha.github.io/knigi/kniga/tri-medvedya-kotyatova/
tri-porosenka,Три поросёнка,Английская народная сказка; версия Джозефа Джейкобса,Английская народная сказка,,Джозеф Джейкобс,,,исправлено,"Джейкобс — собиратель английской сказки, его версия переносится в поле пересказа.",https://nancykhacha.github.io/knigi/kniga/tri-porosenka/
tri-porosenka-bulatov,Три поросёнка,Эрик Булатов,Сергей Михалков,Эрик Булатов,,,,проверить,"Эрик Булатов — художник; автор русской версии, вероятно, Сергей Михалков — сверить с книгой.",https://nancykhacha.github.io/knigi/kniga/tri-porosenka-bulatov/
tri-porosenka-smirnova,Три поросенка,Е. Смирнова,Английская народная сказка,,,,,проверить,Это английская народная сказка; роль Е. Смирновой (пересказ или иллюстрации) не установлена — сверить.,https://nancykhacha.github.io/knigi/kniga/tri-porosenka-smirnova/
tri-skazki-pro-lisu,Три сказки про лису,Алексей Толстой,Русские народные сказки,,Алексей Толстой,,,исправлено,"Три русские народные сказки о лисе, Алексей Толстой — автор обработки.",https://nancykhacha.github.io/knigi/kniga/tri-skazki-pro-lisu/
tsyplenok-zheltok,Цыплёнок Желток,Юлия Весова; Мария Позднякова,Юлия Весова,Мария Позднякова,,,,проверить,"Юлия Весова — писательница, Мария Позднякова, вероятно, иллюстратор.",https://nancykhacha.github.io/knigi/kniga/tsyplenok-zheltok/
ty-gde-leopold,"Ты где, Леопольд?",Мишель Ив Шмидтт; Винсент Ко,Мишель Ив Шмидтт,Винсент Ко,,,,проверить,"Винсент Ко, вероятно, иллюстратор; написание «Шмидтт» сверить с изданием.",https://nancykhacha.github.io/knigi/kniga/ty-gde-leopold/
ty-moy-talisman,Ты — мой талисман!,Ирина Лейк; Анастасия Ярошенко,Ирина Лейк,Анастасия Ярошенко,,,,проверить,"Ирина Лейк — писательница, Анастасия Ярошенко, вероятно, иллюстратор.",https://nancykhacha.github.io/knigi/kniga/ty-moy-talisman/
tyapa-i-lyapa-edut-v-otpusk,Тяпа и Ляпа едут в отпуск,Нойдерт Цее,Цее Нойдерт,,,,,исправлено,"В данных порядок «Фамилия Имя», исправлен на «Имя Фамилия».",https://nancykhacha.github.io/knigi/kniga/tyapa-i-lyapa-edut-v-otpusk/
tyapa-i-lyapa-ne-boyatsya-chudisch,Тяпа и Ляпа не боятся чудищ,Нойдерт Цее,Цее Нойдерт,,,,,исправлено,"В данных порядок «Фамилия Имя», исправлен на «Имя Фамилия».",https://nancykhacha.github.io/knigi/kniga/tyapa-i-lyapa-ne-boyatsya-chudisch/
tyapa-i-lyapa-ssoritsya-zaprescheno,Тяпа и Ляпа. Ссориться запрещено!,Нойдерт Цее,Цее Нойдерт,,,,,исправлено,"В данных порядок «Фамилия Имя», исправлен на «Имя Фамилия».",https://nancykhacha.github.io/knigi/kniga/tyapa-i-lyapa-ssoritsya-zaprescheno/
u-serebryanogo-ozera,У Серебряного озера,Инглз Уайлдер Лора,Лора Инглз Уайлдер,,,,,исправлено,Имя и фамилия переставлены; в аннотации — Лора Инглз Уайлдер.,https://nancykhacha.github.io/knigi/kniga/u-serebryanogo-ozera/
uzhasno-smeshnye-istorii-skeleta-olivera-skelet-oliver-i-pohischenie,Ужасно смешные истории скелета Оливера. Скелет Оливер и похищение привидения,Кампелло Джудитта,Джудитта Кампелло,,,,,исправлено,"В данных порядок «Фамилия Имя», исправлен на «Имя Фамилия».",https://nancykhacha.github.io/knigi/kniga/uzhasno-smeshnye-istorii-skeleta-olivera-skelet-oliver-i-pohischenie/
v-gostyah-u-dinozavrov-razgadka-ischeznoveniya-dinozavrov-rassledovanie,В гостях у динозавров. Разгадка исчезновения динозавров. Расследование в меловом периоде,Анастасия Галкина; Екатерина Ладатко,Анастасия Галкина,Екатерина Ладатко,,,,исправлено,"Екатерина Ладатко — художница серии «В гостях у динозавров», что следует из аннотации к книге о юрском периоде.",https://nancykhacha.github.io/knigi/kniga/v-gostyah-u-dinozavrov-razgadka-ischeznoveniya-dinozavrov-rassledovanie/
v-ochen-solnechnoy-sisteme-god-s-poetami,В очень Солнечной системе. Год с поэтами,Евгений Клюев; Артур Гиваргизов; Марина Бородицкая; Наталия Волкова; Маша Рупасова; Алексей Зайцев; Герман Лукомников; Мария Дубиковская; Тимофей Петухов; Евгения Гончарова; Юлия Симбирская; Сергей Махотин; Анна Игнатова; Галина Дядина; Елена Мамонтова; Станислав Востоков; Елена Ярышевская; Анастасия Орлова; Марина Номоконова,Сборник,,,,,исправлено,Антология стихов девятнадцати поэтов.,https://nancykhacha.github.io/knigi/kniga/v-ochen-solnechnoy-sisteme-god-s-poetami/
v-shkole-snova-peremeny,В школе снова перемены,Юлия Асланова; Юлия Прохоцкая,Юлия Асланова,Юлия Прохоцкая,,,,проверить,"В аннотации автором названа только Юлия Асланова; Юлия Прохоцкая, вероятно, иллюстратор.",https://nancykhacha.github.io/knigi/kniga/v-shkole-snova-peremeny/
v-tsirke,В цирке,Доро Гёбель,Доро Гёбель; Петер Кнорр,,,,,проверить,Книги серии «История в картинках» Доро Гёбель делает с Петером Кнорром — сверить с изданием.,https://nancykhacha.github.io/knigi/kniga/v-tsirke/
vernye-druzya,Верные друзья,Мариам Кордес,Мириам Кордес,,,,,проверить,"Вероятно, немецкая писательница и художница Miriam Cordes; написание «Мариам» сверить с обложкой.",https://nancykhacha.github.io/knigi/kniga/vernye-druzya/
vezhlivoe-slovo,Вежливое слово,Е. Мошковская,Эмма Мошковская,,,,,исправлено,"Инициал заменен полным именем, оно есть в аннотации.",https://nancykhacha.github.io/knigi/kniga/vezhlivoe-slovo/
voennaya-tayna-golubaya-chashka-timur-i-ego-komanda-chuk-i-gek-m-o,Военная тайна. Голубая чашка. Тимур и его команда. Чук и Гек м/о,Гайдар Аркадий,Аркадий Гайдар,,,,,исправлено,В данных фамилия стоит перед именем.,https://nancykhacha.github.io/knigi/kniga/voennaya-tayna-golubaya-chashka-timur-i-ego-komanda-chuk-i-gek-m-o/
volk-i-kozlyata,Волк и козлята,Н. И. Котятова; Т. В. Баринова,Русская народная сказка,,Н. И. Котятова,,,проверить,"Это русская народная сказка; Котятова, вероятно, автор пересказа, роль Т. В. Бариновой не установлена — сверить.",https://nancykhacha.github.io/knigi/kniga/volk-i-kozlyata/
volk-i-kozlyata-afanasev,Волк и козлята,Александр Афанасьев,Русская народная сказка,,Александр Афанасьев,,,исправлено,"Александр Афанасьев — собиратель фольклора, а не автор сказки.",https://nancykhacha.github.io/knigi/kniga/volk-i-kozlyata-afanasev/
volshebnaya-igolochka,Волшебная иголочка,В. Осеева,Валентина Осеева,,,,,исправлено,Инициал заменен полным именем.,https://nancykhacha.github.io/knigi/kniga/volshebnaya-igolochka/
volshebnaya-kniga-dinozavrov-puteshestvie-v-yurskiy-period,Волшебная книга динозавров. Путешествие в юрский период,Анастасия Галкина; Екатерина Ладатко,Анастасия Галкина,Екатерина Ладатко,,,,исправлено,Екатерина Ладатко — художница: в аннотации «яркие иллюстрации Екатерины Ладатко».,https://nancykhacha.github.io/knigi/kniga/volshebnaya-kniga-dinozavrov-puteshestvie-v-yurskiy-period/
volshebnaya-kniga-russkih-narodnyh-skazok-s-zhivymi-kartinkami,Волшебная книга русских народных сказок с живыми картинками,Николай Поклад,Русские народные сказки,,,,,проверить,Это русские народные сказки; роль Николая Поклада (составитель или художник) не установлена — сверить.,https://nancykhacha.github.io/knigi/kniga/volshebnaya-kniga-russkih-narodnyh-skazok-s-zhivymi-kartinkami/
volshebnoe-koltso,Волшебное кольцо,Андрей Платонов,Русская народная сказка,,Андрей Платонов,,,проверить,"По аннотации это народная сказка в пересказе Андрея Платонова — обработчик идет в пересказ; решить, оставлять ли Платонова автором.",https://nancykhacha.github.io/knigi/kniga/volshebnoe-koltso/
volshebnoe-slovo,Волшебное слово,В. Осеева,Валентина Осеева,,,,,исправлено,"Инициал заменен полным именем, оно есть в аннотации.",https://nancykhacha.github.io/knigi/kniga/volshebnoe-slovo/
volshebnye-konki,Волшебные коньки,Евгения Русинова; Лера Хаус,Евгения Русинова,Лера Хаус,,,,проверить,"Евгения Русинова — писательница, Лера Хаус, вероятно, иллюстратор.",https://nancykhacha.github.io/knigi/kniga/volshebnye-konki/
volshebnye-miry-povelitel-koshmarov,Волшебные миры. Повелитель кошмаров,Мурго Антония,Антония Мурго,,,,,исправлено,"В данных порядок «Фамилия Имя», исправлен на «Имя Фамилия».",https://nancykhacha.github.io/knigi/kniga/volshebnye-miry-povelitel-koshmarov/
volshebnye-spasateli-i-shkola-volshebstva,Волшебные спасатели и школа волшебства,Кэтдор Сабрина,Сабрина Кэтдор,,,,,исправлено,В данных фамилия стоит перед именем.,https://nancykhacha.github.io/knigi/kniga/volshebnye-spasateli-i-shkola-volshebstva/
volshebnye-spasateli-volshebnye-spasateli-i-buhta-cherepa,Волшебные спасатели. Волшебные спасатели и Бухта черепа,Кэтдор Сабрина,Сабрина Кэтдор,,,,,исправлено,В данных фамилия стоит перед именем.,https://nancykhacha.github.io/knigi/kniga/volshebnye-spasateli-volshebnye-spasateli-i-buhta-cherepa/
volshebnyy-edinorog-tayna-zacharovannogo-zerkala,Волшебный единорог. Тайна зачарованного зеркала,Гримм Сандра,Сандра Гримм,,,,,исправлено,В данных фамилия стоит перед именем.,https://nancykhacha.github.io/knigi/kniga/volshebnyy-edinorog-tayna-zacharovannogo-zerkala/
volshebnyy-edinorog-volshebnyy-edinorog-zagadka-ognennoy-gory,Волшебный единорог. Волшебный единорог. Загадка Огненной горы,Гримм Сандра,Сандра Гримм,,,,,исправлено,В данных фамилия стоит перед именем.,https://nancykhacha.github.io/knigi/kniga/volshebnyy-edinorog-volshebnyy-edinorog-zagadka-ognennoy-gory/
vorona-i-kot,Ворона и кот,Юлия Симбирская; Ксения Гурченкова,Юлия Симбирская,Ксения Гурченкова,,,,проверить,"Юлия Симбирская — писательница, Ксения Гурченкова, вероятно, иллюстратор.",https://nancykhacha.github.io/knigi/kniga/vorona-i-kot/
voyna-katrin-graficheskiy-roman,Война Катрин. Графический роман,Юлия Бийе; Клер Фовель,Юлия Бийе,Клер Фовель,,,,исправлено,Клер Фовель — художница графического романа по книге Юлии Бийе (по аннотации).,https://nancykhacha.github.io/knigi/kniga/voyna-katrin-graficheskiy-roman/
vse-skazki-i-stihi-dlya-detskogo-sada,Все сказки и стихи для детского сада,З. Александрова; Александр Пушкин,Сборник,,,,,исправлено,"Хрестоматия многих авторов, а в поле стоят два автора из ее состава.",https://nancykhacha.github.io/knigi/kniga/vse-skazki-i-stihi-dlya-detskogo-sada/
vspominay-ded-moroz,"Вспоминай, Дед Мороз!",Полина Щербак; Дарья Луговская,Полина Щербак,Дарья Луговская,,,,проверить,"Полина Щербак — писательница, Дарья Луговская, вероятно, иллюстратор.",https://nancykhacha.github.io/knigi/kniga/vspominay-ded-moroz/
vtoroe-aprelya,Второе апреля,Илья Зверев; Вадим Сидур,Илья Зверев,Вадим Сидур,,,,исправлено,"По аннотации Вадим Сидур — автор иллюстраций, рассказы написал Илья Зверев.",https://nancykhacha.github.io/knigi/kniga/vtoroe-aprelya/
winx-magiya-vokrug-volshebnaya-kniga-igr,Winx. Магия вокруг! Волшебная книга игр,Николаева Е.Е.,Е. Е. Николаева,,,,,исправлено,"Приведено к виду «И. О. Фамилия», как в других карточках каталога; полное имя неизвестно.",https://nancykhacha.github.io/knigi/kniga/winx-magiya-vokrug-volshebnaya-kniga-igr/
ya-bolshe-tak-ne-budu,Я больше так не буду,Кларк Эмма Чичестер,Эмма Чичестер Кларк,,,,,исправлено,Имя и фамилия переставлены; в аннотации — Эмма Чичестер Кларк.,https://nancykhacha.github.io/knigi/kniga/ya-bolshe-tak-ne-budu/
ya-lyublyu-tebya-babushka,"Я люблю тебя, бабушка!",Харкер Джиллиан,Джиллиан Харкер,,,,,исправлено,В данных фамилия стоит перед именем.,https://nancykhacha.github.io/knigi/kniga/ya-lyublyu-tebya-babushka/
ya-lyublyu-tebya-dedushka,"Я люблю тебя, дедушка!",Харкер Джиллиан,Джиллиан Харкер,,,,,исправлено,В данных фамилия стоит перед именем.,https://nancykhacha.github.io/knigi/kniga/ya-lyublyu-tebya-dedushka/
ya-lyublyu-tebya-mamochka,"Я люблю тебя, мамочка!",Харкер Джиллиан,Джиллиан Харкер,,,,,исправлено,В данных фамилия стоит перед именем.,https://nancykhacha.github.io/knigi/kniga/ya-lyublyu-tebya-mamochka/
ya-zdes-zhivu,Я здесь живу,Мария Ботева,Сборник,,,,,исправлено,"Сборник разных авторов: в нем, например, повести Евгении Басовой и Марии Ботевой.",https://nancykhacha.github.io/knigi/kniga/ya-zdes-zhivu/
za-gorodom,За городом,Доро Гёбель,Доро Гёбель; Петер Кнорр,,,,,исправлено,По аннотации книгу без текста сделали художники Доро Гёбель и Петер Кнорр.,https://nancykhacha.github.io/knigi/kniga/za-gorodom/
zagadka-pochtovogo-golubya,Загадка почтового голубя,Антон Иванов,Антон Иванов; Анна Устинова,,,,,исправлено,Книги о компании с Большой Спасской Антон Иванов писал вместе с Анной Устиновой.,https://nancykhacha.github.io/knigi/kniga/zagadka-pochtovogo-golubya/
zaychonok-hochet-domoy,Зайчонок хочет домой,Бэгели Элизабет,Элизабет Бэгели,,,,,исправлено,В данных фамилия стоит перед именем.,https://nancykhacha.github.io/knigi/kniga/zaychonok-hochet-domoy/
zayushkina-izbushka,Заюшкина избушка,Ольга Капица; Татьяна Серова,Русская народная сказка,Татьяна Серова,Ольга Капица,,,исправлено,Народная сказка в обработке Ольги Капицы; Татьяна Серова — художница издания.,https://nancykhacha.github.io/knigi/kniga/zayushkina-izbushka/
zayushkina-izbushka-kotyatova,Заюшкина избушка,Н. И. Котятова; Т. В. Баринова,Русская народная сказка,,Н. И. Котятова,,,проверить,"Это русская народная сказка; Котятова, вероятно, автор пересказа, роль Т. В. Бариновой не установлена — сверить.",https://nancykhacha.github.io/knigi/kniga/zayushkina-izbushka-kotyatova/
zdravstvuyte-mister-hlad,"Здравствуйте, мистер Хлад",Карлс Порта,Карлес Порта,,,,,исправлено,"Опечатка: каталанское имя Carles, как во второй книге серии — «Карлес Порта».",https://nancykhacha.github.io/knigi/kniga/zdravstvuyte-mister-hlad/
zhivoy-kamen,Живой камень,Полина Щербак; Павла Петрушова,Полина Щербак,Павла Петрушова,,,,проверить,"Полина Щербак — писательница, Павла Петрушова, вероятно, иллюстратор.",https://nancykhacha.github.io/knigi/kniga/zhivoy-kamen/
zhizn-i-udivitelnye-priklyucheniya-znamenitogo-sinora-pulchinelly-iz,Жизнь и удивительные приключения знаменитого синьора Пульчинеллы из Неаполя,Григорий Кружков,Октав Фейе,,Григорий Кружков,,,исправлено,"По аннотации книгу о Пульчинелле написал Октав Фейе, Кружков — пересказчик.",https://nancykhacha.github.io/knigi/kniga/zhizn-i-udivitelnye-priklyucheniya-znamenitogo-sinora-pulchinelly-iz/
zhozefina-mechtaet-o-druge,Жозефина мечтает о друге,Юлия Симбирская,Андреас Х. Шмахтл,,,,,исправлено,Аннотация: «Автор и иллюстратор — Андреас Х. Шмахтл».,https://nancykhacha.github.io/knigi/kniga/zhozefina-mechtaet-o-druge/
zhozefina-mechtaet-o-more,Жозефина мечтает о море,Юлия Симбирская,Андреас Х. Шмахтл,,,,,исправлено,Аннотация: «Автор и иллюстратор — Андреас Х. Шмахтл».,https://nancykhacha.github.io/knigi/kniga/zhozefina-mechtaet-o-more/
zhuravlinye-perya,Журавлиные перья,Вера Н. Маркова,Японские народные сказки,,Вера Маркова,,,исправлено,"Сказки японские народные, Вера Маркова — автор пересказа (по аннотации).",https://nancykhacha.github.io/knigi/kniga/zhuravlinye-perya/
zimnie-istorii-pro-miru-i-goshu,Зимние истории про Миру и Гошу,Мария Колкер,Наталья Ремиш,Мария Колкер,,,,исправлено,"По аннотации и выходным данным книга Натальи Ремиш, Мария Колкер — иллюстратор.",https://nancykhacha.github.io/knigi/kniga/zimnie-istorii-pro-miru-i-goshu/
zolotaya-bibliotechka-malysha-zaychik-ischet-dom,Золотая библиотечка малыша. Зайчик ищет дом,Браун Маргарет Уайз,Маргарет Уайз Браун,,,,,исправлено,В данных фамилия стоит перед именем.,https://nancykhacha.github.io/knigi/kniga/zolotaya-bibliotechka-malysha-zaychik-ischet-dom/
zolotaya-klassika-dlya-detey-schelkunchik-i-myshinyy-korol,Золотая классика для детей. Щелкунчик и мышиный король,Гофман Эрнст Теодор Амадей,Эрнст Теодор Амадей Гофман,,,,,исправлено,В данных фамилия стоит перед именем.,https://nancykhacha.github.io/knigi/kniga/zolotaya-klassika-dlya-detey-schelkunchik-i-myshinyy-korol/
zolotaya-klassika-dlya-detey-skazki-sharlya-perro,Золотая классика для детей. Сказки Шарля Перро,Перро Шарль,Шарль Перро,,,,,исправлено,"В данных порядок «Фамилия Имя», исправлен на «Имя Фамилия».",https://nancykhacha.github.io/knigi/kniga/zolotaya-klassika-dlya-detey-skazki-sharlya-perro/
zoodetektiv-malenkaya-tayna-bolshogo-slona,Зоодетектив. Маленькая тайна большого слона,Фогель Кирстен,Кирстен Фогель,,,,,исправлено,В данных фамилия стоит перед именем.,https://nancykhacha.github.io/knigi/kniga/zoodetektiv-malenkaya-tayna-bolshogo-slona/
