slug,title,field,old,new
kolobok-skazka,Колобок,ageLabel,2–4 лет,2–4 года
kolobok-skazka,Колобок,whyRecommended,"Если ребёнок любит народная сказка и сюжеты о животных и юморе, книга подойдёт ему в возрасте 2–4 лет. Она подходит для совместного чтения со взрослым.","Если ребёнок любит народные сказки и сюжеты о животных и юморе, книга подойдёт ему в возрасте 2–4 лет. Она подходит для совместного чтения со взрослым."
krasnaya-shapochka,Красная Шапочка,whyRecommended,"Подойдёт читателям 5–8 лет, которые любят литературная сказка. В книге затрагиваются темы природы, приключений и семьи.","Подойдёт читателям 5–8 лет, которые любят литературные сказки. В книге затрагиваются темы природы, приключений и семьи."
bremenskie-muzykanty,Бременские музыканты,whyRecommended,"Если ребёнок любит литературная сказка и сюжеты о животных, дружбе и юморе, книга подойдёт ему в возрасте 4–8 лет. Она подходит для самостоятельного или совместного чтения.","Если ребёнок любит литературные сказки и сюжеты о животных, дружбе и юморе, книга подойдёт ему в возрасте 4–8 лет. Она подходит для самостоятельного или совместного чтения."
tri-porosenka,Три поросёнка,whyRecommended,"Подойдёт читателям 3–6 лет, которые любят народная сказка. В книге затрагиваются темы животных, приключений и юмора.","Подойдёт читателям 3–6 лет, которые любят народные сказки. В книге затрагиваются темы животных, приключений и юмора."
priklyucheniya-pinokkio,Приключения Пиноккио,whyRecommended,"Если ребёнок любит литературная сказка и приключенческие книги и сюжеты о приключениях, волшебстве и школе, книга подойдёт ему в возрасте 7–11 лет. Она подходит для самостоятельного или совместного чтения.","Если ребёнок любит литературные сказки и приключенческие книги и сюжеты о приключениях, волшебстве и школе, книга подойдёт ему в возрасте 7–11 лет. Она подходит для самостоятельного или совместного чтения."
aladdin-i-volshebnaya-lampa,Аладдин и волшебная лампа,whyRecommended,"Подойдёт читателям 7–11 лет, которые любят народная сказка и приключенческие книги. В книге затрагиваются темы приключений и волшебства.","Подойдёт читателям 7–11 лет, которые любят народные сказки и приключенческие книги. В книге затрагиваются темы приключений и волшебства."
volshebnaya-kist-ma-lyana,Волшебная кисть Ма Ляна,whyRecommended,"Если ребёнок любит литературная сказка и сюжеты о творчестве, волшебстве и истории, книга подойдёт ему в возрасте 6–10 лет. Она подходит для самостоятельного или совместного чтения.","Если ребёнок любит литературные сказки и сюжеты о творчестве, волшебстве и истории, книга подойдёт ему в возрасте 6–10 лет. Она подходит для самостоятельного или совместного чтения."
gruffalo,Груффало,pages,2020,null
gruffalo,Груффало,lengthCategory,very-short,null
gruffalo,Груффало,whyRecommended,"Подойдёт читателям 3–6 лет, которые любят книжка-картинка и сказки. В книге затрагиваются темы животных, приключений и юмора.","Подойдёт читателям 3–6 лет, которые любят книжки-картинки и сказки. В книге затрагиваются темы животных, приключений и юмора."
imeninnyy-pirog,Именинный пирог,pages,2022,null
imeninnyy-pirog,Именинный пирог,lengthCategory,very-short,null
akuliska-vrag-rediski-i-drugie-istorii-o-lise-i-porosenke,Акулиска — враг редиски и другие истории о Лисе и Поросёнке,whyRecommended,"Если ребёнок любит сборник рассказов и приключенческие книги и сюжеты о животных, дружбе и приключениях, книга подойдёт ему в возрасте 5–8 лет. Она подходит для самостоятельного или совместного чтения.","Если ребёнок любит сборники рассказов и приключенческие книги и сюжеты о животных, дружбе и приключениях, книга подойдёт ему в возрасте 5–8 лет. Она подходит для самостоятельного или совместного чтения."
vafelnoe-serdtse,Вафельное сердце,whyRecommended,"Подойдёт читателям 8–12 лет, которые любят повесть. В книге затрагиваются темы дружбы, семьи и приключений.","Подойдёт читателям 8–12 лет, которые любят повести. В книге затрагиваются темы дружбы, семьи и приключений."
paks,Пакс,whyRecommended,"Если ребёнок любит роман и сюжеты о животных, дружбе и семье, книга подойдёт ему в возрасте 10–14 лет. Она подходит для самостоятельного или совместного чтения.","Если ребёнок любит романы и сюжеты о животных, дружбе и семье, книга подойдёт ему в возрасте 10–14 лет. Она подходит для самостоятельного или совместного чтения."
dzheyn-lisa-i-ya-britt,"Джейн, лиса и я",whyRecommended,"Подойдёт читателям 10–14 лет, которые любят графический роман. В книге затрагиваются темы школы, дружбы и семьи.","Подойдёт читателям 10–14 лет, которые любят графические романы. В книге затрагиваются темы школы, дружбы и семьи."
babushka-slomala-internet,Бабушка сломала интернет,whyRecommended,"Если ребёнок любит повесть и комедия и сюжеты о семье, технике и юморе, книга подойдёт ему в возрасте 6–9 лет. Она подходит для самостоятельного или совместного чтения.","Если ребёнок любит повести и комедии и сюжеты о семье, технике и юморе, книга подойдёт ему в возрасте 6–9 лет. Она подходит для самостоятельного или совместного чтения."
bolshaya-malenkaya-devochka-kak-priruchit-gorod,Большая маленькая девочка. Как приручить город,whyRecommended,"Подойдёт читателям 5–8 лет, которые любят повесть и книжка-картинка. В книге затрагиваются темы семьи, школы и юмора.","Подойдёт читателям 5–8 лет, которые любят повести и книжки-картинки. В книге затрагиваются темы семьи, школы и юмора."
manyunya,Манюня,whyRecommended,"Если ребёнок любит автобиографическая повесть и комедия и сюжеты о семье, дружбе и юморе, книга подойдёт ему в возрасте 10–14 лет. Она подходит для самостоятельного или совместного чтения.","Если ребёнок любит автобиографические повести и комедии и сюжеты о семье, дружбе и юморе, книга подойдёт ему в возрасте 10–14 лет. Она подходит для самостоятельного или совместного чтения."
davay-poedem-v-unalashku,Давай поедем в Уналашку,whyRecommended,"Подойдёт читателям 9–13 лет, которые любят повесть. В книге затрагиваются темы семьи, дружбы и школы.","Подойдёт читателям 9–13 лет, которые любят повести. В книге затрагиваются темы семьи, дружбы и школы."
nastoyaschaya-zhizn-zhakomina-geynsboro,Настоящая жизнь Жакомина Гейнсборо,pages,2019,null
nastoyaschaya-zhizn-zhakomina-geynsboro,Настоящая жизнь Жакомина Гейнсборо,lengthCategory,short,null
spokoynoy-nochi-luna,"Спокойной ночи, Луна",whyRecommended,"Если ребёнок любит книжка-картинка и стихотворная история и сюжеты о семье и природе, книга подойдёт ему в возрасте 2–5 лет. Она подходит для совместного чтения со взрослым.","Если ребёнок любит книжки-картинки и стихотворные истории и сюжеты о семье и природе, книга подойдёт ему в возрасте 2–5 лет. Она подходит для совместного чтения со взрослым."
sovyata,Совята,whyRecommended,"Подойдёт читателям 2–5 лет, которые любят книжка-картинка и семейные истории. В книге затрагиваются темы животных, семьи и природы.","Подойдёт читателям 2–5 лет, которые любят книжки-картинки и семейные истории. В книге затрагиваются темы животных, семьи и природы."
dochurka-gruffalo,Дочурка Груффало,pages,2020,null
dochurka-gruffalo,Дочурка Груффало,lengthCategory,very-short,null
dochurka-gruffalo,Дочурка Груффало,whyRecommended,"Если ребёнок любит книжка-картинка и сказки и сюжеты о животных, приключениях и юморе, книга подойдёт ему в возрасте 3–6 лет. Она подходит для совместного чтения со взрослым.","Если ребёнок любит книжки-картинки и сказки и сюжеты о животных, приключениях и юморе, книга подойдёт ему в возрасте 3–6 лет. Она подходит для совместного чтения со взрослым."
dzhordzh-i-tayny-vselennoy,Джордж и тайны Вселенной,pages,2021,null
dzhordzh-i-tayny-vselennoy,Джордж и тайны Вселенной,lengthCategory,long,null
detektiv-per-rasputyvaet-delo-v-poiskah-pohischennogo-labirinta,Детектив Пьер распутывает дело. В поисках похищенного лабиринта,pages,2020,null
detektiv-per-rasputyvaet-delo-v-poiskah-pohischennogo-labirinta,Детектив Пьер распутывает дело. В поисках похищенного лабиринта,lengthCategory,short,null
detektiv-per-rasputyvaet-delo-v-poiskah-pohischennogo-labirinta,Детектив Пьер распутывает дело. В поисках похищенного лабиринта,whyRecommended,"Если ребёнок любит книга-игра и детективы и сюжеты о детективе, приключениях и творчестве, книга подойдёт ему в возрасте 6–10 лет. Она подходит для самостоятельного или совместного чтения.","Если ребёнок любит книги-игры и детективы и сюжеты о детективе, приключениях и творчестве, книга подойдёт ему в возрасте 6–10 лет. Она подходит для самостоятельного или совместного чтения."
detektiv-samson,Детектив Самсон,whyRecommended,"Подойдёт читателям 4–7 лет, которые любят книжка-картинка и детективы. В книге затрагиваются темы детектива, животных и юмора.","Подойдёт читателям 4–7 лет, которые любят книжки-картинки и детективы. В книге затрагиваются темы детектива, животных и юмора."
univermag-dinozavrov,Универмаг динозавров,whyRecommended,"Если ребёнок любит книжка-картинка и сказочная история и сюжеты о динозаврах, юморе и приключениях, книга подойдёт ему в возрасте 3–6 лет. Она подходит для совместного чтения со взрослым.","Если ребёнок любит книжки-картинки и сказочные истории и сюжеты о динозаврах, юморе и приключениях, книга подойдёт ему в возрасте 3–6 лет. Она подходит для совместного чтения со взрослым."
v-dobryy-put-malysh,"В добрый путь, малыш!",ageLabel,0–3 лет,0–3 года
gav,Гав,ageLabel,0–3 лет,0–3 года
moy-dedushka-byl-vishney,Мой дедушка был вишней,pages,2020,null
moy-dedushka-byl-vishney,Мой дедушка был вишней,lengthCategory,medium,null
saharnyy-rebenok,Сахарный ребёнок,pages,2020,null
saharnyy-rebenok,Сахарный ребёнок,lengthCategory,long,null
mishka-buryy-mishka-kto-tam-vperedi,"Мишка, бурый мишка, кто там впереди?",ageLabel,1–4 лет,1–4 года
ferdinand,Фердинанд,pages,2018,null
ferdinand,Фердинанд,lengthCategory,very-short,null
znaesh-kak-ya-tebya-lyublyu,"Знаешь, как я тебя люблю?",pages,2006,null
znaesh-kak-ya-tebya-lyublyu,"Знаешь, как я тебя люблю?",lengthCategory,very-short,null
ulitka-i-kit,Улитка и кит,pages,2020,null
ulitka-i-kit,Улитка и кит,lengthCategory,very-short,null
tyulka,Тюлька,pages,2011,null
tyulka,Тюлька,lengthCategory,very-short,null
beskonechnaya-istoriya,Бесконечная история,pages,2009,null
beskonechnaya-istoriya,Бесконечная история,lengthCategory,long,null
451-gradus-po-farengeytu,451 градус по Фаренгейту,whyRecommended,"Если ребёнок любит научную фантастику и сюжеты о искусстве, безопасности и самооценке, книга подойдёт ему в возрасте 14–17 лет. Она подходит для самостоятельного чтения.","Если ребёнок любит научную фантастику и сюжеты об искусстве, безопасности и самооценке, книга подойдёт ему в возрасте 14–17 лет. Она подходит для самостоятельного чтения."
saymon-i-programma-homo-sapiens,Саймон и программа Homo sapiens,whyRecommended,"Для читателей 14–17 лет это реалистическая проза о отношениях, школе и самооценке. Книгу можно выбрать для самостоятельного чтения.","Для читателей 14–17 лет это реалистическая проза об отношениях, школе и самооценке. Книгу можно выбрать для самостоятельного чтения."
vse-skazki-k-chukovskogo,Все сказки К. Чуковского,author,Корней Иванович Чуковский,Корней Чуковский
detki-v-kletke,Детки в клетке,ageLabel,0–3 лет,0–3 года
pro-zverey,Про зверей,author,Константин Дмитриевич Ушинский,Константин Ушинский
kak-ezhik-s-medvezhonkom-protirali-zvezdy,Как Ёжик с Медвежонком протирали звезды,author,С. Г. Козлов,Сергей Козлов
skazki-mihalkov,Сказки,author,Сергей Владимирович Михалков,Сергей Михалков
vladimir-krasnoe-solnyshko,Владимир красное солнышко,whyRecommended,Для читателей 7–12 лет это реалистическая проза о истории и войне. Книгу можно выбрать для самостоятельного или совместного чтения.,Для читателей 7–12 лет это реалистическая проза об истории и войне. Книгу можно выбрать для самостоятельного или совместного чтения.
troe-iz-prostokvashino,Трое из Простоквашино,author,Едуард Успенский,Эдуард Успенский
kashtanka,Каштанка,author,Антон Павлович Чехов,Антон Чехов
drug-detstva,Друг детства,author,В. Драгунский,Виктор Драгунский
na-nashem-dvore,На нашем дворе,author,Евгений Иванович Чарушин,Евгений Чарушин
skazki-volshebnoi-polyanki,Сказки волшебнои полянки,title,Сказки волшебнои полянки,Сказки волшебной полянки
zhizn-ivana-semenova-vtoroklassnika-i-vtorogodnika,"Жизнь Ивана Семёнова, второклассника и второгодника",author,Лев Иванович Давыдычев,Лев Давыдычев
novyy-god-v-volshebnom-lesu,Новый год в волшебном лесу,ageLabel,0–3 лет,0–3 года
novyy-god-v-volshebnom-lesu,Новый год в волшебном лесу,author,Екатерина Александровна Лопатина-Неволина,Екатерина Лопатина-Неволина
vse-skazochnye-istorii-pro-cheburashku,Все сказочные истории про Чебурашку,author,Едуард Успенский,Эдуард Успенский
veselye-istorii,Весёлые истории,author,Г. Цыферов,Геннадий Цыферов
skazki-malyutki,Сказки-малютки,author,Г. Цыферов,Геннадий Цыферов
kak-stat-bolshim-i-drugie-istorii,«Как стать большим» и другие истории,author,Г. Цыферов,Геннадий Цыферов
skazki-ushinskiy,Сказки,author,Константин Дмитриевич Ушинский,Константин Ушинский
papa-mama-i-ya,"Папа, мама, и я",author,В. Драгунский,Виктор Драгунский
skazka-v-russkoy-zhivopisi,Сказка в русской живописи,whyRecommended,Для читателей 7–12 лет это сказка о искусстве. Книгу можно выбрать для самостоятельного или совместного чтения.,Для читателей 7–12 лет это сказка об искусстве. Книгу можно выбрать для самостоятельного или совместного чтения.
delfiniy-ostrov,Дельфиний остров,pages,2018,null
domik-u-perehoda,Домик у перехода,author,А. Усачёв,Андрей Усачёв
rasskazy-o-zhivotnyh,Рассказы о животных,author,Михаил Михайлович Пришвин,Михаил Пришвин
zayushkina-izbushka-kotyatova,Заюшкина избушка,ageLabel,0–3 лет,0–3 года
million-priklyucheniy,Миллион приключений,author,К. Булычев,Кир Булычёв
beleet-parus-odinokiy-kataev,Белеет парус одинокий,author,Валентин Петрович Катаев,Валентин Катаев
beleet-parus-odinokiy-kataev,Белеет парус одинокий,whyRecommended,Для читателей 7–12 лет это приключения о истории и приключениях. Книгу можно выбрать для самостоятельного или совместного чтения.,Для читателей 7–12 лет это приключения об истории и приключениях. Книгу можно выбрать для самостоятельного или совместного чтения.
dobrye-skazki,Добрые Сказки,author,Г. Цыферов,Геннадий Цыферов
skazki-chukovskiy,Сказки,author,Корней Иванович Чуковский,Корней Чуковский
volshebnik-izumrudnogo-goroda-urfin-dzhyus-i-ego-derevyannye-soldaty,Волшебник Изумрудного города; Урфин Джюс и его деревянные солдаты; Семь подземных королей,author,А. Волков,Александр Волков
v-strane-vechnyh-kanikul,В стране вечных каникул,author,Анатолий Георгиевич Алексин,Анатолий Алексин
priklyucheniya-bibigona,Приключения Бибигона,author,Корней Иванович Чуковский,Корней Чуковский
priklyucheniya-petrushki,Приключения Петрушки,author,Маргарита Андреевна Фадеева,Маргарита Фадеева
skazka-o-zolotom-petushke,Сказка о золотом петушке,author,Александр Сергеевич Пушкин,Александр Пушкин
skazka-o-tsare-saltane-o-syne-ego-slavnom-i-moguchem-bogatere-knyaze,"Сказка о царе Салтане, о сыне его славном и могучем богатере князе Гвидоне Салтановиче и о прекрасной царевне Лебеди",author,Александр Сергеевич Пушкин,Александр Пушкин
domovenok-foka-i-ego-druzya,Домовёнок Фока и его друзья,author,Андрей Васильевич Растворцев,Андрей Растворцев
skazki-pesni-zagadki,"Сказки, песни, загадки",author,Самуил Маршак; Владимир Васильевич Лебедев,Самуил Маршак; Владимир Лебедев
stihi-i-skazki,Стихи и сказки,author,Борис Владимирович Заходер,Борис Заходер
ryzhaya-skazka,Рыжая сказка,author,С. Г. Козлов,Сергей Козлов
vozvraschenie-bludnogo-popugaya-i-drugie-istorii,Возвращение блудного попугая и другие истории,author,А. Курляндский,Александр Курляндский
volshebnoe-koltso,Волшебное кольцо,author,Андрей Платонович Платонов,Андрей Платонов
petr-chaykovskiy-ili-volshebnoe-pero,"Петр Чайковский, или, Волшебное перо",pages,2008,null
veselii-schet,Веселии щет,ageLabel,0–3 лет,0–3 года
skazki-pushkin,Сказки,author,Александр Сергеевич Пушкин,Александр Пушкин
volk-i-kozlyata-afanasev,Волк и козлята,author,А. Н. Афанасьев,Александр Афанасьев
skazki-pro-krokodila-genu-cheburashku-i-ih-druzey,"Сказки про Крокодила Гену, Чебурашку и их друзей",author,Едуард Успенский,Эдуард Успенский
skazki-starinnogo-goroda,Сказки старинного города,author,Г. Цыферов,Геннадий Цыферов
tihaya-skazka,Тихая сказка,author,Самуил Маршак; Владимир Васильевич Лебедев,Самуил Маршак; Владимир Лебедев
veselyy-dvoechnik,Весёлый двоечник,pages,2010,null
tri-porosenka-trusohvostik-odnoglazyy-drozd-prazdnik-neposlushanya,Три поросёнка; Трусохвостик; Одноглазый дрозд; Праздник непослушаня; Лесная Академия,title,Три поросёнка; Трусохвостик; Одноглазый дрозд; Праздник непослушаня; Лесная Академия,Три поросёнка; Трусохвостик; Одноглазый дрозд; Праздник непослушания; Лесная Академия
tri-porosenka-trusohvostik-odnoglazyy-drozd-prazdnik-neposlushanya,Три поросёнка; Трусохвостик; Одноглазый дрозд; Праздник непослушаня; Лесная Академия,author,Сергей Владимирович Михалков,Сергей Михалков
skazka-o-rybake-i-rybke,Сказка о рыбаке и рыбке,author,Александр Сергеевич Пушкин,Александр Пушкин
skazka-o-tsare-saltane,Сказка о царе Салтане,author,Александр Сергеевич Пушкин,Александр Пушкин
vse-skazki-i-stihi-dlya-detskogo-sada,Все сказки и стихи для детского сада,author,З. Александрова; Александр Сергеевич Пушкин,З. Александрова; Александр Пушкин
taina-veschih-snov,Таина вещих снов,title,Таина вещих снов,Тайна вещих снов
taina-veschih-snov,Таина вещих снов,author,Алексеи Биргер,Алексей Биргер
koroleva-piratov-na-planete-skazok,Королева пиратов на планете сказок,author,К. Булычев,Кир Булычёв
tayna-zabroshennogo-zamka,Тайна заброшенного замка,author,А. Волков,Александр Волков
zapovednik-skazok,Заповедник сказок,author,К. Булычев,Кир Булычёв
gde-papa,Где папа?,author,юлия Кузнецова,Юлия Кузнецова
povestvovanie-o-chuvashah,Повествование о чувашах,whyRecommended,"Если ребёнок любит реалистическую прозу и сюжеты о истории, книга подойдёт ему в возрасте 7–12 лет. Она подходит для самостоятельного или совместного чтения.","Если ребёнок любит реалистическую прозу и сюжеты об истории, книга подойдёт ему в возрасте 7–12 лет. Она подходит для самостоятельного или совместного чтения."
tri-porosenka-mihalkov,Три поросёнка,author,Сергей Владимирович Михалков,Сергей Михалков
petya-i-potap-chizhikov,Петя и Потап,author,В. Чижиков,Виктор Чижиков
porosenok-petr-edet-v-gosti,Поросёнок Пётр едет в гости,author,Людмила Стефановна Петрушевская,Людмила Петрушевская
stihi-detyam-obo-vsem-na-svete,Стихи детям обо всем на свете,author,Татьяна Викторовна Бокова,Татьяна Бокова
rasskazy-o-belochke-i-tamarochke,Рассказы о белочке и тамарочке,author,Л. Пантелеев,Леонид Пантелеев
tri-porosenka-bulatov,Три поросёнка,author,Ерик Булатов,Эрик Булатов
pouchitelnye-rasskazy-pro-malchika-yashu,Поучительные рассказы про мальчика Яшу,author,Едуард Успенский,Эдуард Успенский
kolobok-protiv-debilenko,Колобок против Дебиленко,author,Е дуард Николаевич Успенскии,Эдуард Успенский
kolobok-protiv-debilenko,Колобок против Дебиленко,whyRecommended,"Если ребёнок любит реалистическую прозу и сюжеты о отношениях и детективе, книга подойдёт ему в возрасте 6–11 лет. Она подходит для самостоятельного или совместного чтения.","Если ребёнок любит реалистическую прозу и сюжеты об отношениях и детективе, книга подойдёт ему в возрасте 6–11 лет. Она подходит для самостоятельного или совместного чтения."
professor-kislyh-schey,Профессор кислых щей,author,В. Драгунский,Виктор Драгунский
professor-kislyh-schey,Профессор кислых щей,whyRecommended,Для читателей 6–11 лет это реалистическая проза о отношениях. Книгу можно выбрать для самостоятельного или совместного чтения.,Для читателей 6–11 лет это реалистическая проза об отношениях. Книгу можно выбрать для самостоятельного или совместного чтения.
vy-ne-byli-na-taiti,Вы не были на Таити?,author,Александр Ефимович Курляндский,Александр Курляндский
vy-ne-byli-na-taiti,Вы не были на Таити?,whyRecommended,Для читателей 6–11 лет это реалистическая проза о отношениях. Книгу можно выбрать для самостоятельного или совместного чтения.,Для читателей 6–11 лет это реалистическая проза об отношениях. Книгу можно выбрать для самостоятельного или совместного чтения.
solnyshko-na-pamyat,Солнышко на память,author,Михаил Спартакович Пляцковский,Михаил Пляцковский
solnyshko-na-pamyat,Солнышко на память,whyRecommended,"Если ребёнок любит реалистическую прозу и сюжеты о отношениях, книга подойдёт ему в возрасте 6–11 лет. Она подходит для самостоятельного или совместного чтения.","Если ребёнок любит реалистическую прозу и сюжеты об отношениях, книга подойдёт ему в возрасте 6–11 лет. Она подходит для самостоятельного или совместного чтения."
38-popugaev,38 попугаев,whyRecommended,Для читателей 6–11 лет это реалистическая проза о отношениях. Книгу можно выбрать для самостоятельного или совместного чтения.,Для читателей 6–11 лет это реалистическая проза об отношениях. Книгу можно выбрать для самостоятельного или совместного чтения.
ognennyy-bog-marranov,Огненный бог Марранов,author,А. Волков,Александр Волков
kak-kuzka-domovyat-pomiril,Как Кузька домовят помирил,whyRecommended,Для читателей 6–11 лет это реалистическая проза о отношениях. Книгу можно выбрать для самостоятельного или совместного чтения.,Для читателей 6–11 лет это реалистическая проза об отношениях. Книгу можно выбрать для самостоятельного или совместного чтения.
horosho-byt-optimistom,Хорошо быть оптимистом!,whyRecommended,"Если ребёнок любит реалистическую прозу и сюжеты о отношениях, книга подойдёт ему в возрасте 6–11 лет. Она подходит для самостоятельного или совместного чтения.","Если ребёнок любит реалистическую прозу и сюжеты об отношениях, книга подойдёт ему в возрасте 6–11 лет. Она подходит для самостоятельного или совместного чтения."
neznayka-na-lune,Незнайка на Луне,whyRecommended,"Если ребёнок любит реалистическую прозу и сюжеты о отношениях, книга подойдёт ему в возрасте 6–11 лет. Она подходит для самостоятельного или совместного чтения.","Если ребёнок любит реалистическую прозу и сюжеты об отношениях, книга подойдёт ему в возрасте 6–11 лет. Она подходит для самостоятельного или совместного чтения."
masha-i-oyka,Маша и Ойка,whyRecommended,Для читателей 6–11 лет это реалистическая проза о отношениях. Книгу можно выбрать для самостоятельного или совместного чтения.,Для читателей 6–11 лет это реалистическая проза об отношениях. Книгу можно выбрать для самостоятельного или совместного чтения.
ya-na-oblake-letal,Я на облаке летал,author,Михаил Спартакович Пляцковский,Михаил Пляцковский
ya-na-oblake-letal,Я на облаке летал,whyRecommended,Для читателей 6–11 лет это поэзия о отношениях. Книгу можно выбрать для самостоятельного или совместного чтения.,Для читателей 6–11 лет это поэзия об отношениях. Книгу можно выбрать для самостоятельного или совместного чтения.
vezhlivoe-slovo,Вежливое слово,whyRecommended,"Если ребёнок любит стихи и сюжеты о отношениях, книга подойдёт ему в возрасте 6–11 лет. Она подходит для самостоятельного или совместного чтения.","Если ребёнок любит стихи и сюжеты об отношениях, книга подойдёт ему в возрасте 6–11 лет. Она подходит для самостоятельного или совместного чтения."
vasyutkino-ozero,Васюткино озеро,author,Виктор Петрович Астафьев,Виктор Астафьев
vasyutkino-ozero,Васюткино озеро,whyRecommended,Для читателей 6–11 лет это реалистическая проза о отношениях. Книгу можно выбрать для самостоятельного или совместного чтения.,Для читателей 6–11 лет это реалистическая проза об отношениях. Книгу можно выбрать для самостоятельного или совместного чтения.
printsessa-belonozhka-ili-kto-lyubit-nosit-na-rukah,"Принцесса Белоножка, или Кто любит, носит на руках",author,Людмила Стефановна Петрушевская,Людмила Петрушевская
printsessa-belonozhka-ili-kto-lyubit-nosit-na-rukah,"Принцесса Белоножка, или Кто любит, носит на руках",whyRecommended,"Если ребёнок любит реалистическую прозу и сюжеты о отношениях, книга подойдёт ему в возрасте 7–12 лет. Она подходит для самостоятельного или совместного чтения.","Если ребёнок любит реалистическую прозу и сюжеты об отношениях, книга подойдёт ему в возрасте 7–12 лет. Она подходит для самостоятельного или совместного чтения."
byuro-nahodok,Бюро находок,whyRecommended,Для читателей 6–11 лет это реалистическая проза о отношениях. Книгу можно выбрать для самостоятельного или совместного чтения.,Для читателей 6–11 лет это реалистическая проза об отношениях. Книгу можно выбрать для самостоятельного или совместного чтения.
voyna-s-liliputami,Война с лилипутами,author,К. Булычев,Кир Булычёв
voyna-s-liliputami,Война с лилипутами,whyRecommended,Для читателей 6–11 лет это фэнтези о отношениях и войне. Книгу можно выбрать для самостоятельного или совместного чтения.,Для читателей 6–11 лет это фэнтези об отношениях и войне. Книгу можно выбрать для самостоятельного или совместного чтения.
vse-deniskiny-rasskazy-v-odnoy-knige,Все Денискины рассказы в одной книге,author,В. Драгунский,Виктор Драгунский
basni,Басни,author,Сергей Владимирович Михалков,Сергей Михалков
stihi-i-poemy,Стихи и поемы,author,Михаил Юрьевич Лермонтов,Михаил Лермонтов
stihi-i-poemy,Стихи и поемы,whyRecommended,Для читателей 7–12 лет это поэзия о отношениях. Книгу можно выбрать для самостоятельного или совместного чтения.,Для читателей 7–12 лет это поэзия об отношениях. Книгу можно выбрать для самостоятельного или совместного чтения.
tetradki-pod-dozhdem,Тетрадки под дождём,whyRecommended,"Если ребёнок любит реалистическую прозу и сюжеты о отношениях, книга подойдёт ему в возрасте 6–11 лет. Она подходит для самостоятельного или совместного чтения.","Если ребёнок любит реалистическую прозу и сюжеты об отношениях, книга подойдёт ему в возрасте 6–11 лет. Она подходит для самостоятельного или совместного чтения."
pravdivaya-istoriya-kolobka,Правдивая история колобка,whyRecommended,"Если ребёнок любит реалистическую прозу и сюжеты о отношениях, книга подойдёт ему в возрасте 6–11 лет. Она подходит для самостоятельного или совместного чтения.","Если ребёнок любит реалистическую прозу и сюжеты об отношениях, книга подойдёт ему в возрасте 6–11 лет. Она подходит для самостоятельного или совместного чтения."
chizhik-pyzhik,Чижик-пыжик,whyRecommended,Для читателей 6–11 лет это реалистическая проза о отношениях. Книгу можно выбрать для самостоятельного или совместного чтения.,Для читателей 6–11 лет это реалистическая проза об отношениях. Книгу можно выбрать для самостоятельного или совместного чтения.
liliput-syn-velikana,Лилипут-сын великана,whyRecommended,"Если ребёнок любит реалистическую прозу и сюжеты о отношениях, книга подойдёт ему в возрасте 6–11 лет. Она подходит для самостоятельного или совместного чтения.","Если ребёнок любит реалистическую прозу и сюжеты об отношениях, книга подойдёт ему в возрасте 6–11 лет. Она подходит для самостоятельного или совместного чтения."
chudesa-v-dedmorozovke,Чудеса в Дедморозовке,whyRecommended,Для читателей 7–12 лет это реалистическая проза о отношениях. Книгу можно выбрать для самостоятельного или совместного чтения.,Для читателей 7–12 лет это реалистическая проза об отношениях. Книгу можно выбрать для самостоятельного или совместного чтения.
istorii-pro-veru-i-anfisu,Истории про Веру и Анфису,author,Едуард Успенский,Эдуард Успенский
kak-menya-spasali,Как меня спасали,pages,2013,null
karandash-i-samodelkin-na-ostrove-neobychaynyh-priklyuheniy,Карандаш и Самоделкин на острове необычайных приклюхений,author,В. Постников,Валентин Постников
karandash-i-samodelkin-na-ostrove-neobychaynyh-priklyuheniy,Карандаш и Самоделкин на острове необычайных приклюхений,whyRecommended,"Если ребёнок любит реалистическую прозу и сюжеты о отношениях, книга подойдёт ему в возрасте 6–11 лет. Она подходит для самостоятельного или совместного чтения.","Если ребёнок любит реалистическую прозу и сюжеты об отношениях, книга подойдёт ему в возрасте 6–11 лет. Она подходит для самостоятельного или совместного чтения."
starye-i-novye-istorii-o-prostokvashino,Старые и новые истории о Простоквашино,author,Едуард Успенский,Эдуард Успенский
vse-istorii-pro-popugaya-keshu,Все истории про попугая Кешу,author,Александр Ефимович Курляндский,Александр Курляндский
zagadka-pochtovogo-golubya,Загадка почтового голубя,whyRecommended,"Если ребёнок любит детективы и сюжеты о отношениях, книга подойдёт ему в возрасте 7–12 лет. Она подходит для самостоятельного или совместного чтения.","Если ребёнок любит детективы и сюжеты об отношениях, книга подойдёт ему в возрасте 7–12 лет. Она подходит для самостоятельного или совместного чтения."
moshennik-na-pole-chudes,Мошенник на поле чудес,whyRecommended,Для читателей 7–12 лет это детектив о отношениях. Книгу можно выбрать для самостоятельного или совместного чтения.,Для читателей 7–12 лет это детектив об отношениях. Книгу можно выбрать для самостоятельного или совместного чтения.
ya-na-solnyshke-lezhu,я на солнышке лежу,whyRecommended,Для читателей 6–11 лет это поэзия о отношениях. Книгу можно выбрать для самостоятельного или совместного чтения.,Для читателей 6–11 лет это поэзия об отношениях. Книгу можно выбрать для самостоятельного или совместного чтения.
ochen-strashnaya-istoriya,Очень страшная история,pages,2007,null
pro-veru-i-anfisu,Про Веру и Анфису,author,Едуард Успенский,Эдуард Успенский
my-vstrechaem-novyi-god,Мы встречаем Новыи год!,title,Мы встречаем Новыи год!,Мы встречаем Новый год!
my-vstrechaem-novyi-god,Мы встречаем Новыи год!,author,Илья Григорьевич Савченко,Илья Савченко
my-vstrechaem-novyi-god,Мы встречаем Новыи год!,whyRecommended,Для читателей 6–11 лет это поэзия о отношениях. Книгу можно выбрать для самостоятельного или совместного чтения.,Для читателей 6–11 лет это поэзия об отношениях. Книгу можно выбрать для самостоятельного или совместного чтения.
sorochinskaya-yarmarka,Сорочинская ярмарка,author,Николай Васильевич Гоголь,Николай Гоголь
sorochinskaya-yarmarka,Сорочинская ярмарка,whyRecommended,Для читателей 7–12 лет это реалистическая проза о отношениях. Книгу можно выбрать для самостоятельного или совместного чтения.,Для читателей 7–12 лет это реалистическая проза об отношениях. Книгу можно выбрать для самостоятельного или совместного чтения.
tri-povesti-o-vase-kurolesove,Три повести о Васе Куролесове,whyRecommended,Для читателей 6–11 лет это реалистическая проза о отношениях и детективе. Книгу можно выбрать для самостоятельного или совместного чтения.,Для читателей 6–11 лет это реалистическая проза об отношениях и детективе. Книгу можно выбрать для самостоятельного или совместного чтения.
azbuka-dlya-buki,Азбука для Буки,whyRecommended,Для читателей 6–11 лет это реалистическая проза о отношениях. Книгу можно выбрать для самостоятельного или совместного чтения.,Для читателей 6–11 лет это реалистическая проза об отношениях. Книгу можно выбрать для самостоятельного или совместного чтения.
otpusk-krokodila-geny,Отпуск крокодила Гены,author,Едуард Успенский,Эдуард Успенский
otpusk-krokodila-geny,Отпуск крокодила Гены,whyRecommended,"Если ребёнок любит реалистическую прозу и сюжеты о отношениях, книга подойдёт ему в возрасте 6–11 лет. Она подходит для самостоятельного или совместного чтения.","Если ребёнок любит реалистическую прозу и сюжеты об отношениях, книга подойдёт ему в возрасте 6–11 лет. Она подходит для самостоятельного или совместного чтения."
istoriya-pro-porosenka,История про поросёнка,author,Г. Цыферов,Геннадий Цыферов
istoriya-pro-porosenka,История про поросёнка,whyRecommended,Для читателей 6–11 лет это реалистическая проза о отношениях. Книгу можно выбрать для самостоятельного или совместного чтения.,Для читателей 6–11 лет это реалистическая проза об отношениях. Книгу можно выбрать для самостоятельного или совместного чтения.
kak-masha-possorilas-s-podushkoy,Как Маша поссорилась с подушкой,whyRecommended,"Если ребёнок любит реалистическую прозу и сюжеты о отношениях, книга подойдёт ему в возрасте 7–12 лет. Она подходит для самостоятельного или совместного чтения.","Если ребёнок любит реалистическую прозу и сюжеты об отношениях, книга подойдёт ему в возрасте 7–12 лет. Она подходит для самостоятельного или совместного чтения."
rasskazy-dlya-detey,Рассказы для детей,whyRecommended,"Если ребёнок любит реалистическую прозу и сюжеты о отношениях, книга подойдёт ему в возрасте 6–11 лет. Она подходит для самостоятельного или совместного чтения.","Если ребёнок любит реалистическую прозу и сюжеты об отношениях, книга подойдёт ему в возрасте 6–11 лет. Она подходит для самостоятельного или совместного чтения."
obschee-sobranie-geroev-povestey-rasskazov-stihotvoreniy-i-pes,"Общее собрание героев повестей, рассказов, стихотворений и пьес",author,Едуард Успенский,Эдуард Успенский
poemy,Поемы,author,Александр Сергеевич Пушкин,Александр Пушкин
poemy,Поемы,whyRecommended,"Если ребёнок любит стихи и сюжеты о отношениях, книга подойдёт ему в возрасте 7–12 лет. Она подходит для самостоятельного или совместного чтения.","Если ребёнок любит стихи и сюжеты об отношениях, книга подойдёт ему в возрасте 7–12 лет. Она подходит для самостоятельного или совместного чтения."
basni-krylov,Басни,author,Иван Андреевич Крылов,Иван Крылов
obezyanki-mladshego-vozrasta,Обезьянки младшего возраста,whyRecommended,Для читателей 6–11 лет это реалистическая проза о отношениях. Книгу можно выбрать для самостоятельного или совместного чтения.,Для читателей 6–11 лет это реалистическая проза об отношениях. Книгу можно выбрать для самостоятельного или совместного чтения.
cheburashka-krokodil-gena-shapoklyak-i-vse-vse-vse,"Чебурашка, Крокодил Гена, Шапокляк и все-все-все",author,Едуард Успенский,Эдуард Успенский
cheburashka-krokodil-gena-shapoklyak-i-vse-vse-vse,"Чебурашка, Крокодил Гена, Шапокляк и все-все-все",whyRecommended,"Если ребёнок любит реалистическую прозу и сюжеты о отношениях, книга подойдёт ему в возрасте 6–11 лет. Она подходит для самостоятельного или совместного чтения.","Если ребёнок любит реалистическую прозу и сюжеты об отношениях, книга подойдёт ему в возрасте 6–11 лет. Она подходит для самостоятельного или совместного чтения."
bolshaya-kniga-stihov-i-rasskazov,Большая книга стихов и рассказов,whyRecommended,Для читателей 6–11 лет это поэзия о отношениях. Книгу можно выбрать для самостоятельного или совместного чтения.,Для читателей 6–11 лет это поэзия об отношениях. Книгу можно выбрать для самостоятельного или совместного чтения.
smirennyy-voin,Смиренный воин,whyRecommended,Для читателей 7–12 лет это реалистическая проза о отношениях. Книгу можно выбрать для самостоятельного или совместного чтения.,Для читателей 7–12 лет это реалистическая проза об отношениях. Книгу можно выбрать для самостоятельного или совместного чтения.
tsezar-velikolepnyy,Цезарь Великолепный,whyRecommended,"Если ребёнок любит фэнтези и сюжеты о отношениях, книга подойдёт ему в возрасте 7–12 лет. Она подходит для самостоятельного или совместного чтения.","Если ребёнок любит фэнтези и сюжеты об отношениях, книга подойдёт ему в возрасте 7–12 лет. Она подходит для самостоятельного или совместного чтения."
loshadki,Лошадки,ageLabel,2–3 лет,2–3 года
shkola-shredingera,Школа Шрёдингера,author,сборника рассказов «Школа Шрёдингера» Авторы,Авторы сборника рассказов «Школа Шрёдингера»
sostoyanie-neveselosti,Состояние невесёлости,ageLabel,2–3 лет,2–3 года
pro-bitvy-i-srazheniya,Про битвы и сражения,whyRecommended,Для читателей 4–6 лет это поэзия о отношениях. Книгу можно выбрать для самостоятельного или совместного чтения.,Для читателей 4–6 лет это поэзия об отношениях. Книгу можно выбрать для самостоятельного или совместного чтения.
prosto-prazdnik,Просто праздник!,whyRecommended,"Если ребёнок любит стихи и сюжеты о отношениях, книга подойдёт ему в возрасте 4–6 лет. Она подходит для самостоятельного или совместного чтения.","Если ребёнок любит стихи и сюжеты об отношениях, книга подойдёт ему в возрасте 4–6 лет. Она подходит для самостоятельного или совместного чтения."
zhuzha-i-korovka-zaplyvayut-daleko,Жужа и Коровка заплывают далеко,ageLabel,2–3 лет,2–3 года
zhuzha-i-korovka-spasayut-malyutku,Жужа и Коровка спасают малютку,ageLabel,2–3 лет,2–3 года
zimnie-priklyucheniya-zhuzhi-i-korovki,Зимние приключения Жужи и Коровки,ageLabel,2–3 лет,2–3 года
chud,Чуд,author,Сантини Бертран,Бертран Сантини
zhuzhino-sokrovische,Жужино сокровище,ageLabel,2–3 лет,2–3 года
komissar-gordon-pervoe-delo,Комиссар Гордон. Первое дело,ageLabel,2–3 лет,2–3 года
troya-i-net-voyne-kontsa,Троя. И нет войне конца,whyRecommended,"Для читателей 7–9 лет это сказка о истории, мифологии и искусстве. Книгу можно выбрать для самостоятельного или совместного чтения.","Для читателей 7–9 лет это сказка об истории, мифологии и искусстве. Книгу можно выбрать для самостоятельного или совместного чтения."
slonenok-v-kitae,Слонёнок в Китае,ageLabel,2–3 лет,2–3 года
sportorama,Спорторама,ageLabel,2–3 лет,2–3 года
krasnaya-shapochka-na-manhettene,Красная Шапочка на Манхэттене,author,Гайте Кармен Мартин,Кармен Мартин Гайте
kak-gitler-ukral-rozovogo-krolika-2-e-izdanie,"Как Гитлер украл розового кролика, 2-е издание",title,"Как Гитлер украл розового кролика, 2-е издание",Как Гитлер украл розового кролика
kak-gitler-ukral-rozovogo-krolika-2-e-izdanie,"Как Гитлер украл розового кролика, 2-е издание",editionNote,null,", 2-е издание"
eh-istoriya-o-malenkom-geparde-kotoryy-ne-umel-begat,"Эх! История о маленьком гепарде, который не умел бегать",ageLabel,2–4 лет,2–4 года
bolshaya-malenkaya-devochka-kniga-2-istorii-7-12-2-e-izd,Большая маленькая девочка. Книга 2 (истории 7-12) (2-е изд.),title,Большая маленькая девочка. Книга 2 (истории 7-12) (2-е изд.),Большая маленькая девочка. Книга 2 (истории 7-12)
bolshaya-malenkaya-devochka-kniga-2-istorii-7-12-2-e-izd,Большая маленькая девочка. Книга 2 (истории 7-12) (2-е изд.),editionNote,null,2-е изд.
kak-poymat-tishinu-i-drugie-istorii-pro-ulku-2-e-izd,Как поймать тишину и другие истории про Ульку (2-е изд.),title,Как поймать тишину и другие истории про Ульку (2-е изд.),Как поймать тишину и другие истории про Ульку
kak-poymat-tishinu-i-drugie-istorii-pro-ulku-2-e-izd,Как поймать тишину и другие истории про Ульку (2-е изд.),editionNote,null,2-е изд.
kak-poymat-tishinu-i-drugie-istorii-pro-ulku-2-e-izd,Как поймать тишину и другие истории про Ульку (2-е изд.),author,Чернышова Евгения,Евгения Чернышова
bolshaya-malenkaya-devochka-kniga-1-istorii-1-6-2-e-izd,Большая маленькая девочка. Книга 1 (истории 1-6) (2-е изд.),title,Большая маленькая девочка. Книга 1 (истории 1-6) (2-е изд.),Большая маленькая девочка. Книга 1 (истории 1-6)
bolshaya-malenkaya-devochka-kniga-1-istorii-1-6-2-e-izd,Большая маленькая девочка. Книга 1 (истории 1-6) (2-е изд.),editionNote,null,2-е изд.
okolo-muzyki-i-drugie-rasskazy-2-e-izd,Около музыки и другие рассказы (2-е изд.),title,Около музыки и другие рассказы (2-е изд.),Около музыки и другие рассказы
okolo-muzyki-i-drugie-rasskazy-2-e-izd,Около музыки и другие рассказы (2-е изд.),editionNote,null,2-е изд.
bereg-mertvyh-nezabudok,Берег мертвых незабудок,author,Звонцова Екатерина,Екатерина Звонцова
dremery-kn-1-izgnanniki-zennona,Дремеры. Кн. 1. Изгнанники Зеннона,whyRecommended,"Если ребёнок любит фэнтези и научную фантастику и сюжеты о отношениях и приключениях, книга подойдёт ему в возрасте 9–13 лет. Она подходит для самостоятельного или совместного чтения.","Если ребёнок любит фэнтези и научную фантастику и сюжеты об отношениях и приключениях, книга подойдёт ему в возрасте 9–13 лет. Она подходит для самостоятельного или совместного чтения."
norman-2-e-izd,Норман (2-е изд.),title,Норман (2-е изд.),Норман
norman-2-e-izd,Норман (2-е изд.),editionNote,null,2-е изд.
ragana-vedmina-doroga,Рагана (Ведьмина дорога),author,Феверс Анита,Анита Феверс
amneziya-dnevnik-poteryavshego-pamyat,Амнезия. Дневник потерявшего память,author,Сомерс Натали,Натали Сомерс
podarok-dlya-deda-moroza-ili-pohischenie-novogodney-elki-s-avtografom,"Подарок для Деда Мороза, или Похищение новогодней ёлки (с автографом)",author,Хворост Александра,Александра Хворост
nablyudateli,Наблюдатели,author,Басова Евгения,Евгения Басова
volshebnaya-pochta-kn-1-pochta-otkryvaetsya-v-polnoch,Волшебная почта Кн. 1. Почта открывается в полночь,author,Герасимова Дарья,Дарья Герасимова
bud-yarche,Будь ярче!,author,драматурги Молодые,Молодые драматурги
schastlivtsy,Счастливцы,author,Басова Евгения,Евгения Басова
pervyy-zakon-shurupchika,Первый закон Шурупчика,author,Стрельцова Алиса,Алиса Стрельцова
steklyannye-lyagushki-tri-istorii-o-vybore,Стеклянные лягушки : три истории о выборе,author,Мария Ботева; Вишнякова Наталья; Сергеева Татьяна,Мария Ботева; Наталья Вишнякова; Татьяна Сергеева
moi-druzya-prizraki-2-e-izd,Мои друзья — призраки 2-е изд.,title,Мои друзья — призраки 2-е изд.,Мои друзья — призраки
moi-druzya-prizraki-2-e-izd,Мои друзья — призраки 2-е изд.,editionNote,null,2-е изд.
moi-druzya-prizraki-2-e-izd,Мои друзья — призраки 2-е изд.,author,Мансо Анна,Анна Мансо
ya-nikomu-ne-skazhu,Я никому не скажу,author,Пономарёва Светлана; Кинёва Нина,Светлана Пономарёва; Нина Кинёва
belyy-golub-chernyy-slon-2-e-izd,"Белый голубь, чёрный слон (2-е изд.)",title,"Белый голубь, чёрный слон (2-е изд.)","Белый голубь, чёрный слон"
belyy-golub-chernyy-slon-2-e-izd,"Белый голубь, чёрный слон (2-е изд.)",editionNote,null,2-е изд.
za-gorizontom-dve-povesti,За горизонтом. Две повести,author,Ильдимирова Татьяна,Татьяна Ильдимирова
verhom-na-kote-2-e-izd,Верхом на коте (2-е изд.),title,Верхом на коте (2-е изд.),Верхом на коте
verhom-na-kote-2-e-izd,Верхом на коте (2-е изд.),editionNote,null,2-е изд.
verhom-na-kote-2-e-izd,Верхом на коте (2-е изд.),author,Хворост Александра,Александра Хворост
gorod-solntsa-kniga-4-serdtse-mgly-2-e-izd,Город Солнца. Книга 4. Сердце мглы (2-е изд.),title,Город Солнца. Книга 4. Сердце мглы (2-е изд.),Город Солнца. Книга 4. Сердце мглы
gorod-solntsa-kniga-4-serdtse-mgly-2-e-izd,Город Солнца. Книга 4. Сердце мглы (2-е изд.),editionNote,null,2-е изд.
gorod-solntsa-kniga-3-golos-krovi-2-e-izd,Город Солнца. Книга 3. Голос крови (2-е изд.),title,Город Солнца. Книга 3. Голос крови (2-е изд.),Город Солнца. Книга 3. Голос крови
gorod-solntsa-kniga-3-golos-krovi-2-e-izd,Город Солнца. Книга 3. Голос крови (2-е изд.),editionNote,null,2-е изд.
sem-dney-do-sakury,Семь дней до сакуры,author,Лаврова Светлана,Светлана Лаврова
vershiteli-kniga-3-ten-chernoboga,Вершители. Книга 3. Тень Чернобога,whyRecommended,"Если ребёнок любит сказки и фэнтези и сюжеты о истории, мифологии и взрослении, книга подойдёт ему в возрасте 9–13 лет. Она подходит для самостоятельного или совместного чтения.","Если ребёнок любит сказки и фэнтези и сюжеты об истории, мифологии и взрослении, книга подойдёт ему в возрасте 9–13 лет. Она подходит для самостоятельного или совместного чтения."
inogda-nuzhno-prosto-udrat,Иногда нужно просто удрать,author,Музер Мартин,Мартин Музер
begletsy,Беглецы,author,Шоу Фиона,Фиона Шоу
rassledovaniya-v-shkole-2-e-izd,Расследования в школе (2-е изд),title,Расследования в школе (2-е изд),Расследования в школе
rassledovaniya-v-shkole-2-e-izd,Расследования в школе (2-е изд),editionNote,null,2-е изд
svetlik-tuchkin-i-puzyr-zhelaniy-3-e-izd,Светлик Тучкин и Пузырь желаний (3-е изд.),title,Светлик Тучкин и Пузырь желаний (3-е изд.),Светлик Тучкин и Пузырь желаний
svetlik-tuchkin-i-puzyr-zhelaniy-3-e-izd,Светлик Тучкин и Пузырь желаний (3-е изд.),editionNote,null,3-е изд.
svetlik-tuchkin-i-ukradennye-kanikuly-3-e-izd,Светлик Тучкин и украденные каникулы (3-е изд.),title,Светлик Тучкин и украденные каникулы (3-е изд.),Светлик Тучкин и украденные каникулы
svetlik-tuchkin-i-ukradennye-kanikuly-3-e-izd,Светлик Тучкин и украденные каникулы (3-е изд.),editionNote,null,3-е изд.
zametki-goshi-kunitsyna-uchenika-4-a-klassa-2-e-izd,"Заметки Гоши Куницына, ученика 4 «А» класса (2-е изд.)",title,"Заметки Гоши Куницына, ученика 4 «А» класса (2-е изд.)","Заметки Гоши Куницына, ученика 4 «А» класса"
zametki-goshi-kunitsyna-uchenika-4-a-klassa-2-e-izd,"Заметки Гоши Куницына, ученика 4 «А» класса (2-е изд.)",editionNote,null,2-е изд.
raznotsvetnyy-sneg-3-e-izd,Разноцветный снег (3-е изд.),title,Разноцветный снег (3-е изд.),Разноцветный снег
raznotsvetnyy-sneg-3-e-izd,Разноцветный снег (3-е изд.),editionNote,null,3-е изд.
ulichnye-lyudi,Уличные люди,author,Кравцова Ирина,Ирина Кравцова
ulichnye-lyudi,Уличные люди,whyRecommended,Для читателей 13–17 лет это реалистическая проза о отношениях. Книгу можно выбрать для самостоятельного чтения.,Для читателей 13–17 лет это реалистическая проза об отношениях. Книгу можно выбрать для самостоятельного чтения.
kod-elektry,Код Электры,whyRecommended,"Для читателей 10–17 лет это детектив и приключения о отношениях, приключениях и первой любви. Книгу можно выбрать для самостоятельного чтения.","Для читателей 10–17 лет это детектив и приключения об отношениях, приключениях и первой любви. Книгу можно выбрать для самостоятельного чтения."
propavshaya-bukva-9-e-izd,Пропавшая буква (9-е изд.),title,Пропавшая буква (9-е изд.),Пропавшая буква
propavshaya-bukva-9-e-izd,Пропавшая буква (9-е изд.),editionNote,null,9-е изд.
propavshaya-bukva-9-e-izd,Пропавшая буква (9-е изд.),author,Раскатов М.,М. Раскатов
udivitelnaya-devochka-3-e-izd,Удивительная девочка (3-е изд.),title,Удивительная девочка (3-е изд.),Удивительная девочка
udivitelnaya-devochka-3-e-izd,Удивительная девочка (3-е изд.),editionNote,null,3-е изд.
k-doske-poydet-vasilkin-7-e-izd,К доске пойдет… Василькин! (7-е изд.),title,К доске пойдет… Василькин! (7-е изд.),К доске пойдет… Василькин!
k-doske-poydet-vasilkin-7-e-izd,К доске пойдет… Василькин! (7-е изд.),editionNote,null,7-е изд.
vspominay-ded-moroz,"Вспоминай, Дед Мороз!",whyRecommended,"Если ребёнок любит реалистическую прозу и сюжеты о искусстве, книга подойдёт ему в возрасте 5–9 лет. Она подходит для самостоятельного или совместного чтения.","Если ребёнок любит реалистическую прозу и сюжеты об искусстве, книга подойдёт ему в возрасте 5–9 лет. Она подходит для самостоятельного или совместного чтения."
moya-schastlivaya-zhizn-8-e-izd,Моя счастливая жизнь (8-е изд.),title,Моя счастливая жизнь (8-е изд.),Моя счастливая жизнь
moya-schastlivaya-zhizn-8-e-izd,Моя счастливая жизнь (8-е изд.),editionNote,null,8-е изд.
detektiv-fletcher-kn-1-delo-durno-pahnet-2-e-izd,Детектив Флетчер. Кн.1. Дело дурно пахнет! (2-е изд.),title,Детектив Флетчер. Кн.1. Дело дурно пахнет! (2-е изд.),Детектив Флетчер. Кн.1. Дело дурно пахнет!
detektiv-fletcher-kn-1-delo-durno-pahnet-2-e-izd,Детектив Флетчер. Кн.1. Дело дурно пахнет! (2-е изд.),editionNote,null,2-е изд.
sinorina-koritsa-3-e-izd,Синьорина Корица (3-е изд.),title,Синьорина Корица (3-е изд.),Синьорина Корица
sinorina-koritsa-3-e-izd,Синьорина Корица (3-е изд.),editionNote,null,3-е изд.
tim-taler-ili-prodannyy-smeh-illyustratsii-niki-golts-2-e-izd,"Тим Талер, или Проданный смех (иллюстрации Ники Гольц) (2-е изд.)",title,"Тим Талер, или Проданный смех (иллюстрации Ники Гольц) (2-е изд.)","Тим Талер, или Проданный смех"
tim-taler-ili-prodannyy-smeh-illyustratsii-niki-golts-2-e-izd,"Тим Талер, или Проданный смех (иллюстрации Ники Гольц) (2-е изд.)",editionNote,null,иллюстрации Ники Гольц; 2-е изд.
lavka-koshmarov-i-uzhasnyy-yeti-2-e-izd,Лавка кошмаров и ужасный Йети (2-е изд.),title,Лавка кошмаров и ужасный Йети (2-е изд.),Лавка кошмаров и ужасный Йети
lavka-koshmarov-i-uzhasnyy-yeti-2-e-izd,Лавка кошмаров и ужасный Йети (2-е изд.),editionNote,null,2-е изд.
novaya-konditerskaya-sinoriny-koritsy-3-e-izd,Новая кондитерская Синьорины Корицы (3-е изд.),title,Новая кондитерская Синьорины Корицы (3-е изд.),Новая кондитерская Синьорины Корицы
novaya-konditerskaya-sinoriny-koritsy-3-e-izd,Новая кондитерская Синьорины Корицы (3-е изд.),editionNote,null,3-е изд.
syurpriz-dlya-sinoriny-koritsy-2-e-izd,Сюрприз для Синьорины Корицы (2-е изд.),title,Сюрприз для Синьорины Корицы (2-е изд.),Сюрприз для Синьорины Корицы
syurpriz-dlya-sinoriny-koritsy-2-e-izd,Сюрприз для Синьорины Корицы (2-е изд.),editionNote,null,2-е изд.
detskiy-sad-vosmaya-gruppa-2-e-izd,"Детский сад, восьмая группа (2-е изд.)",title,"Детский сад, восьмая группа (2-е изд.)","Детский сад, восьмая группа"
detskiy-sad-vosmaya-gruppa-2-e-izd,"Детский сад, восьмая группа (2-е изд.)",editionNote,null,2-е изд.
proekt-novaya-zemlya,Проект «Новая Земля»,author,Муате Давид,Давид Муате
dom-p-5-e-izd,Дом П (5-е изд.),title,Дом П (5-е изд.),Дом П
dom-p-5-e-izd,Дом П (5-е изд.),editionNote,null,5-е изд.
drugie-volery-volonterskie-zapiski-2-e-izd,Другие вольеры: Волонтерские записки (2-е изд.),title,Другие вольеры: Волонтерские записки (2-е изд.),Другие вольеры: Волонтерские записки
drugie-volery-volonterskie-zapiski-2-e-izd,Другие вольеры: Волонтерские записки (2-е изд.),editionNote,null,2-е изд.
fonarik-lilka-2-e-izd,Фонарик Лилька 2-е изд.,title,Фонарик Лилька 2-е изд.,Фонарик Лилька
fonarik-lilka-2-e-izd,Фонарик Лилька 2-е изд.,editionNote,null,2-е изд.
za-gorodom,За городом,whyRecommended,"Если ребёнок любит реалистическую прозу и сюжеты о искусстве и волшебстве, книга подойдёт ему в возрасте 2–6 лет. Она подходит для самостоятельного или совместного чтения.","Если ребёнок любит реалистическую прозу и сюжеты об искусстве и волшебстве, книга подойдёт ему в возрасте 2–6 лет. Она подходит для самостоятельного или совместного чтения."
pro-mashinu,Про машину,ageLabel,2–3 лет,2–3 года
spokoynoy-nochi-karlhen,"Спокойной ночи, Карлхен!",ageLabel,2–3 лет,2–3 года
tintin-i-pikarosy,Тинтин и пикаросы,whyRecommended,"Если ребёнок любит реалистическую прозу и сюжеты о искусстве, волшебстве и творчестве, книга подойдёт ему в возрасте 7–14 лет. Она подходит для самостоятельного или совместного чтения.","Если ребёнок любит реалистическую прозу и сюжеты об искусстве, волшебстве и творчестве, книга подойдёт ему в возрасте 7–14 лет. Она подходит для самостоятельного или совместного чтения."
rukavichki,Рукавички,ageLabel,2–3 лет,2–3 года
povar-myshka,Повар Мышка,ageLabel,2–3 лет,2–3 года
petushok-zolotoy-grebeshok,Петушок – золотой гребешок,ageLabel,2–3 лет,2–3 года
vot-takie-pirogi,Вот такие пироги!,whyRecommended,"Если ребёнок любит реалистическую прозу и сюжеты о искусстве и волшебстве, книга подойдёт ему в возрасте 4–10 лет. Она подходит для совместного чтения со взрослым.","Если ребёнок любит реалистическую прозу и сюжеты об искусстве и волшебстве, книга подойдёт ему в возрасте 4–10 лет. Она подходит для совместного чтения со взрослым."
mafalda-vse-slozhno-ne-po-detski,Мафальда. Всё сложно не по-детски,whyRecommended,Для читателей 7–14 лет это реалистическая проза о искусстве и волшебстве. Книгу можно выбрать для самостоятельного или совместного чтения.,Для читателей 7–14 лет это реалистическая проза об искусстве и волшебстве. Книгу можно выбрать для самостоятельного или совместного чтения.
sverchok-kotoryy-dumal-tolko-o-sebe,"Сверчок, который думал только о себе",ageLabel,2–3 лет,2–3 года
pauchinka-kotoraya-nikogo-ne-boyalas,"Паучинка, которая никого не боялась",author,Марендаз С.,С. Марендаз
hrabrye-trusishki,Храбрые трусишки,ageLabel,2–3 лет,2–3 года
kabanenok-kuzya,Кабаненок Кузя,whyRecommended,"Если ребёнок любит сказки и сюжеты о искусстве и волшебстве, книга подойдёт ему в возрасте 2–6 лет. Она подходит для самостоятельного или совместного чтения.","Если ребёнок любит сказки и сюжеты об искусстве и волшебстве, книга подойдёт ему в возрасте 2–6 лет. Она подходит для самостоятельного или совместного чтения."
pro-kozlenka-kotoryy-umel-schitat-do-desyati,"Про козлёнка, который умел считать до десяти",ageLabel,2–3 лет,2–3 года
lis-i-myshonok,Лис и Мышонок,ageLabel,2–3 лет,2–3 года
hot-chto-to-horoshenkoe,Хоть что-то хорошенькое,whyRecommended,Для читателей 4–10 лет это реалистическая проза о искусстве и волшебстве. Книгу можно выбрать для самостоятельного или совместного чтения.,Для читателей 4–10 лет это реалистическая проза об искусстве и волшебстве. Книгу можно выбрать для самостоятельного или совместного чтения.
kogo-by-sest,Кого бы съесть?,whyRecommended,"Для читателей 2–6 лет это юмор о искусстве, театре и взрослении. Книгу можно выбрать для самостоятельного или совместного чтения.","Для читателей 2–6 лет это юмор об искусстве, театре и взрослении. Книгу можно выбрать для самостоятельного или совместного чтения."
veselyy-novyy-god,Весёлый Новый год,ageLabel,2–3 лет,2–3 года
drevnyaya-gretsiya,Древняя Греция,whyRecommended,"Если ребёнок любит реалистическую прозу и сюжеты о истории и волшебстве, книга подойдёт ему в возрасте 7–14 лет. Она подходит для самостоятельного или совместного чтения.","Если ребёнок любит реалистическую прозу и сюжеты об истории и волшебстве, книга подойдёт ему в возрасте 7–14 лет. Она подходит для самостоятельного или совместного чтения."
domik-babushki-lizetty,Домик бабушки Лизетты,ageLabel,2–3 лет,2–3 года
o-chestnom-vorone-kovarnoy-sove-i-glupom-lise,"О честном вороне, коварной сове и глупом лисе",author,сказки Эскимосские,Эскимосские сказки
o-glupom-myshonke,О глупом мышонке,ageLabel,2–3 лет,2–3 года
o-glupom-myshonke,О глупом мышонке,whyRecommended,"Если ребёнок любит сказки и сюжеты о искусстве и волшебстве, книга подойдёт ему в возрасте 2–3 лет. Она подходит для самостоятельного или совместного чтения.","Если ребёнок любит сказки и сюжеты об искусстве и волшебстве, книга подойдёт ему в возрасте 2–3 лет. Она подходит для самостоятельного или совместного чтения."
snegovik-morpurgo,Снеговик,whyRecommended,Для читателей 7–9 лет это сказка и фэнтези о искусстве и волшебстве. Книгу можно выбрать для самостоятельного или совместного чтения.,Для читателей 7–9 лет это сказка и фэнтези об искусстве и волшебстве. Книгу можно выбрать для самостоятельного или совместного чтения.
bolshoy-medvedik-malenkaya-myshka,"Большой Медведик, маленькая мышка",ageLabel,2–4 лет,2–4 года
novyy-god-medvedika,Новый год Медведика,ageLabel,2–4 лет,2–4 года
kogda-medvedik-prosypaetsya,Когда Медведик просыпается,ageLabel,2–4 лет,2–4 года
medvedik-schitaet,Медведик считает,ageLabel,2–4 лет,2–4 года
medvedik-uznaet-tsveta,Медведик узнаёт цвета,ageLabel,2–4 лет,2–4 года
doazbuka,ДОазбука,ageLabel,2–4 лет,2–4 года
bumazhnyy-zmey,Бумажный змей,ageLabel,2–4 лет,2–4 года
dobroy-nochi,Доброй ночи!,ageLabel,2–4 лет,2–4 года
zheltyy-kayak,Жёлтый каяк,ageLabel,2–4 лет,2–4 года
puteshestvie-korablika,Путешествие Кораблика,ageLabel,2–4 лет,2–4 года
raduga-hameleon,Радуга Хамелеон,ageLabel,2–4 лет,2–4 года
raduga-hameleon,Радуга Хамелеон,whyRecommended,"Если ребёнок любит сказки и юмористические книги и сюжеты о искусстве и юморе, книга подойдёт ему в возрасте 2–4 лет. Она подходит для самостоятельного или совместного чтения.","Если ребёнок любит сказки и юмористические книги и сюжеты об искусстве и юморе, книга подойдёт ему в возрасте 2–4 лет. Она подходит для самостоятельного или совместного чтения."
s-dnem-rozhdeniya,С днём рождения,ageLabel,2–4 лет,2–4 года
udivitelnye-kubiki,Удивительные кубики,ageLabel,2–4 лет,2–4 года
udivitelnye-kubiki,Удивительные кубики,whyRecommended,"Если ребёнок любит приключенческие книги и сюжеты о искусстве и приключениях, книга подойдёт ему в возрасте 2–4 лет. Она подходит для самостоятельного или совместного чтения.","Если ребёнок любит приключенческие книги и сюжеты об искусстве и приключениях, книга подойдёт ему в возрасте 2–4 лет. Она подходит для самостоятельного или совместного чтения."
raznotsvetnye-slony,Разноцветные слоны,ageLabel,2–4 лет,2–4 года
ziggi-i-lunnoe-predstavlenie,Зигги и лунное представление,whyRecommended,"Если ребёнок любит реалистическую прозу и сюжеты о искусстве, книга подойдёт ему в возрасте 3–7 лет. Она подходит для самостоятельного или совместного чтения.","Если ребёнок любит реалистическую прозу и сюжеты об искусстве, книга подойдёт ему в возрасте 3–7 лет. Она подходит для самостоятельного или совместного чтения."
kniga-maylz,Книга,whyRecommended,Для читателей 3–7 лет это фэнтези о искусстве и волшебстве. Книгу можно выбрать для самостоятельного или совместного чтения.,Для читателей 3–7 лет это фэнтези об искусстве и волшебстве. Книгу можно выбрать для самостоятельного или совместного чтения.
snofrid-iz-lugovoy-doliny,Снофрид из Луговой долины,whyRecommended,"Если ребёнок любит приключенческие книги и сюжеты о искусстве и приключениях, книга подойдёт ему в возрасте 3–7 лет. Она подходит для совместного чтения со взрослым.","Если ребёнок любит приключенческие книги и сюжеты об искусстве и приключениях, книга подойдёт ему в возрасте 3–7 лет. Она подходит для совместного чтения со взрослым."
snegovik,Снеговик,whyRecommended,Для читателей 3–7 лет это фэнтези о искусстве и волшебстве. Книгу можно выбрать для самостоятельного или совместного чтения.,Для читателей 3–7 лет это фэнтези об искусстве и волшебстве. Книгу можно выбрать для самостоятельного или совместного чтения.
krokodil-i-zhirafinya-nastoyaschaya-vlyublennaya-parochka,Крокодил и Жирафиня — настоящая влюблённая парочка,author,Даниела Кулот,Даниэла Кулот
merilin-i-ee-chudische,Мэрилин и её чудище,whyRecommended,"Если ребёнок любит реалистическую прозу и сюжеты о искусстве, книга подойдёт ему в возрасте 3–7 лет. Она подходит для самостоятельного или совместного чтения.","Если ребёнок любит реалистическую прозу и сюжеты об искусстве, книга подойдёт ему в возрасте 3–7 лет. Она подходит для самостоятельного или совместного чтения."
priklyucheniya-yuliusa-oduvanchika-spasti-novyy-god,Приключения Юлиуса Одуванчика. Спасти Новый Год,whyRecommended,"Если ребёнок любит приключенческие книги и юмористические книги и сюжеты о искусстве, юморе и приключениях, книга подойдёт ему в возрасте 3–7 лет. Она подходит для самостоятельного или совместного чтения.","Если ребёнок любит приключенческие книги и юмористические книги и сюжеты об искусстве, юморе и приключениях, книга подойдёт ему в возрасте 3–7 лет. Она подходит для самостоятельного или совместного чтения."
fantasticheskie-letayuschie-knigi-mistera-morrisa,Фантастические летающие книги мистера Морриса,whyRecommended,"Если ребёнок любит научную фантастику и сюжеты о искусстве, книга подойдёт ему в возрасте 3–7 лет. Она подходит для самостоятельного или совместного чтения.","Если ребёнок любит научную фантастику и сюжеты об искусстве, книга подойдёт ему в возрасте 3–7 лет. Она подходит для самостоятельного или совместного чтения."
za-volnoy-volna,За волной волна,whyRecommended,Для читателей 3–7 лет это поэзия о отношениях. Книгу можно выбрать для самостоятельного или совместного чтения.,Для читателей 3–7 лет это поэзия об отношениях. Книгу можно выбрать для самостоятельного или совместного чтения.
tigromuh-i-tigrokot,Тигромух и Тигрокот,ageLabel,2–4 лет,2–4 года
tut-zveri-i-ptitsy-na-kazhdoy-stranitse,Тут звери и птицы на каждой странице,ageLabel,2–4 лет,2–4 года
babochki,Бабочки,whyRecommended,"Если ребёнок любит стихи и сюжеты о отношениях, книга подойдёт ему в возрасте 2–5 лет. Она подходит для самостоятельного или совместного чтения.","Если ребёнок любит стихи и сюжеты об отношениях, книга подойдёт ему в возрасте 2–5 лет. Она подходит для самостоятельного или совместного чтения."
kolya-v-tretyakovskoy-galeree,Коля в Третьяковской галерее,whyRecommended,Для читателей 4–10 лет это реалистическая проза о отношениях. Книгу можно выбрать для самостоятельного или совместного чтения.,Для читателей 4–10 лет это реалистическая проза об отношениях. Книгу можно выбрать для самостоятельного или совместного чтения.
matematika-na-kolesikah-ponyatiya-i-sravneniya,Математика на колёсиках. Понятия и сравнения,whyRecommended,"Если ребёнок любит реалистическую прозу и сюжеты о отношениях, книга подойдёт ему в возрасте 2–5 лет. Она подходит для самостоятельного или совместного чтения.","Если ребёнок любит реалистическую прозу и сюжеты об отношениях, книга подойдёт ему в возрасте 2–5 лет. Она подходит для самостоятельного или совместного чтения."
matematika-na-kolesikah-figury,Математика на колёсиках. Фигуры,whyRecommended,"Если ребёнок любит реалистическую прозу и сюжеты о отношениях, книга подойдёт ему в возрасте 2–5 лет. Она подходит для самостоятельного или совместного чтения.","Если ребёнок любит реалистическую прозу и сюжеты об отношениях, книга подойдёт ему в возрасте 2–5 лет. Она подходит для самостоятельного или совместного чтения."
matematika-na-kolesikah-tsifry,Математика на колёсиках. Цифры,whyRecommended,Для читателей 2–5 лет это реалистическая проза о отношениях. Книгу можно выбрать для самостоятельного или совместного чтения.,Для читателей 2–5 лет это реалистическая проза об отношениях. Книгу можно выбрать для самостоятельного или совместного чтения.
shmyak-uchitsya-plavat,Шмяк учится плавать,author,Скоттон Роб,Роб Скоттон
chik-i-briki-chudesnyy-sharik,Чик и Брики. Чудесный шарик,ageLabel,2–3 лет,2–3 года
chik-i-briki-chudesnyy-sharik,Чик и Брики. Чудесный шарик,author,Шеффлер Аксель,Аксель Шеффлер
chik-i-briki-super-puper-samokat,Чик и Брики. Супер-пупер-самокат,ageLabel,2–3 лет,2–3 года
chik-i-briki-super-puper-samokat,Чик и Брики. Супер-пупер-самокат,author,Шеффлер Аксель,Аксель Шеффлер
chik-i-briki-novyy-drug,Чик и Брики. Новый друг,ageLabel,2–3 лет,2–3 года
chik-i-briki-novyy-drug,Чик и Брики. Новый друг,author,Шеффлер Аксель,Аксель Шеффлер
chik-i-briki-strashnoe-chudovische,Чик и Брики. Страшное чудовище,ageLabel,2–3 лет,2–3 года
chik-i-briki-strashnoe-chudovische,Чик и Брики. Страшное чудовище,author,Шеффлер Аксель,Аксель Шеффлер
chik-i-briki-snegovik,Чик и Брики. Снеговик,ageLabel,2–3 лет,2–3 года
chik-i-briki-snegovik,Чик и Брики. Снеговик,author,Шеффлер Аксель,Аксель Шеффлер
chik-i-briki-luzhitsa,Чик и Брики. Лужица,ageLabel,2–3 лет,2–3 года
chik-i-briki-luzhitsa,Чик и Брики. Лужица,author,Шеффлер Аксель,Аксель Шеффлер
chik-i-briki-lyubimyy-lyagushastik,Чик и Брики. Любимый лягушастик,ageLabel,2–3 лет,2–3 года
chik-i-briki-lyubimyy-lyagushastik,Чик и Брики. Любимый лягушастик,author,Шеффлер Аксель,Аксель Шеффлер
kotenok-shmyak-pechet-tort,Котёнок Шмяк печет торт,author,Скоттон Роб,Роб Скоттон
kotenok-shmyak-rok-zvezda,Котёнок Шмяк рок-звезда,author,Скоттон Роб,Роб Скоттон
sinyaya-kniga-skazok,Синяя книга сказок,author,Носов Михаил,Михаил Носов
s-novym-godom-shmyak,"С Новым годом, Шмяк!",author,Скоттон Роб,Роб Скоттон
shmyak-i-pingviny,Шмяк и пингвины,author,Скоттон Роб,Роб Скоттон
kotenok-shmyak-dozhdik-dozhdik-perestan,"Котёнок Шмяк: Дождик, дождик, перестань!",author,Скоттон Роб,Роб Скоттон
kotenok-shmyak-v-parke-attraktsionov,Котёнок Шмяк в парке аттракционов,author,Скоттон Роб,Роб Скоттон
kotenok-shmyak-malenkiy-skaut,Котенок Шмяк — маленький скаут,author,Скоттон Роб,Роб Скоттон
kotenok-shmyak-i-syrnik-druzya-navek,Котёнок Шмяк и Сырник — друзья навек,author,Скоттон Роб,Роб Скоттон
kotenok-shmyak-kak-poradovat-papu,Котёнок Шмяк. Как порадовать папу,author,Скоттон Роб,Роб Скоттон
spokoynoy-nochi-shmyak,"Спокойной ночи, Шмяк!",author,Скоттон Роб,Роб Скоттон
taynyy-agent-shmyak,Тайный агент Шмяк,author,Скоттон Роб,Роб Скоттон
kotenok-shmyak-i-utenok-kotoryy-ne-kryakal,"Котёнок Шмяк и утёнок, который не крякал",author,Скоттон Роб,Роб Скоттон
kotenok-shmyak-i-morskie-istorii,Котёнок Шмяк и морские истории,author,Скоттон Роб,Роб Скоттон
kotenok-shmyak-davay-igrat,Котёнок Шмяк. Давай играть!,author,Скоттон Роб,Роб Скоттон
shmyak-slasti-ili-napasti,Шмяк: сласти или напасти,author,Скоттон Роб,Роб Скоттон
shmyak-govorit-spasibo,Шмяк говорит Спасибо,author,Скоттон Роб,Роб Скоттон
s-lyubovyu-shmyak,"С любовью, Шмяк!",author,Скоттон Роб,Роб Скоттон
kotenok-shmyak-i-myshki-bratishki,Котенок Шмяк и мышки-братишки,author,Скоттон Роб,Роб Скоттон
kotenok-shmyak-i-shustrye-tsyplyata,Котенок Шмяк и шустрые цыплята,author,Скоттон Роб,Роб Скоттон
kotenok-shmyak-paday-snezhok,"Котёнок Шмяк. Падай, снежок!",author,Скоттон Роб,Роб Скоттон
kotenok-shmyak-na-fabrike-morozhenogo,Котёнок Шмяк на фабрике мороженого,author,Скоттон Роб,Роб Скоттон
pro-babaku-kostochkinu-3,Про Бабаку Косточкину-3,author,Никольская Анна,Анна Никольская
pizhamnye-istorii-pro-mashiny-i-mashinki,Пижамные истории. Про машины и машинки,ageLabel,2–3 лет,2–3 года
pryatki-na-ferme,Прятки на ферме,ageLabel,2–3 лет,2–3 года
kotenok-shmyak-shmyak-i-letnie-kanikuly,Котенок Шмяк. Шмяк и летние каникулы,author,Скоттон Роб,Роб Скоттон
kotenok-shmyak-dobryh-snov-shmyak,"Котенок Шмяк. Добрых снов, Шмяк!",author,Скоттон Роб,Роб Скоттон
chik-i-briki-naryazhayut-elku,Чик и Брики наряжают елку,ageLabel,2–3 лет,2–3 года
chik-i-briki-naryazhayut-elku,Чик и Брики наряжают елку,author,Шеффлер Аксель,Аксель Шеффлер
novogodnyaya-azbuka,Новогодняя азбука,author,Узорова Ольга,Ольга Узорова
volshebnaya-kniga-dinozavrov-puteshestvie-v-yurskiy-period,Волшебная книга динозавров. Путешествие в юрский период,author,Галкина Анастасия; Ладатко Екатерина,Анастасия Галкина; Екатерина Ладатко
pizhamnye-istorii-zasypay-malysh,"Пижамные истории. Засыпай, малыш",ageLabel,2–3 лет,2–3 года
17-istoriy-i-skazok-dlya-pervogo-chteniya-bolshie-i-malenkie-mashinki,17 историй и сказок для первого чтения. Большие и маленькие машинки,author,Данилова Лида,Лида Данилова
detskiy-etiket-v-skazkah-volshebnye-slova,Детский этикет в сказках. Волшебные слова,ageLabel,2–3 лет,2–3 года
detskiy-etiket-v-skazkah-volshebnye-slova,Детский этикет в сказках. Волшебные слова,author,Ульева Елена,Елена Ульева
knizhki-kartinki-chur-medvedya-ne-budit,"Книжки-картинки. Чур, медведя не будить!",author,Смолмен Стив,Стив Смолмен
skazki-pro-emotsii-pochemu-mne-strashno,Сказки про эмоции. Почему мне страшно?,ageLabel,2–4 лет,2–4 года
skazki-pro-emotsii-pochemu-mne-strashno,Сказки про эмоции. Почему мне страшно?,author,Ульева Елена,Елена Ульева
chik-i-briki-knizhki-kartonki-lyubimyy-lyagushastik,Чик и Брики. Книжки-картонки. Любимый Лягушастик,ageLabel,2–3 лет,2–3 года
chik-i-briki-knizhki-kartonki-lyubimyy-lyagushastik,Чик и Брики. Книжки-картонки. Любимый Лягушастик,author,Шеффлер Аксель,Аксель Шеффлер
chik-i-briki-knizhki-kartonki-chudesnyy-sharik,Чик и Брики. Книжки-картонки. Чудесный шарик,ageLabel,2–3 лет,2–3 года
chik-i-briki-knizhki-kartonki-chudesnyy-sharik,Чик и Брики. Книжки-картонки. Чудесный шарик,author,Шеффлер Аксель,Аксель Шеффлер
neobyknovennye-priklyucheniya-peti-v-afrike,Необыкновенные приключения Пети в Африке,author,Войцеховский Борис,Борис Войцеховский
neobyknovennye-priklyucheniya-peti-v-kosmose,Необыкновенные приключения Пети в космосе,author,Войцеховский Борис,Борис Войцеховский
kotenok-shmyak-idet-k-doktoru,Котенок Шмяк идет к доктору,author,Скоттон Роб,Роб Скоттон
knizhki-kartinki-lyubvi-hvatit-na-dvoih,Книжки-картинки. Любви хватит на двоих,author,Чапмен Джейн,Джейн Чапмен
chik-i-briki-knizhki-kartonki-luzhitsa,Чик и Брики. Книжки-картонки. Лужица,ageLabel,2–3 лет,2–3 года
chik-i-briki-knizhki-kartonki-luzhitsa,Чик и Брики. Книжки-картонки. Лужица,author,Шеффлер Аксель,Аксель Шеффлер
v-gostyah-u-dinozavrov-razgadka-ischeznoveniya-dinozavrov-rassledovanie,В гостях у динозавров. Разгадка исчезновения динозавров. Расследование в меловом периоде,author,Галкина Анастасия; Ладатко Екатерина,Анастасия Галкина; Екатерина Ладатко
kotenok-shmyak-mamin-pomoschnik,Котенок Шмяк. Мамин помощник,author,Скоттон Роб,Роб Скоттон
knizhki-kartinki-temnoy-temnoy-nochyu,"Книжки-картинки. Тёмной, тёмной ночью",author,Батлер М. Кристина,М. Кристина Батлер
kotenok-shmyak-malenkiy-pochtalon,Котенок Шмяк — маленький почтальон,author,Скоттон Роб,Роб Скоттон
moi-pervye-skazki-fantazernye-skazki,Мои первые сказки. Фантазёрные сказки,author,Лисаченко Алексей,Алексей Лисаченко
kotenok-shmyak-malenkiy-biznesmen,Котенок Шмяк — маленький бизнесмен,author,Скоттон Роб,Роб Скоттон
kotenok-shmyak-shmyak-i-bolshoy-sekret,Котенок Шмяк. Шмяк и большой секрет,author,Скоттон Роб,Роб Скоттон
kotenok-shmyak-shkolnyy-spektakl,Котенок Шмяк. Школьный спектакль,author,Скоттон Роб,Роб Скоттон
kotenok-shmyak-prezident,Котёнок Шмяк — президент,author,Скоттон Роб,Роб Скоттон
kotenok-shmyak-i-bibliotechnaya-knizhka,Котенок Шмяк и библиотечная книжка,author,Скоттон Роб,Роб Скоттон
detskiy-etiket-v-skazkah-dobrye-dela,Детский этикет в сказках. Добрые дела,author,Ульева Елена,Елена Ульева
sonnye-skazki-spi-moya-radost,"Сонные сказки. Спи, моя радость",author,Ульева Елена,Елена Ульева
spi-drakosha-bayu-bay,"Спи, дракоша, баю-бай!",author,Шульц Бьянка,Бьянка Шульц
chik-i-briki-knizhki-kartonki-strashnoe-chudovische,Чик и Брики. Книжки-картонки. Страшное чудовище,ageLabel,2–3 лет,2–3 года
chik-i-briki-knizhki-kartonki-strashnoe-chudovische,Чик и Брики. Книжки-картонки. Страшное чудовище,author,Шеффлер Аксель,Аксель Шеффлер
chik-i-briki-knizhki-kartonki-super-puper-samokat,Чик и Брики. Книжки-картонки. Супер-пупер-самокат,ageLabel,2–3 лет,2–3 года
chik-i-briki-knizhki-kartonki-super-puper-samokat,Чик и Брики. Книжки-картонки. Супер-пупер-самокат,author,Шеффлер Аксель,Аксель Шеффлер
chik-i-briki-knizhki-kartonki-novyy-drug,Чик и Брики. Книжки-картонки. Новый друг,ageLabel,2–3 лет,2–3 года
chik-i-briki-knizhki-kartonki-novyy-drug,Чик и Брики. Книжки-картонки. Новый друг,author,Шеффлер Аксель,Аксель Шеффлер
knizhki-kartinki-ya-lyublyu-tebya-vsem-serdtsem,Книжки-картинки. Я люблю тебя всем сердцем,author,Чапмен Джейн,Джейн Чапмен
hochu-byt-kak-ty,Хочу быть как ты!,author,Чапмен Джейн,Джейн Чапмен
a-novyy-god-skoro,А Новый год скоро?,author,Чапмен Джейн,Джейн Чапмен
31-novogodnyaya-istoriya,31 новогодняя история,author,Данилова Лида,Лида Данилова
kroshka-vendi-i-dom-na-dereve,Крошка Венди и дом на дереве,author,Ричардсон Стив,Стив Ричардсон
samyy-snezhnyy-novyy-god,Самый снежный Новый год,author,Чапмен Джейн,Джейн Чапмен
knizhki-kartinki-myagkaya-oblozhka-ya-lyublyu-tebya-vsem-serdtsem,Книжки-картинки (мягкая обложка). Я люблю тебя всем сердцем,author,Чапмен Джейн,Джейн Чапмен
knizhki-kartinki-myagkaya-oblozhka-lyubvi-hvatit-na-dvoih,Книжки-картинки (мягкая обложка). Любви хватит на двоих,author,Чапмен Джейн,Джейн Чапмен
knizhki-kartinki-myagkaya-oblozhka-kotenok-shmyak-idet-k-doktoru,Книжки-картинки (мягкая обложка). Котенок Шмяк идет к доктору,author,Скоттон Роб,Роб Скоттон
knizhki-kartinki-kto-ukral-novyy-god,Книжки-картинки. Кто украл Новый год?,author,Батлер М. Кристина,М. Кристина Батлер
knizhki-kartinki-ezhik-i-snezhnaya-zima,Книжки-картинки. Ёжик и снежная зима,author,Ульева Елена,Елена Ульева
kotenok-shmyak-i-lunnyy-kot,Котенок Шмяк и лунный кот,author,Скоттон Роб,Роб Скоттон
kotenok-shmyak-zabotlivyy-brat,Котенок Шмяк — заботливый брат,author,Скоттон Роб,Роб Скоттон
knizhki-kartinki-noch-pered-rozhdestvom,Книжки-картинки. Ночь перед Рождеством,ageLabel,2–4 лет,2–4 года
knizhki-kartinki-noch-pered-rozhdestvom,Книжки-картинки. Ночь перед Рождеством,author,Ричардсон Стив; Клемент К. Мур,Стив Ричардсон; Клемент К. Мур
zolotaya-bibliotechka-malysha-zaychik-ischet-dom,Золотая библиотечка малыша. Зайчик ищет дом,ageLabel,2–3 лет,2–3 года
knizhki-kartinki-myagkaya-oblozhka-temnoy-temnoy-nochyu,"Книжки-картинки (мягкая обложка). Тёмной, тёмной ночью...",author,Батлер М. Кристина,М. Кристина Батлер
knizhki-kartinki-myagkaya-oblozhka-ne-obnimayte-menya,Книжки-картинки (мягкая обложка). Не обнимайте меня!,author,Чапмен Джейн,Джейн Чапмен
knizhki-kartinki-myagkaya-oblozhka-kroshka-vendi-i-dom-na-dereve,Книжки-картинки (мягкая обложка). Крошка Венди и дом на дереве,author,Ричардсон Стив,Стив Ричардсон
chik-i-briki-puglivaya-ulitka,Чик и Брики. Пугливая улитка,ageLabel,2–3 лет,2–3 года
chik-i-briki-puglivaya-ulitka,Чик и Брики. Пугливая улитка,author,Шеффлер Аксель,Аксель Шеффлер
frosya-korovina,Фрося Коровина,author,Востоков Станислав,Станислав Востоков
veselye-stihi-politseyskaya-mashinka,Весёлые стихи. Полицейская машинка,ageLabel,2–3 лет,2–3 года
veselye-stihi-politseyskaya-mashinka,Весёлые стихи. Полицейская машинка,author,Ульева Елена,Елена Ульева
kniga-perevertysh-horoshiy-den-plohoy-den,Книга-перевертыш. Хороший день. Плохой день,author,Галкина Анастасия,Анастасия Галкина
knizhki-kartinki-myagkaya-oblozhka-kotenok-shmyak,Книжки-картинки (мягкая обложка). Котенок Шмяк,author,Скоттон Роб,Роб Скоттон
knizhki-kartinki-myagkaya-oblozhka-shmyak-govorit-spasibo,Книжки-картинки (мягкая обложка). Шмяк говорит спасибо,author,Скоттон Роб,Роб Скоттон
knizhki-kartinki-myagkaya-oblozhka-s-lyubovyu-shmyak,"Книжки-картинки (мягкая обложка). С любовью, Шмяк!",author,Скоттон Роб,Роб Скоттон
knizhki-kartinki-myagkaya-oblozhka-taynyy-agent-shmyak,Книжки-картинки (мягкая обложка). Тайный агент Шмяк,author,Скоттон Роб,Роб Скоттон
knizhki-kartinki-myagkaya-oblozhka-spi-drakosha-bayu-bay,"Книжки-картинки (мягкая обложка). Спи, Дракоша, баю-бай!",author,Шульц Бьянка,Бьянка Шульц
knizhki-kartinki-myagkaya-oblozhka-vse-lyubyat-drakoshu,Книжки-картинки (мягкая обложка). Все любят Дракошу!,author,Шульц Бьянка,Бьянка Шульц
knizhki-kartinki-myagkaya-oblozhka-ne-boysya-drakosha,"Книжки-картинки (мягкая обложка). Не бойся, Дракоша!",author,Шульц Бьянка,Бьянка Шульц
knizhki-kartinki-myagkaya-oblozhka-chur-medvedya-ne-budit,"Книжки-картинки (мягкая обложка). Чур, медведя не будить!",author,Смолмен Стив,Стив Смолмен
stihi-dlya-malyshey-kto-zhivet-zdes,Стихи для малышей. Кто живет здесь?,ageLabel,2–3 лет,2–3 года
stihi-dlya-malyshey-kto-zhivet-zdes,Стихи для малышей. Кто живет здесь?,author,Симбирская Юлия,Юлия Симбирская
stihi-dlya-malyshey-kto-moya-mama,Стихи для малышей. Кто моя мама?,ageLabel,2–3 лет,2–3 года
stihi-dlya-malyshey-kto-moya-mama,Стихи для малышей. Кто моя мама?,author,Симбирская Юлия,Юлия Симбирская
stihi-dlya-malyshey-chey-malysh,Стихи для малышей. Чей малыш?,ageLabel,2–3 лет,2–3 года
stihi-dlya-malyshey-chey-malysh,Стихи для малышей. Чей малыш?,author,Симбирская Юлия,Юлия Симбирская
veselye-stihi-pozharnaya-mashinka,Весёлые стихи. Пожарная машинка,ageLabel,2–3 лет,2–3 года
veselye-stihi-pozharnaya-mashinka,Весёлые стихи. Пожарная машинка,author,Ульева Елена,Елена Ульева
chik-i-briki-den-rozhdeniya,Чик и Брики. День рождения,ageLabel,2–3 лет,2–3 года
chik-i-briki-den-rozhdeniya,Чик и Брики. День рождения,author,Шеффлер Аксель,Аксель Шеффлер
edinorog-v-kostyume-dinozavra-skazka-o-tom-kak-vazhno-byt-soboy,"Единорог в костюме динозавра. Сказка о том, как важно быть собой",author,Баулина Мария,Мария Баулина
zvezdnye-skazki-izuchaem-kosmos,Звёздные сказки. Изучаем космос,ageLabel,2–4 лет,2–4 года
zvezdnye-skazki-izuchaem-kosmos,Звёздные сказки. Изучаем космос,author,Ульева Елена,Елена Ульева
knizhki-kartinki-myagkaya-oblozhka-shmyak-i-rybki,Книжки-картинки (мягкая обложка). Шмяк и рыбки,author,Скоттон Роб,Роб Скоттон
knizhki-kartinki-myagkaya-oblozhka-shmyak-i-pingviny,Книжки-картинки (мягкая обложка). Шмяк и пингвины,author,Скоттон Роб,Роб Скоттон
knizhki-kartinki-myagkaya-oblozhka-shmyak-uchitsya-plavat,Книжки-картинки (мягкая обложка). Шмяк учится плавать,author,Скоттон Роб,Роб Скоттон
knizhki-kartinki-myagkaya-oblozhka-shmyak-slasti-ili-napasti,Книжки-картинки (мягкая обложка). Шмяк: сласти или напасти,author,Скоттон Роб,Роб Скоттон
kotenok-shmyak-i-syrnik-bolshaya-kniga-istoriy-o-druzhbe-5-knig-v-odnoy,Котенок Шмяк и Сырник. Большая книга историй о дружбе. 5 книг в одной,author,Скоттон Роб,Роб Скоттон
kotenok-shmyak-i-syrnik-bolshaya-kniga-priklyucheniy-5-knig-v-odnoy,Котенок Шмяк и Сырник. Большая книга приключений. 5 книг в одной,author,Скоттон Роб,Роб Скоттон
sonnye-skazki,Сонные сказки,ageLabel,2–4 лет,2–4 года
sonnye-skazki,Сонные сказки,author,Ульева Елена,Елена Ульева
ya-lyublyu-tebya-malysh-tri-istorii,"Я люблю тебя, малыш! Три истории",author,Чапмен Джейн; Фридман Клэр,Джейн Чапмен; Клэр Фридман
knizhki-kartinki-lapy-proch-ot-meda,Книжки-картинки. Лапы прочь от мёда!,author,Чапмен Джейн,Джейн Чапмен
clever-chtenie-podarok-deda-moroza,CLEVER-чтение. Подарок Деда Мороза,author,Ульева Елена,Елена Ульева
knizhki-kartinki-samyy-chudesnyy-podarok-na-svete,Книжки-картинки. Самый чудесный подарок на свете,author,Сперринг Марк,Марк Сперринг
veselye-stihi-skoraya-pomosch,Весёлые стихи. Скорая помощь,ageLabel,2–3 лет,2–3 года
veselye-stihi-skoraya-pomosch,Весёлые стихи. Скорая помощь,author,Ульева Елена,Елена Ульева
knizhki-kartinki-hochu-byt-tigrom,Книжки-картинки. Хочу быть тигром,author,Фельдман Елена,Елена Фельдман
knizhki-kartinki-myagkaya-oblozhka-samyy-snezhnyy-novyy-god,Книжки-картинки (мягкая обложка). Самый снежный Новый год!,author,Чапмен Джейн,Джейн Чапмен
knizhki-kartinki-myagkaya-oblozhka-hochu-byt-kak-ty,Книжки-картинки (мягкая обложка). Хочу быть как ты!,author,Чапмен Джейн,Джейн Чапмен
knizhki-kartinki-myagkaya-oblozhka-a-novyy-god-skoro,Книжки-картинки (мягкая обложка). А Новый год скоро?,author,Чапмен Джейн,Джейн Чапмен
knizhki-kartinki-myagkaya-oblozhka-dobryh-snov-shmyak,"Книжки-картинки (мягкая обложка). Добрых снов, Шмяк!",author,Скоттон Роб,Роб Скоттон
knizhki-kartinki-myagkaya-oblozhka-shmyak-i-novyy-malysh,Книжки-картинки (мягкая обложка). Шмяк и новый малыш,author,Скоттон Роб,Роб Скоттон
knizhki-kartinki-myagkaya-oblozhka-kotenok-shmyak-luchshiy-podarok-dlya,Книжки-картинки (мягкая обложка). Котенок Шмяк. Лучший подарок для мамы и папы,author,Скоттон Роб,Роб Скоттон
knizhki-kartinki-myagkaya-oblozhka-kotenok-shmyak-shkolnyy-spektakl,Книжки-картинки (мягкая обложка). Котенок Шмяк. Школьный спектакль,author,Скоттон Роб,Роб Скоттон
knizhki-kartinki-myagkaya-oblozhka-shmyak-i-letnie-kanikuly,Книжки-картинки (мягкая обложка). Шмяк и летние каникулы,author,Скоттон Роб,Роб Скоттон
knizhki-kartinki-myagkaya-oblozhka-kotenok-shmyak-i-bibliotechnaya,Книжки-картинки (мягкая обложка). Котенок Шмяк и библиотечная книжка,author,Скоттон Роб,Роб Скоттон
knizhki-kartinki-myagkaya-oblozhka-kotenok-shmyak-prezident,Книжки-картинки (мягкая обложка). Котенок Шмяк — президент,author,Скоттон Роб,Роб Скоттон
kurochka-ryaba-skazka-panoramka,Курочка Ряба. Сказка-панорамка,author,Ушинский Константин,Константин Ушинский
kanikuly-u-dinozavrov-dinozavry-v-akvaparke,Каникулы у динозавров. Динозавры в аквапарке,author,Хохвальд Доминик,Доминик Хохвальд
knizhki-kartinki-myagkaya-oblozhka-kotenok-shmyak-i-bolshaya-tykva,Книжки-картинки (мягкая обложка). Котенок Шмяк и большая тыква,author,Скоттон Роб,Роб Скоттон
knizhki-kartinki-myagkaya-oblozhka-s-novym-godom-shmyak,"Книжки-картинки (мягкая обложка). С Новым годом, Шмяк!",author,Скоттон Роб,Роб Скоттон
drakosha-skazhi-pravdu-drakosha,"Дракоша. Скажи правду, Дракоша!",author,Шульц Бьянка,Бьянка Шульц
kotenok-shmyak-prazdnichnye-istorii,Котенок Шмяк. Праздничные истории,author,Скоттон Роб,Роб Скоттон
kotenok-shmyak-i-syrnik-bolshaya-kniga-veselyh-istoriy,Котенок Шмяк и Сырник. Большая книга веселых историй,author,Скоттон Роб,Роб Скоттон
bolshaya-skazochnaya-seriya-lyubimye-skazki-pro-zhivotnyh,Большая сказочная серия. Любимые сказки про животных,author,Ульева Елена,Елена Ульева
bolshaya-skazochnaya-seriya-vokrug-sveta-v-novyy-god,Большая сказочная серия. Вокруг света в Новый год,author,Ульева Елена,Елена Ульева
knizhki-kartinki-kroshka-vendi-i-dom-na-dereve-podarochnoe-izdanie,Книжки-картинки. Крошка Венди и дом на дереве. Подарочное издание,author,Ричардсон Стив,Стив Ричардсон
knizhki-kartinki-zima-prishla-malysh-tri-istorii,"Книжки-картинки. Зима пришла, малыш! Три истории",author,Чапмен Джейн,Джейн Чапмен
knizhki-kartinki-s-novym-godom-malysh-tri-istorii,"Книжки-картинки. С Новым годом, малыш! Три истории",author,Чапмен Джейн,Джейн Чапмен
clever-chtenie-lavanda-blu-priklyucheniya-v-volshebnom-lesu,CLEVER-чтение. Лаванда Блу. Приключения в волшебном лесу,author,Ричардсон Стив,Стив Ричардсон
bolshaya-skazochnaya-seriya-bolshaya-kniga-poleznyh-skazok,Большая сказочная серия. Большая книга полезных сказок,author,Ульева Елена,Елена Ульева
dobryh-snov-shmyak-knizhka-s-nakleykami,"Добрых снов, Шмяк! Книжка с наклейками",ageLabel,2–4 лет,2–4 года
dobryh-snov-shmyak-knizhka-s-nakleykami,"Добрых снов, Шмяк! Книжка с наклейками",author,Скоттон Роб,Роб Скоттон
kotenok-shmyak-shkolnyy-spektakl-knizhka-s-nakleykami,Котенок Шмяк. Школьный спектакль. Книжка с наклейками,ageLabel,2–4 лет,2–4 года
kotenok-shmyak-shkolnyy-spektakl-knizhka-s-nakleykami,Котенок Шмяк. Школьный спектакль. Книжка с наклейками,author,Скоттон Роб,Роб Скоттон
kotenok-shmyak-i-zagadochnoe-zernyshko-knizhka-s-nakleykami,Котенок Шмяк и загадочное зернышко. Книжка с наклейками,ageLabel,2–4 лет,2–4 года
kotenok-shmyak-i-zagadochnoe-zernyshko-knizhka-s-nakleykami,Котенок Шмяк и загадочное зернышко. Книжка с наклейками,author,Скоттон Роб,Роб Скоттон
kotenok-shmyak-mamin-pomoschnik-knizhka-s-nakleykami,Котенок Шмяк — мамин помощник. Книжка с наклейками,ageLabel,2–4 лет,2–4 года
kotenok-shmyak-mamin-pomoschnik-knizhka-s-nakleykami,Котенок Шмяк — мамин помощник. Книжка с наклейками,author,Скоттон Роб,Роб Скоттон
skazka-na-noch-schastlivyy-dom,Сказка на ночь. Счастливый дом,author,Фельдман Елена,Елена Фельдман
skazka-na-noch-chto-delayut-mama-i-papa-kogda-ya-splyu,"Сказка на ночь. Что делают мама и папа, когда я сплю?",author,Войцеховский Борис,Борис Войцеховский
kniga-perevertysh-mama-menya-lyubit-papa-menya-lyubit,Книга-перевертыш. Мама меня любит. Папа меня любит,ageLabel,2–4 лет,2–4 года
kniga-perevertysh-mama-menya-lyubit-papa-menya-lyubit,Книга-перевертыш. Мама меня любит. Папа меня любит,author,Ульева Елена,Елена Ульева
bolshaya-kniga-kosmicheskih-skazok-30-i-1-istoriya-dlya-chteniya-na,Большая книга космических сказок. 30 и 1 история для чтения на каждый день,author,Лисаченко Алексей,Алексей Лисаченко
kniga-perevertysh-babushka-menya-lyubit-dedushka-menya-lyubit,Книга-перевертыш. Бабушка меня любит. Дедушка меня любит,ageLabel,2–4 лет,2–4 года
kniga-perevertysh-babushka-menya-lyubit-dedushka-menya-lyubit,Книга-перевертыш. Бабушка меня любит. Дедушка меня любит,author,Ульева Елена,Елена Ульева
kanikuly-u-dinozavrov-dinozavry-v-letnoy-shkole,Каникулы у динозавров. Динозавры в лётной школе,author,Хохвальд Доминик,Доминик Хохвальд
skazka-na-noch-horoshiy-den,Сказка на ночь. Хороший день?,ageLabel,2–4 лет,2–4 года
skazka-na-noch-horoshiy-den,Сказка на ночь. Хороший день?,author,Галкина Анастасия,Анастасия Галкина
skazka-na-noch-horoshiy-den,Сказка на ночь. Хороший день?,whyRecommended,"Если ребёнок любит сказки и сюжеты о искусстве, книга подойдёт ему в возрасте 2–4 лет. Она подходит для самостоятельного или совместного чтения.","Если ребёнок любит сказки и сюжеты об искусстве, книга подойдёт ему в возрасте 2–4 лет. Она подходит для самостоятельного или совместного чтения."
skazka-na-noch-kolybelnaya-ovechki,Сказка на ночь. Колыбельная овечки,ageLabel,2–4 лет,2–4 года
skazka-na-noch-kolybelnaya-ovechki,Сказка на ночь. Колыбельная овечки,author,Войцеховский Борис,Борис Войцеховский
skazka-na-noch-spi-drakosha-bayu-bay,"Сказка на ночь. Спи, Дракоша, баю-бай!",ageLabel,2–4 лет,2–4 года
skazka-na-noch-spi-drakosha-bayu-bay,"Сказка на ночь. Спи, Дракоша, баю-бай!",author,Шульц Бьянка,Бьянка Шульц
sunduchok-semeynyh-skazok-bratik-menya-lyubit,Сундучок семейных сказок. Братик меня любит,ageLabel,2–4 лет,2–4 года
sunduchok-semeynyh-skazok-bratik-menya-lyubit,Сундучок семейных сказок. Братик меня любит,author,Ульева Елена,Елена Ульева
pomogayuschie-skazki-maminy-pomoschniki,Помогающие сказки. Мамины помощники,author,Ульева Елена,Елена Ульева
bolshaya-skazochnaya-seriya-zodiakalnye-skazki-mify-i-legendy,Большая сказочная серия. Зодиакальные сказки. Мифы и легенды,author,Ульева Елена,Елена Ульева
sunduchok-semeynyh-skazok-sestrenka-menya-lyubit,Сундучок семейных сказок. Сестрёнка меня любит,ageLabel,2–4 лет,2–4 года
sunduchok-semeynyh-skazok-sestrenka-menya-lyubit,Сундучок семейных сказок. Сестрёнка меня любит,author,Ульева Елена,Елена Ульева
lyubimye-skazki-kurochka-ryaba-skazka-igra,Любимые сказки. Курочка Ряба. Сказка-игра,author,Ушинский Константин,Константин Ушинский
lyubimye-skazki-repka-skazka-igra,Любимые сказки. Репка. Сказка-игра,author,Ушинский Константин,Константин Ушинский
lyubimye-skazki-repka-skazka-igra,Любимые сказки. Репка. Сказка-игра,whyRecommended,"Если ребёнок любит сказки и сюжеты о искусстве, книга подойдёт ему в возрасте 3–5 лет. Она подходит для самостоятельного или совместного чтения.","Если ребёнок любит сказки и сюжеты об искусстве, книга подойдёт ему в возрасте 3–5 лет. Она подходит для самостоятельного или совместного чтения."
lyuboznatelnyy-malysh-chto-byvaet-vesnoy,Любознательный малыш. Что бывает весной?,author,Ульева Елена,Елена Ульева
lyuboznatelnyy-malysh-lesnye-malyshi,Любознательный малыш. Лесные малыши,author,Ульева Елена,Елена Ульева
clever-chtenie-kak-shurochka-i-murochka-vyhuhol-iskali,CLEVER-чтение. Как Шурочка и Мурочка выхухоль искали,author,Дороченкова Марина,Марина Дороченкова
sunduchok-semeynyh-skazok-masterskaya-dedushki-uchim-tsveta-i-schitaem,Сундучок семейных сказок. Мастерская дедушки. Учим цвета и считаем до 5,ageLabel,2–4 лет,2–4 года
sunduchok-semeynyh-skazok-u-babushki-v-sadu-uchim-tsveta-i-schitaem-do-5,Сундучок семейных сказок. У бабушки в саду. Учим цвета и считаем до 5,ageLabel,2–4 лет,2–4 года
sunduchok-semeynyh-skazok-u-babushki-na-kuhne-uchim-protivopolozhnosti,Сундучок семейных сказок. У бабушки на кухне. Учим противоположности,ageLabel,2–4 лет,2–4 года
knizhki-kartinki-ezhik-igor-nedovolen,Книжки-картинки. Ежик Игорь недоволен,author,Райтмейер Андреа,Андреа Райтмейер
knizhki-kartinki-myagkaya-oblozhka-skazhi-pravdu-drakosha,"Книжки-картинки (мягкая обложка). Скажи правду, Дракоша!",author,Шульц Бьянка,Бьянка Шульц
bolshaya-skazochnaya-seriya-semeynye-skazki-razvivaem-emotsionalnyy,Большая сказочная серия. Семейные сказки. Развиваем эмоциональный интеллект,author,Ульева Елена,Елена Ульева
pomogayuschie-skazki-uchus-druzhit-skazki,Помогающие сказки. Учусь дружить. Сказки,author,Ульева Елена,Елена Ульева
semeynye-skazki-mama-ya-lyublyu-tebya,"Семейные сказки. Мама, я люблю тебя",author,Ульева Елена,Елена Ульева
bolshaya-skazochnaya-seriya-skazki-pro-dobrye-dela,Большая сказочная серия. Сказки про добрые дела,author,Ульева Елена,Елена Ульева
knizhki-kartinki-sunduchok-semeynyh-skazok-ya-lyublyu-tebya-zaychonok,"Книжки-картинки. Сундучок семейных сказок. Я люблю тебя, зайчонок!",author,Валаханович Ксения,Ксения Валаханович
lyuboznatelnyy-malysh-zveryata-v-lesu,Любознательный малыш. Зверята в лесу,author,Ульева Елена,Елена Ульева
clever-chtenie-priklyucheniya-v-gusinyh-lapkah,CLEVER-чтение. Приключения в Гусиных Лапках,author,Снесарь Андрей,Андрей Снесарь
chik-i-briki-knizhki-kartonki-snegovik,Чик и Брики. Книжки-картонки. Снеговик,ageLabel,2–3 лет,2–3 года
chik-i-briki-knizhki-kartonki-snegovik,Чик и Брики. Книжки-картонки. Снеговик,author,Шеффлер Аксель,Аксель Шеффлер
chik-i-briki-knizhki-kartonki-chik-i-briki-naryazhayut-elku,Чик и Брики. Книжки-картонки. Чик и Брики наряжают елку,ageLabel,2–3 лет,2–3 года
chik-i-briki-knizhki-kartonki-chik-i-briki-naryazhayut-elku,Чик и Брики. Книжки-картонки. Чик и Брики наряжают елку,author,Шеффлер Аксель,Аксель Шеффлер
igraem-uchimsya-razvivaemsya-kiki-pora-na-gorshok,"Играем. Учимся. Развиваемся. Кики, пора на горшок!",ageLabel,2–3 лет,2–3 года
igraem-uchimsya-razvivaemsya-kiki-otday-sosku,"Играем. Учимся. Развиваемся. Кики, отдай соску!",ageLabel,2–3 лет,2–3 года
knizhki-kartinki-ya-ne-vorchunya,Книжки-картинки. Я не ворчунья!,author,Смолмен Стив,Стив Смолмен
pomogayuschie-skazki-u-menya-vse-poluchitsya,Помогающие сказки. У меня всё получится!,author,Ульева Елена,Елена Ульева
clever-chtenie-sekret-v-chemodane,CLEVER-чтение. Секрет в чемодане,author,Весова Юлия,Юлия Весова
knizhki-kartinki-modnyy-ded-moroz,Книжки-картинки. Модный Дед Мороз,author,Русинова Евгения,Евгения Русинова
knizhki-kartinki-tvoya-lyubov-vsegda-so-mnoy,Книжки-картинки. Твоя любовь всегда со мной,author,Фельдман Елена,Елена Фельдман
bolshaya-skazochnaya-seriya-novogodnyaya-kniga-skazok,Большая сказочная серия. Новогодняя книга сказок,author,Ульева Елена,Елена Ульева
clever-chtenie-poverit-v-chudo-ili-kak-spasti-deda-moroza,"CLEVER-чтение. Поверить в чудо, или Как спасти Деда Мороза",author,Лютикова Анастасия,Анастасия Лютикова
kolya-i-masiandr-stroyat-lift,Коля и Масиандр строят лифт,author,Мартова Нелли,Нелли Мартова
knizhki-kartinki-malyshka-pyshka-i-testotryasenie,Книжки-картинки. Малышка Пышка и тестотрясение,author,Русинова Евгения,Евгения Русинова
clever-chtenie-odnazhdy-v-lesu-sbornik-stihotvoreniy,CLEVER-чтение. Однажды в лесу. Сборник стихотворений,author,Валаханович Ксения,Ксения Валаханович
kolya-i-masiandr-pervyy-sneg,Коля и Масиандр. Первый снег,author,Мартова Нелли,Нелли Мартова
lyuboznatelnyy-malysh-chto-byvaet-osenyu,Любознательный малыш. Что бывает осенью?,author,Ульева Елена,Елена Ульева
lyuboznatelnyy-malysh-priklyucheniya-bukashek,Любознательный малыш. Приключения букашек,author,Ульева Елена,Елена Ульева
lyuboznatelnyy-malysh-chto-byvaet-zimoy,Любознательный малыш. Что бывает зимой?,author,Ульева Елена,Елена Ульева
malenkiy-musorovoz-malysh-musorovoz-ischet-druga,Маленький Мусоровоз. Малыш Мусоровоз ищет друга,author,Весова Юлия,Юлия Весова
knizhki-kartinki-samyy-smelyy-hameleon,Книжки-картинки. Самый смелый хамелеон,author,Райтмейер Андреа,Андреа Райтмейер
knizhki-kartinki-samyy-smelyy-hameleon,Книжки-картинки. Самый смелый хамелеон,whyRecommended,"Если ребёнок любит реалистическую прозу и сюжеты о искусстве и страхе, книга подойдёт ему в возрасте 3–5 лет. Она подходит для самостоятельного или совместного чтения.","Если ребёнок любит реалистическую прозу и сюжеты об искусстве и страхе, книга подойдёт ему в возрасте 3–5 лет. Она подходит для самостоятельного или совместного чтения."
moya-mama-samaya-luchshaya,Моя мама самая лучшая,author,Ульева Елена,Елена Ульева
bolshaya-skazochnaya-seriya-skazki-pro-detskiy-sad-spravlyaemsya-s,Большая сказочная серия. Сказки про детский сад. Справляемся с капризами и истерикой,author,Ульева Елена,Елена Ульева
skazka-na-noch-spokoynoy-nochi-ferma,"Сказка на ночь. Спокойной ночи, ферма!",author,Мендес Наталия,Наталия Мендес
semeynye-skazki-papa-ya-lyublyu-tebya,"Семейные сказки. Папа, я люблю тебя",author,Ульева Елена,Елена Ульева
knizhki-kartinki-samyy-luchshiy-drug,Книжки-картинки. Самый лучший друг,author,Браумэрт Мелани,Мелани Браумэрт
kniga-perevertysh-bratik-menya-lyubit-sestrenka-menya-lyubit,Книга-перевертыш. Братик меня любит. Сестрёнка меня любит,author,Ульева Елена,Елена Ульева
kotenok-shmyak-kotenok-shmyak-mechtatelnye-istorii,Котенок Шмяк. Котенок Шмяк. Мечтательные истории,author,Скоттон Роб,Роб Скоттон
kotenok-shmyak-kotenok-shmyak-klassnye-istorii,Котенок Шмяк. Котенок Шмяк. Классные истории,author,Скоттон Роб,Роб Скоттон
kotenok-shmyak-kotenok-shmyak-uyutnye-istorii,Котенок Шмяк. Котенок Шмяк. Уютные истории,author,Скоттон Роб,Роб Скоттон
cemeynye-skazki-maminy-skazki-dlya-chteniya-pered-snom,Cемейные сказки. Мамины сказки для чтения перед сном,author,Ульева Елена,Елена Ульева
knizhki-kartinki-kuda-ischezla-rechka,Книжки-картинки. Куда исчезла речка?,author,Райтмейер Андреа,Андреа Райтмейер
knizhki-kartinki-sladkih-snov-malyshka-myshka,"Книжки-картинки. Сладких снов, малышка мышка!",author,Шёнвальд Софи,Софи Шёнвальд
cemeynye-skazki-papiny-skazki-dlya-chteniya-pered-snom,Cемейные сказки. Папины сказки для чтения перед сном,author,Ульева Елена,Елена Ульева
malenkiy-musorovoz-malysh-musorovoz-idet-v-shkolu,Маленький Мусоровоз. Малыш Мусоровоз идет в школу,author,Весова Юлия,Юлия Весова
skazka-na-noch-spokoynoy-nochi-ekskavator,"Сказка на ночь. Спокойной ночи, экскаватор!",author,Мендес Наталия,Наталия Мендес
kotenok-shmyak-istorii-priklyucheniy,Котенок Шмяк. Истории приключений,author,Скоттон Роб,Роб Скоттон
kotenok-shmyak-kotenok-shmyak-i-sestrenka-plyusha,Котенок Шмяк. Котенок Шмяк и сестрёнка Плюша,author,Скоттон Роб,Роб Скоттон
knizhki-kartinki-slonenok-idet-v-detskiy-sad,Книжки-картинки. Слоненок идет в детский сад,ageLabel,2–4 лет,2–4 года
knizhki-kartinki-slonenok-idet-v-detskiy-sad,Книжки-картинки. Слоненок идет в детский сад,author,Симбирская Юлия,Юлия Симбирская
knizhki-kartinki-maks-i-lunnyy-bob,Книжки-картинки. Макс и Лунный Боб,author,Скоттон Роб,Роб Скоттон
kotenok-shmyak-kotenok-shmyak-na-fabrike-morozhenogo,Котенок Шмяк. Котенок Шмяк на фабрике мороженого,author,Скоттон Роб,Роб Скоттон
kotenok-shmyak-spokoynoy-nochi-shmyak,"Котенок Шмяк. Спокойной ночи, Шмяк!",author,Скоттон Роб,Роб Скоттон
kotenok-shmyak-kotenok-shmyak-poy-ne-boysya,"Котенок Шмяк. Котёнок Шмяк, пой, не бойся!",author,Скоттон Роб,Роб Скоттон
malenkiy-musorovoz-malysh-musorovoz-edet-na-remont,Маленький мусоровоз. Малыш мусоровоз едет на ремонт,author,Весова Юлия,Юлия Весова
kotenok-shmyak-myagkaya-oblozhka-kotenok-shmyak-pechet-tort,Котенок Шмяк (мягкая обложка). Котенок Шмяк печет торт,author,Скоттон Роб,Роб Скоттон
kotenok-shmyak-myagkaya-oblozhka-paday-snezhok,"Котенок Шмяк (мягкая обложка). Падай, снежок!",author,Скоттон Роб,Роб Скоттон
kotenok-shmyak-myagkaya-oblozhka-kotenok-shmyak-na-fabrike-morozhenogo,Котенок Шмяк (мягкая обложка). Котенок Шмяк на фабрике мороженого,author,Скоттон Роб,Роб Скоттон
knizhki-kartinki-myagkaya-oblozhka-chto-delayut-mama-i-papa-kogda-ya,"Книжки-картинки (мягкая обложка). Что делают мама и папа, когда я сплю?",author,Войцеховский Борис,Борис Войцеховский
shokoladus-sekret-volshebnogo-kakao,Шоколадус. Секрет волшебного какао,author,Фогель Майя,Майя Фогель
kotenok-shmyak-myagkaya-oblozhka-prazdnichnye-istorii,Котенок Шмяк (мягкая обложка). Праздничные истории,author,Скоттон Роб,Роб Скоттон
kotenok-shmyak-myagkaya-oblozhka-kotenok-shmyak-i-sestrenka-plyusha,Котенок Шмяк (мягкая обложка). Котенок Шмяк и сестрёнка Плюша,author,Скоттон Роб,Роб Скоттон
kotenok-shmyak-myagkaya-oblozhka-istorii-priklyucheniy,Котенок Шмяк (мягкая обложка). Истории приключений,author,Скоттон Роб,Роб Скоттон
kotenok-shmyak-idet-k-doktoru-knizhka-s-nakleykami,Котенок Шмяк идет к доктору. Книжка с наклейками,ageLabel,2–4 лет,2–4 года
kotenok-shmyak-idet-k-doktoru-knizhka-s-nakleykami,Котенок Шмяк идет к доктору. Книжка с наклейками,author,Скоттон Роб,Роб Скоттон
knizhki-kartinki-myagkaya-oblozhka-ya-lyublyu-tebya-malysh-tri-istorii,"Книжки-картинки (мягкая обложка). Я люблю тебя, малыш! Три истории",author,Чапмен Джейн; Фридман Клэр,Джейн Чапмен; Клэр Фридман
shmyak-slasti-ili-napasti-knizhka-s-nakleykami,Шмяк: сласти или напасти. Книжка с наклейками,ageLabel,2–4 лет,2–4 года
shmyak-slasti-ili-napasti-knizhka-s-nakleykami,Шмяк: сласти или напасти. Книжка с наклейками,author,Скоттон Роб,Роб Скоттон
kniga-stihov-dlya-malyshey-polnaya-tachka-chudakov-i-chudachek,Книга стихов для малышей «Полная тачка чудаков и чудачек»,author,Весова Юлия,Юлия Весова
drakosha-novyy-drug-drakoshi,Дракоша. Новый друг Дракоши,author,Шульц Бьянка,Бьянка Шульц
kotenok-shmyak-knizhka-s-nakleykami,Котенок Шмяк. Книжка с наклейками,ageLabel,2–4 лет,2–4 года
kotenok-shmyak-knizhka-s-nakleykami,Котенок Шмяк. Книжка с наклейками,author,Скоттон Роб,Роб Скоттон
bolshaya-skazochnaya-seriya-bolshaya-kniga-skazok-pro-zhivotnyh,Большая сказочная серия. Большая книга сказок про животных,author,Ульева Елена,Елена Ульева
shmyak-govorit-spasibo-knizhka-s-nakleykami,Шмяк говорит спасибо. Книжка с наклейками,ageLabel,2–4 лет,2–4 года
shmyak-govorit-spasibo-knizhka-s-nakleykami,Шмяк говорит спасибо. Книжка с наклейками,author,Скоттон Роб,Роб Скоттон
s-lyubovyu-shmyak-knizhka-s-nakleykami,"С любовью, Шмяк. Книжка с наклейками",ageLabel,2–4 лет,2–4 года
s-lyubovyu-shmyak-knizhka-s-nakleykami,"С любовью, Шмяк. Книжка с наклейками",author,Скоттон Роб,Роб Скоттон
knizhki-kartinki-s-nakleykami-kotenok-shmyak-i-bolshaya-tykva,Книжки-картинки с наклейками. Котенок Шмяк и большая тыква,ageLabel,2–4 лет,2–4 года
knizhki-kartinki-s-nakleykami-kotenok-shmyak-i-bolshaya-tykva,Книжки-картинки с наклейками. Котенок Шмяк и большая тыква,author,Скоттон Роб,Роб Скоттон
knizhki-kartinki-myagkaya-oblozhka-davay-delitsya-drakosha,"Книжки-картинки (мягкая обложка). Давай делиться, Дракоша!",author,Шульц Бьянка,Бьянка Шульц
drakosha-davay-delitsya-drakosha,"Дракоша. Давай делиться, Дракоша!",author,Шульц Бьянка,Бьянка Шульц
knizhki-kartinki-buka-i-schenok-perepoloh-v-sobachey-shkole,Книжки-картинки. Бука и щенок. Переполох в собачьей школе,ageLabel,6–6 лет,6 лет
knizhki-kartinki-myagkaya-oblozhka-kotastrofa,Книжки-картинки (мягкая обложка). КОТастрофа,author,Шульц Бьянка,Бьянка Шульц
clever-komiks-drakony-nalsary-drakoniy-ostrov,Clever-комикс. Драконы Нальсары. Драконий остров,author,"Дельваль, Мари-Элен, Эртель, Пьер",Мари-Элен Дельваль; Пьер Эртель
knizhki-kartinki-myagkaya-oblozhka-samaya-sonnaya-knizhka,Книжки-картинки (мягкая обложка). Самая сонная книжка,author,Фельдман Елена,Елена Фельдман
knizhki-kartinki-myagkaya-oblozhka-malyshka-pyshka-i-testotryasenie,Книжки-картинки (мягкая обложка). Малышка Пышка и тестотрясение,author,Русинова Евгения,Евгения Русинова
clever-chtenie-priklyucheniya-shurochki-i-murochki-myagkaya-oblozhka,CLEVER-чтение. Приключения Шурочки и Мурочки (мягкая обложка),author,Дороченкова Марина; Кравчук Анна,Марина Дороченкова; Анна Кравчук
clever-chtenie-kak-shurochka-i-murochka-iskali-vyhuhol-myagkaya-oblozhka,CLEVER-чтение. Как Шурочка и Мурочка искали выхухоль (мягкая обложка),author,Дороченкова Марина; Кравчук Анна,Марина Дороченкова; Анна Кравчук
knizhki-kartinki-s-nakleykami-shmyak-i-letnie-kanikuly-knizhka-s,Книжки-картинки с наклейками. Шмяк и летние каникулы. Книжка с наклейками,ageLabel,2–4 лет,2–4 года
knizhki-kartinki-s-nakleykami-shmyak-i-letnie-kanikuly-knizhka-s,Книжки-картинки с наклейками. Шмяк и летние каникулы. Книжка с наклейками,author,Скоттон Роб,Роб Скоттон
knizhki-kartinki-s-nakleykami-shmyak-uchitsya-plavat-knizhka-s,Книжки-картинки с наклейками. Шмяк учится плавать. Книжка с наклейками,ageLabel,2–4 лет,2–4 года
knizhki-kartinki-s-nakleykami-shmyak-uchitsya-plavat-knizhka-s,Книжки-картинки с наклейками. Шмяк учится плавать. Книжка с наклейками,author,Скоттон Роб,Роб Скоттон
knizhki-kartinki-s-nakleykami-shmyak-i-pingviny-knizhka-s-nakleykami,Книжки-картинки с наклейками. Шмяк и пингвины. Книжка с наклейками,ageLabel,2–4 лет,2–4 года
knizhki-kartinki-s-nakleykami-shmyak-i-pingviny-knizhka-s-nakleykami,Книжки-картинки с наклейками. Шмяк и пингвины. Книжка с наклейками,author,Скоттон Роб,Роб Скоттон
knizhki-kartinki-s-nakleykami-kotenok-shmyak-i-bibliotechnaya-knizhka,Книжки-картинки с наклейками. Котенок Шмяк и библиотечная книжка. Книжка с наклейками,ageLabel,2–4 лет,2–4 года
knizhki-kartinki-s-nakleykami-kotenok-shmyak-i-bibliotechnaya-knizhka,Книжки-картинки с наклейками. Котенок Шмяк и библиотечная книжка. Книжка с наклейками,author,Скоттон Роб,Роб Скоттон
knizhki-kartinki-s-nakleykami-shmyak-i-rybki-knizhka-s-nakleykami,Книжки-картинки с наклейками. Шмяк и рыбки. Книжка с наклейками,ageLabel,2–4 лет,2–4 года
knizhki-kartinki-s-nakleykami-shmyak-i-rybki-knizhka-s-nakleykami,Книжки-картинки с наклейками. Шмяк и рыбки. Книжка с наклейками,author,Скоттон Роб,Роб Скоттон
knizhki-kartinki-s-nakleykami-kotenok-shmyak-prezident-knizhka-s,Книжки-картинки с наклейками. Котёнок Шмяк — президент. Книжка с наклейками,ageLabel,2–4 лет,2–4 года
knizhki-kartinki-s-nakleykami-kotenok-shmyak-prezident-knizhka-s,Книжки-картинки с наклейками. Котёнок Шмяк — президент. Книжка с наклейками,author,Скоттон Роб,Роб Скоттон
knizhki-kartinki-s-nakleykami-s-novym-godom-shmyak-knizhka-s-nakleykami,"Книжки-картинки с наклейками. С Новым годом, Шмяк! Книжка с наклейками",author,Скоттон Роб,Роб Скоттон
lyubimye-skazki-glavnye-skazki-malysha,Любимые сказки. Главные сказки малыша,author,Ушинский Константин,Константин Ушинский
knizhki-kartinki-myagkaya-oblozhka-zima-prishla-malysh-tri-istorii,"Книжки-картинки (мягкая обложка). Зима пришла, малыш! Три истории",author,Чапмен Джейн,Джейн Чапмен
clever-chtenie-poverit-v-chudo-ili-kak-spasti-novyy-god,"CLEVER-чтение. Поверить в чудо, или как спасти Новый год",author,Лютикова Анастасия,Анастасия Лютикова
clever-chtenie-novyy-god-v-kedrovom-lesu-advent-kalendar-v-skazkah,CLEVER-чтение. Новый год в кедровом лесу. Адвент-календарь в сказках,author,Хачатурова Анастасия,Анастасия Хачатурова
knizhki-kartinki-myagkaya-oblozhka-s-novym-godom-malysh-tri-istorii,"Книжки-картинки (мягкая обложка). С Новым годом, малыш! Три истории",author,Чапмен Джейн,Джейн Чапмен
priklyucheniya-ezhulki-kak-ezhulka-i-ego-druzya-poverili-v-novogodnee,Приключения Ежульки. Как Ежулька и его друзья поверили в новогоднее чудо,author,Батлер М. Кристина,М. Кристина Батлер
priklyucheniya-ezhulki-kak-ezhulka-i-ego-druzya-chut-novyy-god-ne,Приключения Ежульки. Как Ежулька и его друзья чуть Новый год не пропустили,author,Батлер М. Кристина,М. Кристина Батлер
priklyucheniya-ezhulki-chto-stryaslos-pod-novyy-god,Приключения Ежульки. Что стряслось под Новый год?,author,Батлер М. Кристина,М. Кристина Батлер
priklyucheniya-ezhulki-kak-ezhulka-i-ego-druzya-spasli-novyy-god,Приключения Ежульки. Как Ежулька и его друзья спасли Новый год,author,Батлер М. Кристина,М. Кристина Батлер
priklyucheniya-ezhulki-kak-ezhulka-i-ego-druzya-pomogli-dedu-morozu,Приключения Ежульки. Как Ежулька и его друзья помогли Деду Морозу,author,Батлер М. Кристина,М. Кристина Батлер
knizhki-kartinki-bratets-lis-i-volshebnyy-talisman,Книжки-картинки. Братец лис и волшебный талисман,author,"Прюнь, Тибо",Тибо Прюнь
malenkiy-gruzovichok-gruzovichok-spasaet-novyy-god,Маленький грузовичок. Грузовичок спасает Новый год,author,Ульева Елена,Елена Ульева
knizhki-kartinki-volshebnoe-pismo-dedu-morozu,Книжки-картинки. Волшебное письмо Деду Морозу,author,Ульева Елена,Елена Ульева
knizhki-kartinki-v-strane-snezhnyh-chudes,Книжки-картинки. В стране снежных чудес,author,Фридман Клэр,Клэр Фридман
knizhki-kartinki-sonnye-skazki-na-novyy-god,Книжки-картинки. Сонные сказки на Новый год,author,Фельдман Елена,Елена Фельдман
knizhki-kartinki-schelkunchik,Книжки-картинки. Щелкунчик,author,Суслова Нелли Вячеславовна,Нелли Суслова
priklyucheniya-ezhulki-myagkaya-oblozhka-kak-ezhulka-i-ego-druzya-2,Приключения Ежульки (мягкая обложка). Как Ежулька и его друзья поверили в новогоднее чудо,author,Батлер М. Кристина,М. Кристина Батлер
knizhki-kartinki-myagkaya-oblozhka-schelkunchik,Книжки-картинки (мягкая обложка). Щелкунчик,author,Суслова Нелли Вячеславовна,Нелли Суслова
skazka-na-noch-spokoynoy-nochi-pozharnaya-mashinka,"Сказка на ночь. Спокойной ночи, пожарная машинка!",author,Мендес Наталия,Наталия Мендес
skazka-na-noch-spokoynoy-nochi-politseyskaya-mashinka,"Сказка на ночь. Спокойной ночи, полицейская машинка!",author,Мендес Наталия,Наталия Мендес
skazka-na-noch-spokoynoy-nochi-zoopark,"Сказка на ночь. Спокойной ночи, зоопарк!",author,Мендес Наталия,Наталия Мендес
skazka-na-noch-spokoynoy-nochi-pesik,"Сказка на ночь. Спокойной ночи, пёсик!",author,Мендес Наталия,Наталия Мендес
skazka-na-noch-spokoynoy-nochi-lesnye-zveryata,"Сказка на ночь. Спокойной ночи, лесные зверята!",author,Мендес Наталия,Наталия Мендес
knizhki-kartinki-myagkaya-oblozhka-voshititelnyy-mister-kus-kus,Книжки-картинки (мягкая обложка). Восхитительный мистер Кусь-Кусь,author,Фельдман Елена,Елена Фельдман
drakosha-zolotaya-kniga-skazok,Дракоша. Золотая книга сказок,author,Шульц Бьянка,Бьянка Шульц
priklyucheniya-ezhulki-myagkaya-oblozhka-kak-ezhulka-i-ego-druzya-chut,Приключения Ежульки (мягкая обложка). Как Ежулька и его друзья чуть Новый год не пропустили,author,Батлер М. Кристина,М. Кристина Батлер
priklyucheniya-ezhulki-myagkaya-oblozhka-chto-stryaslos-pod-novyy-god,Приключения Ежульки (мягкая обложка). Что стряслось под Новый год?,author,Батлер М. Кристина,М. Кристина Батлер
priklyucheniya-ezhulki-myagkaya-oblozhka-kak-ezhulka-i-ego-druzya,Приключения Ежульки (мягкая обложка). Как Ежулька и его друзья помогли Деду Морозу,author,Батлер М. Кристина,М. Кристина Батлер
priklyucheniya-ezhulki-myagkaya-oblozhka-kak-ezhulka-i-ego-druzya-3,Приключения Ежульки (мягкая обложка). Как Ежулька и его друзья спасли Новый год,author,Батлер М. Кристина,М. Кристина Батлер
priklyucheniya-ezhulki-myagkaya-oblozhka-samyy-prekryasnyy-den,Приключения Ежульки (мягкая обложка). Самый преКРЯсный день,author,Батлер М. Кристина,М. Кристина Батлер
priklyucheniya-ezhulki-myagkaya-oblozhka-samaya-zvezdnaya-noch,Приключения Ежульки (мягкая обложка). Самая звёздная ночь,author,Батлер М. Кристина,М. Кристина Батлер
bolshaya-skazochnaya-seriya-novyy-god-skazki-i-legendy-narodov-mira,Большая сказочная серия. Новый год. Сказки и легенды народов мира,author,Ульева Елена,Елена Ульева
clever-chtenie-dinozavry-detektivy-delo-kopchenoy-skumbrii,CLEVER-чтение. Динозавры-детективы. Дело копчёной скумбрии,author,Лисаченко Алексей,Алексей Лисаченко
pervoe-chtenie-vmeste-veselee-31-istoriya,Первое чтение. Вместе веселее. 31 история,author,Данилова Лида,Лида Данилова
priklyucheniya-dinozavrika-dina-dinozavrik-din-ne-hochet-delitsya,Приключения динозаврика Дина. Динозаврик Дин не хочет делиться!,ageLabel,2–4 лет,2–4 года
priklyucheniya-dinozavrika-dina-dinozavrik-din-ne-hochet-delitsya,Приключения динозаврика Дина. Динозаврик Дин не хочет делиться!,author,Бедуэ Тьерри,Тьерри Бедуэ
skazkoterapiya-bolshaya-kniga-sonnyh-skazok,Сказкотерапия. Большая книга сонных сказок,author,Ульева Елена,Елена Ульева
sunduchok-semeynyh-skazok-semeynye-skazki,Сундучок семейных сказок. Семейные сказки,author,Ульева Елена,Елена Ульева
priklyucheniya-dinozavrika-dina-dinozavrik-din-nichego-ne-boitsya,Приключения динозаврика Дина. Динозаврик Дин ничего не боится!,ageLabel,2–4 лет,2–4 года
priklyucheniya-dinozavrika-dina-dinozavrik-din-nichego-ne-boitsya,Приключения динозаврика Дина. Динозаврик Дин ничего не боится!,author,Бедуэ Тьерри,Тьерри Бедуэ
divnomorskie-syschiki-delo-o-plyazhnom-vore,Дивноморские сыщики. Дело о пляжном воре,author,Беляева Марина,Марина Беляева
bolshaya-skazochnaya-seriya-bolshaya-kniga-novogodnih-skazok-so-vsego,Большая сказочная серия. Большая книга новогодних сказок со всего света,author,Ульева Елена,Елена Ульева
myaukis-myaukis-priklyucheniya-vedminogo-kota,Мяукис. Мяукис. Приключения ведьминого кота,author,"Де Эван, Альба, Домингес, Ксабье",Альба Де Эван; Ксабье Домингес
knizhki-kartinki-myagkaya-oblozhka-maks-i-lunnyy-bob,Книжки-картинки (мягкая обложка). Макс и Лунный Боб,author,Скоттон Роб,Роб Скоттон
knizhki-kartinki-ezhik-sladkih-snov,"Книжки-картинки. Ёжик, сладких снов!",author,Ульева Елена,Елена Ульева
malenkiy-gruzovichok-gruzovichok-speshit-na-pomosch,Маленький грузовичок. Грузовичок спешит на помощь,author,Ульева Елена,Елена Ульева
malenkiy-gruzovichok-gruzovichok-spokoynoy-nochi,"Маленький грузовичок. Грузовичок, спокойной ночи!",author,Ульева Елена,Елена Ульева
priklyucheniya-ezhulki-samaya-zvezdnaya-noch,Приключения Ежульки. Самая звёздная ночь,author,Батлер М. Кристина,М. Кристина Батлер
priklyucheniya-ezhulki-samyy-prekryasnyy-den,Приключения Ежульки. Самый преКРЯсный день,author,Батлер М. Кристина,М. Кристина Батлер
strashno-interesnye-priklyucheniya-po-sledam-privideniya,Страшно интересные приключения. По следам привидения,author,Колтовскова Анастасия,Анастасия Колтовскова
bolshaya-skazochnaya-seriya-bolshaya-kniga-appetitnyh-skazok,Большая сказочная серия. Большая книга аппетитных сказок,author,Ульева Елена,Елена Ульева
knizhki-kartinki-schastlivaya-zvezda,Книжки-картинки. Счастливая звезда,author,Батлер М. Кристина,М. Кристина Батлер
knizhki-kartinki-bratets-lis-i-bolshoy-perepoloh,Книжки-картинки. Братец Лис и большой переполох,author,"Прюнь, Тибо",Тибо Прюнь
knizhki-kartinki-bratets-lis-i-novyy-drug,Книжки-картинки. Братец Лис и новый друг,author,"Прюнь, Тибо",Тибо Прюнь
knizhki-kartinki-sekret-hrabrogo-medvezhonka,Книжки-картинки. Секрет храброго медвежонка,author,Чью Сюзанна,Сюзанна Чью
istoriya-pobedy-a-zori-zdes-tihie-zavtra-byla-voyna-luchshie-knigi-k-80,История Победы. А зори здесь тихие. Завтра была война. Лучшие книги к 80-летию победы,author,Васильев Борис,Борис Васильев
pervoe-chtenie-vernye-druzya-31-istoriya,Первое чтение. Верные друзья. 31 история,author,Данилова Лида,Лида Данилова
clever-komiks-magiya-vesny-ula-i-vinka,Clever-комикс. Магия весны. Ула и Винка,author,Бренн Мария,Мария Бренн
priklyucheniya-tosi-bosi-tosya-bosya-i-pohititel-sil,Приключения Тоси-Боси. Тося-Бося и Похититель сил,author,Весова Юлия,Юлия Весова
malenkiy-musorovoz-malysh-musorovoz-ne-hochet-spat,Маленький мусоровоз. Малыш Мусоровоз не хочет спать,ageLabel,2–4 лет,2–4 года
malenkiy-musorovoz-malysh-musorovoz-ne-hochet-spat,Маленький мусоровоз. Малыш Мусоровоз не хочет спать,author,Весова Юлия,Юлия Весова
malenkiy-gruzovichok-gruzovichok-na-stroyke,Маленький грузовичок. Грузовичок на стройке,author,Ульева Елена,Елена Ульева
knizhki-kartinki-chudische-kapitan-i-rozovyy-kit,"Книжки-картинки. Чудище, капитан и розовый кит",author,Войцеховский Борис,Борис Войцеховский
knizhki-kartinki-pochemu-serdit-manul,Книжки-картинки. Почему сердит манул?,author,Фельдман Елена,Елена Фельдман
detskiy-etiket-v-skazkah-pro-horoshie-manery,Детский этикет в сказках. Про хорошие манеры,ageLabel,2–4 лет,2–4 года
detskiy-etiket-v-skazkah-pro-horoshie-manery,Детский этикет в сказках. Про хорошие манеры,author,Ульева Елена,Елена Ульева
shokoladus-sekret-yaguara,Шоколадус. Секрет ягуара,author,Фогель Майя,Майя Фогель
bolshaya-skazochnaya-seriya-bolshaya-kniga-skazok-pro-druzhbu,Большая сказочная серия. Большая книга сказок про дружбу,author,Ульева Елена,Елена Ульева
detskiy-etiket-v-skazkah-pro-volshebnye-slova,Детский этикет в сказках. Про волшебные слова,ageLabel,2–4 лет,2–4 года
detskiy-etiket-v-skazkah-pro-volshebnye-slova,Детский этикет в сказках. Про волшебные слова,author,Ульева Елена,Елена Ульева
malenkiy-gruzovichok-gruzovichok-v-derevne,Маленький грузовичок. Грузовичок в деревне,author,Ульева Елена,Елена Ульева
skazki-dlya-detey-dobrye-skazki,Сказки для детей. Добрые сказки,author,Гали Александра,Александра Гали
pushistye-istorii-kotenok-plyusha-ischet-semyu,Пушистые истории. Котенок Плюша ищет семью,author,Ульева Елена,Елена Ульева
pushistye-istorii-kotenok-pushinka-ischet-dom,Пушистые истории. Котенок Пушинка ищет дом,author,Ульева Елена,Елена Ульева
detskiy-detektiv-kot-murr-i-tayna-propavshego-velosipeda,Детский детектив. Кот Мурр и тайна пропавшего велосипеда,author,Энглер Михаэль,Михаэль Энглер
supergeroi-komiks-supergeroi-priklyucheniya-nachinayutsya,Супергерои. Комикс. Супергерои. Приключения начинаются!,author,Лодвиц Софи; Пислер Эв; Дурбиано Люси,Софи Лодвиц; Эв Пислер; Люси Дурбиано
sonnye-skazki-dlya-malyshey-zasypatelnye-skazki-dlya-chteniya-pered-snom,Сонные сказки для малышей. Засыпательные сказки для чтения перед сном,author,Ульева Елена,Елена Ульева
priklyucheniya-dinozavrika-dina-dinozavrik-din-ne-hochet-spat,Приключения динозаврика Дина. Динозаврик Дин не хочет спать!,ageLabel,2–4 лет,2–4 года
priklyucheniya-dinozavrika-dina-dinozavrik-din-ne-hochet-spat,Приключения динозаврика Дина. Динозаврик Дин не хочет спать!,author,Бедуэ Тьерри,Тьерри Бедуэ
knizhki-kartinki-pora-na-gorshok,Книжки-картинки. Пора на горшок!,ageLabel,2–3 лет,2–3 года
semeynye-skazki-babushkiny-skazki-dlya-chteniya-pered-snom,Семейные сказки. Бабушкины сказки для чтения перед сном,author,Ульева Елена,Елена Ульева
kak-ustroen-mir-mashiny,Как устроен мир? Машины,ageLabel,2–4 лет,2–4 года
kak-ustroen-mir-mashiny,Как устроен мир? Машины,author,Леду Стефани,Стефани Леду
bolshaya-skazochnaya-seriya-bolshaya-kniga-skazok-pro-strahi,Большая сказочная серия. Большая книга сказок про страхи,author,Ульева Елена,Елена Ульева
malenkiy-musorovoz-malysh-musorovoz-zabludilsya-v-gorode,Маленький мусоровоз. Малыш мусоровоз заблудился в городе,ageLabel,2–4 лет,2–4 года
malenkiy-musorovoz-malysh-musorovoz-zabludilsya-v-gorode,Маленький мусоровоз. Малыш мусоровоз заблудился в городе,author,Весова Юлия,Юлия Весова
kak-ustroen-mir-kosmos,Как устроен мир? Космос,ageLabel,2–4 лет,2–4 года
kak-ustroen-mir-kosmos,Как устроен мир? Космос,author,Леду Стефани,Стефани Леду
kak-ustroen-mir-ferma,Как устроен мир? Ферма,ageLabel,2–4 лет,2–4 года
kak-ustroen-mir-ferma,Как устроен мир? Ферма,author,Леду Стефани,Стефани Леду
kak-ustroen-mir-dinozavry,Как устроен мир? Динозавры,ageLabel,2–4 лет,2–4 года
kak-ustroen-mir-dinozavry,Как устроен мир? Динозавры,author,Леду Стефани,Стефани Леду
morskie-priklyucheniya-penelopy-kvills-penelopa-kvills-propavshaya,Морские приключения Пенелопы Квиллс. Пенелопа Квиллс. Пропавшая русалка,author,Альварез Виктория,Виктория Альварез
pushistye-istorii-schenok-bublik-poteryalsya,Пушистые истории. Щенок Бублик потерялся,author,Ульева Елена,Елена Ульева
knizhki-kartinki-moy-lyubimyy-medvezhonok,Книжки-картинки. Мой любимый медвежонок,ageLabel,2–4 лет,2–4 года
malenkiy-musorovoz-malysh-musorovoz-boitsya-temnoty,Маленький мусоровоз. Малыш мусоровоз боится темноты,ageLabel,2–4 лет,2–4 года
malenkiy-musorovoz-malysh-musorovoz-boitsya-temnoty,Маленький мусоровоз. Малыш мусоровоз боится темноты,author,Весова Юлия,Юлия Весова
nemyslimye-istorii-kapitana-bumsa-kapitan-bums-i-zolotaya-rybka,Немыслимые истории капитана Бумса. Капитан Бумс и «Золотая рыбка»,author,Визибелли Андреа,Андреа Визибелли
pushistye-istorii-schenok-ogonek-day-lapu,"Пушистые истории. Щенок Огонек, дай лапу!",author,Ульева Елена,Елена Ульева
sonnye-skazki-pro-mashinki-bayu-bay-traktor,"Сонные сказки про машинки. Баю-бай, трактор!",ageLabel,2–3 лет,2–3 года
sonnye-skazki-pro-mashinki-bayu-bay-traktor,"Сонные сказки про машинки. Баю-бай, трактор!",author,Ульева Елена,Елена Ульева
priklyucheniya-tosi-bosi-tosya-bosya-i-nesmetnye-sokrovischa,Приключения Тоси-Боси. Тося-Бося и несметные сокровища,author,Весова Юлия,Юлия Весова
clever-chtenie-dinozavry-detektivy-v-poiskah-zateryannogo-goroda,CLEVER-чтение. Динозавры-детективы. В поисках затерянного города,author,Лисаченко Алексей,Алексей Лисаченко
knizhki-kartinki-detskiy-sad-dlya-zveryat,Книжки-картинки. Детский сад для зверят,ageLabel,2–4 лет,2–4 года
knizhki-kartinki-detskiy-sad-dlya-zveryat,Книжки-картинки. Детский сад для зверят,author,Весова Юлия,Юлия Весова
priklyucheniya-hameleona-ignata-hameleon-ignat-i-neveroyatnaya-grusha,Приключения хамелеона Игната. Хамелеон Игнат и невероятная груша,author,Ульева Елена,Елена Ульева
knizhki-kartinki-pochitay-so-mnoy-malysh,"Книжки-картинки. Почитай со мной, малыш!",ageLabel,2–4 лет,2–4 года
clever-chtenie-zimnie-chudesa-v-kedrovom-lesu,CLEVER-чтение. Зимние чудеса в кедровом лесу,author,Хачатурова Анастасия,Анастасия Хачатурова
lyubimye-skazki-bolshaya-kniga-skazok,Любимые сказки. Большая книга сказок,author,"Коллектив авторов, Эммерсон-Хикс Дженис",Коллектив авторов; Дженис Эммерсон-Хикс
knizhki-kartinki-kto-zevnul-tot-proigral,"Книжки-картинки. Кто зевнул, тот проиграл!",author,Шютце Андреа,Андреа Шютце
pushistye-istorii-schenok-druzhok-ischet-druzey,Пушистые истории. Щенок Дружок ищет друзей,author,Ульева Елена,Елена Ульева
drakosha-serebryanaya-kniga-skazok,Дракоша. Серебряная книга сказок,author,Шульц Бьянка,Бьянка Шульц
malenkiy-gruzovichok-gruzovichok-zlitsya,Маленький грузовичок. Грузовичок злится,ageLabel,2–4 лет,2–4 года
malenkiy-gruzovichok-gruzovichok-zlitsya,Маленький грузовичок. Грузовичок злится,author,Ульева Елена,Елена Ульева
clever-chtenie-bolshoy-perepoloh-ili-kak-dovesti-babushek-do-belogo,"CLEVER-чтение. Большой переполох, или Как довести бабушек до белого каления",author,Марси Кристина,Кристина Марси
bolshaya-skazochnaya-seriya-bolshaya-kniga-volshebnyh-skazok,Большая сказочная серия. Большая книга волшебных сказок,author,Ульева Елена,Елена Ульева
skazki-dlya-detey-moy-skazochnyy-novyy-god,Сказки для детей. Мой сказочный Новый год,author,Русинова Евгения,Евгения Русинова
pushistye-istorii-kotenok-snezhinka-i-novogodnee-chudo,Пушистые истории. Котенок Снежинка и новогоднее чудо,author,Ульева Елена,Елена Ульева
priklyucheniya-v-ledyanoy-akademii-tayna-volshebnogo-posoha,Приключения в Ледяной академии. Тайна волшебного посоха,author,Кириллова Ольга,Ольга Кириллова
knizhki-kartinki-samyy-luchshiy-drug-norbert,Книжки-картинки. Самый лучший друг!,ageLabel,2–4 лет,2–4 года
knizhki-kartinki-samyy-luchshiy-drug-norbert,Книжки-картинки. Самый лучший друг!,author,Ланда Норберт,Норберт Ланда
semeynye-skazki-knizhki-kartinki-samaya-luchshaya-mama-na-svete,Семейные сказки. Книжки-картинки. Самая лучшая мама на свете,ageLabel,2–4 лет,2–4 года
semeynye-skazki-knizhki-kartinki-samaya-luchshaya-mama-na-svete,Семейные сказки. Книжки-картинки. Самая лучшая мама на свете,author,Ульева Елена,Елена Ульева
semeynye-skazki-knizhki-kartinki-samyy-luchshiy-papa-na-svete,Семейные сказки. Книжки-картинки. Самый лучший папа на свете,ageLabel,2–4 лет,2–4 года
semeynye-skazki-knizhki-kartinki-samyy-luchshiy-papa-na-svete,Семейные сказки. Книжки-картинки. Самый лучший папа на свете,author,Ульева Елена,Елена Ульева
kollektsiya-pushistyh-istoriy-gav-tri-istorii-pro-schenyat,Коллекция пушистых историй. Гав! Три истории про щенят,author,Ульева Елена,Елена Ульева
kollektsiya-pushistyh-istoriy-myau-tri-istorii-pro-kotyat,Коллекция пушистых историй. Мяу! Три истории про котят,author,Ульева Елена,Елена Ульева
clever-chtenie-milla-i-mini-mamontenok-nahodka-na-klubnichnoy-gryadke,CLEVER-чтение. Милла и мини-мамонтёнок. Находка на клубничной грядке,author,Фабиш Александра,Александра Фабиш
semeynye-skazki-knizhki-kartonki-podarok-dlya-kotenka,Семейные сказки. Книжки-картонки. Подарок для котенка,ageLabel,2–3 лет,2–3 года
semeynye-skazki-knizhki-kartonki-podarok-dlya-kotenka,Семейные сказки. Книжки-картонки. Подарок для котенка,author,Ульева Елена,Елена Ульева
malenkiy-musorovoz-knizhki-kartonki-malysh-musorovoz-vstrechaet-novyy,Маленький мусоровоз. Книжки-картонки. Малыш мусоровоз встречает Новый год,ageLabel,3–3 лет,3 года
malenkiy-musorovoz-knizhki-kartonki-malysh-musorovoz-vstrechaet-novyy,Маленький мусоровоз. Книжки-картонки. Малыш мусоровоз встречает Новый год,author,Весова Юлия,Юлия Весова
sekret-pryanichnoy-fei-kak-spasti-rozhdestvo,Секрет пряничной феи. Как спасти Рождество?,author,Хохмут Тереза,Тереза Хохмут
skazki-dlya-malyshey-knizhki-kartonki-krasnaya-shapochka,Сказки для малышей. Книжки-картонки. Красная Шапочка,ageLabel,2–4 лет,2–4 года
knizhki-kartonki-zima-v-lesu,Книжки-картонки. Зима в лесу,ageLabel,2–3 лет,2–3 года
malenkiy-gruzovichok-knizhki-kartonki-gruzovichok-spasaet-novyy-god,Маленький грузовичок. Книжки-картонки. Грузовичок спасает Новый год,ageLabel,3–3 лет,3 года
malenkiy-gruzovichok-knizhki-kartonki-gruzovichok-spasaet-novyy-god,Маленький грузовичок. Книжки-картонки. Грузовичок спасает Новый год,author,Ульева Елена,Елена Ульева
semeynye-skazki-knizhki-kartonki-kak-medvezhonok-poteryalsya,Семейные сказки. Книжки-картонки. Как медвежонок потерялся,ageLabel,2–3 лет,2–3 года
semeynye-skazki-knizhki-kartonki-kak-medvezhonok-poteryalsya,Семейные сказки. Книжки-картонки. Как медвежонок потерялся,author,Ульева Елена,Елена Ульева
malenkiy-musorovoz-malysh-musorovoz-spasaet-gorod-ot-snega,Маленький мусоровоз. Малыш мусоровоз спасает город от снега,ageLabel,2–4 лет,2–4 года
malenkiy-musorovoz-malysh-musorovoz-spasaet-gorod-ot-snega,Маленький мусоровоз. Малыш мусоровоз спасает город от снега,author,Весова Юлия,Юлия Весова
drakosha-s-novym-godom-drakosha,"Дракоша. С Новым годом, Дракоша!",author,Шульц Бьянка,Бьянка Шульц
stihi-dlya-malyshey-novyy-god-v-lyubimoy-skazke-sbornik-stihov,Стихи для малышей. Новый год в любимой сказке. Сборник стихов,author,Маслина Мария,Мария Маслина
derevenskie-priklyucheniya-zima-v-gusinyh-lapkah,Деревенские приключения. Зима в Гусиных Лапках,author,Снесарь Андрей,Андрей Снесарь
stihi-dlya-malyshey-lyagushki-na-makushke,Стихи для малышей. Лягушки на макушке,author,Весова Юлия,Юлия Весова
malenkiy-musorovoz-sborniki-skazok-malysh-musorovoz-veselye,Маленький мусоровоз. Сборники сказок. Малыш мусоровоз. Весёлые приключения,ageLabel,2–4 лет,2–4 года
malenkiy-musorovoz-sborniki-skazok-malysh-musorovoz-veselye,Маленький мусоровоз. Сборники сказок. Малыш мусоровоз. Весёлые приключения,author,Весова Юлия,Юлия Весова
malenkiy-musorovoz-sborniki-skazok-malysh-musorovoz-sonnye-istorii,Маленький мусоровоз. Сборники сказок. Малыш мусоровоз. Сонные истории,ageLabel,2–4 лет,2–4 года
malenkiy-musorovoz-sborniki-skazok-malysh-musorovoz-sonnye-istorii,Маленький мусоровоз. Сборники сказок. Малыш мусоровоз. Сонные истории,author,Весова Юлия,Юлия Весова
knizhki-kartinki-samaya-luchshaya-elochka,Книжки-картинки. Самая лучшая ёлочка,author,Чапмен Джейн,Джейн Чапмен
semeynye-skazki-moy-papa-samyy-luchshiy-podarochnoe,Семейные сказки. Мой папа самый лучший (подарочное),ageLabel,2–4 лет,2–4 года
semeynye-skazki-moy-papa-samyy-luchshiy-podarochnoe,Семейные сказки. Мой папа самый лучший (подарочное),author,Ульева Елена,Елена Ульева
skazki-volshebnogo-lesa-novogodnie-skazki,Сказки волшебного леса. Новогодние сказки,author,Ульева Елена,Елена Ульева
derevenskie-priklyucheniya-derevnya-gusinye-lapki-tri-istorii-v-odnoy,Деревенские приключения. Деревня Гусиные Лапки. Три истории в одной книге,author,Снесарь Андрей,Андрей Снесарь
semeynye-skazki-dedushkiny-skazki-dlya-chteniya-pered-snom,Семейные сказки. Дедушкины сказки для чтения перед сном,author,Ульева Елена,Елена Ульева
semeynye-skazki-moya-mama-samaya-luchshaya-podarochnoe,Семейные сказки. Моя мама самая лучшая (подарочное),author,Ульева Елена,Елена Ульева
drakony-nalsary-kniga-tayn,Драконы Нальсары. Книга тайн,author,"Дельваль, Мари-Элен; Эртель Пьер",Мари-Элен Дельваль; Пьер Эртель
detskie-stihi-polnaya-tachka-chudakov-i-chudachek,Детские стихи «Полная тачка чудаков и чудачек»,author,Весова Юлия,Юлия Весова
skazka-na-noch-spokoynoy-nochi-musorovozik,"Сказка на ночь. Спокойной ночи, мусоровозик!",ageLabel,2–4 лет,2–4 года
skazka-na-noch-spokoynoy-nochi-musorovozik,"Сказка на ночь. Спокойной ночи, мусоровозик!",author,Вальде Лена,Лена Вальде
skazka-na-noch-spokoynoy-nochi-pozharnaya-mashinka-karton,"Сказка на ночь. Спокойной ночи, пожарная машинка! (картон)",ageLabel,2–3 лет,2–3 года
skazka-na-noch-spokoynoy-nochi-pozharnaya-mashinka-karton,"Сказка на ночь. Спокойной ночи, пожарная машинка! (картон)",author,Мендес Наталия,Наталия Мендес
malenkiy-musorovoz-knizhki-kartonki-malysh-musorovoz-ischet-druga,Маленький мусоровоз. Книжки-картонки. Малыш мусоровоз ищет друга,ageLabel,2–3 лет,2–3 года
malenkiy-musorovoz-knizhki-kartonki-malysh-musorovoz-ischet-druga,Маленький мусоровоз. Книжки-картонки. Малыш мусоровоз ищет друга,author,Весова Юлия,Юлия Весова
skazka-na-noch-spokoynoy-nochi-politseyskaya-mashinka-karton,"Сказка на ночь. Спокойной ночи, полицейская машинка! (картон)",ageLabel,2–3 лет,2–3 года
skazka-na-noch-spokoynoy-nochi-politseyskaya-mashinka-karton,"Сказка на ночь. Спокойной ночи, полицейская машинка! (картон)",author,Мендес Наталия,Наталия Мендес
malenkiy-gruzovichok-knizhki-kartonki-gruzovichok-spokoynoy-nochi,"Маленький грузовичок. Книжки-картонки. Грузовичок, спокойной ночи!",ageLabel,2–3 лет,2–3 года
malenkiy-gruzovichok-knizhki-kartonki-gruzovichok-spokoynoy-nochi,"Маленький грузовичок. Книжки-картонки. Грузовичок, спокойной ночи!",author,Ульева Елена,Елена Ульева
semeynye-skazki-knizhki-kartinki-samyy-luchshiy-dedushka-na-svete,Семейные сказки. Книжки-картинки. Самый лучший дедушка на свете,ageLabel,2–4 лет,2–4 года
semeynye-skazki-knizhki-kartinki-samyy-luchshiy-dedushka-na-svete,Семейные сказки. Книжки-картинки. Самый лучший дедушка на свете,author,Ульева Елена,Елена Ульева
semeynye-skazki-knizhki-kartinki-samaya-luchshaya-babushka-na-svete,Семейные сказки. Книжки-картинки. Самая лучшая бабушка на свете,ageLabel,2–4 лет,2–4 года
semeynye-skazki-knizhki-kartinki-samaya-luchshaya-babushka-na-svete,Семейные сказки. Книжки-картинки. Самая лучшая бабушка на свете,author,Ульева Елена,Елена Ульева
semeynye-skazki-knizhki-kartinki-mama-vsegda-ryadom,Семейные сказки. Книжки-картинки. Мама всегда рядом,ageLabel,2–4 лет,2–4 года
semeynye-skazki-knizhki-kartinki-mama-vsegda-ryadom,Семейные сказки. Книжки-картинки. Мама всегда рядом,author,Ульева Елена,Елена Ульева
skazki-obnimashki-skazki-o-druzhnoy-seme,Сказки-обнимашки. Сказки о дружной семье,author,Ульева Елена,Елена Ульева
malenkiy-gruzovichok-bolshaya-kniga-priklyucheniy,Маленький грузовичок. Большая книга приключений,author,Ульева Елена,Елена Ульева
ya-rastu-vmeste-s-maksom-maks-idet-na-gorshok,Я расту вместе с Максом. Макс идёт на горшок,ageLabel,2–4 лет,2–4 года
ya-rastu-vmeste-s-maksom-maks-idet-na-gorshok,Я расту вместе с Максом. Макс идёт на горшок,author,Тильман Кристиан,Кристиан Тильман
knizhki-kartinki-kto-sel-moe-pechene,Книжки-картинки. Кто съел моё печенье?,ageLabel,2–4 лет,2–4 года
knizhki-kartinki-kto-sel-moe-pechene,Книжки-картинки. Кто съел моё печенье?,author,Астнер Люси,Люси Астнер
ya-rastu-vmeste-s-maksom-maks-idet-v-detskiy-sad,Я расту вместе с Максом. Макс идёт в детский сад,ageLabel,2–4 лет,2–4 года
ya-rastu-vmeste-s-maksom-maks-idet-v-detskiy-sad,Я расту вместе с Максом. Макс идёт в детский сад,author,Тильман Кристиан,Кристиан Тильман
knizhki-kartinki-sladkih-snov-moy-malysh,"Книжки-картинки. Сладких снов, мой малыш!",ageLabel,2–4 лет,2–4 года
divnomorskie-syschiki-tayna-ischeznuvshey-statuetki,Дивноморские сыщики. Тайна исчезнувшей статуэтки,author,Беляева Марина,Марина Беляева
semeynye-skazki-moy-dedushka-samyy-luchshiy,Семейные сказки. Мой дедушка самый лучший,ageLabel,2–4 лет,2–4 года
semeynye-skazki-moy-dedushka-samyy-luchshiy,Семейные сказки. Мой дедушка самый лучший,author,Ульева Елена,Елена Ульева
semeynye-skazki-moya-babushka-samaya-luchshaya,Семейные сказки. Моя бабушка самая лучшая,ageLabel,2–4 лет,2–4 года
semeynye-skazki-moya-babushka-samaya-luchshaya,Семейные сказки. Моя бабушка самая лучшая,author,Ульева Елена,Елена Ульева
shokoladus-volshebnaya-korona-mayya,Шоколадус. Волшебная корона майя,author,Фогель Майя,Майя Фогель
skazki-dlya-malyshey-knizhki-kartonki-tri-medvedya,Сказки для малышей. Книжки-картонки. Три медведя,ageLabel,2–3 лет,2–3 года
samostoyatelnyy-malysh-myshonok-misha-idet-na-gorshok,Самостоятельный малыш. Мышонок Миша идёт на горшок,ageLabel,2–3 лет,2–3 года
samostoyatelnyy-malysh-myshonok-misha-idet-na-gorshok,Самостоятельный малыш. Мышонок Миша идёт на горшок,author,Ульева Елена,Елена Ульева
stihi-dlya-malyshey-solnyshko-dlya-mamy,Стихи для малышей. Солнышко для мамы,author,Карпова Наталья,Наталья Карпова
samostoyatelnyy-malysh-myshonok-misha-lozhitsya-spat,Самостоятельный малыш. Мышонок Миша ложится спать,ageLabel,2–3 лет,2–3 года
samostoyatelnyy-malysh-myshonok-misha-lozhitsya-spat,Самостоятельный малыш. Мышонок Миша ложится спать,author,Ульева Елена,Елена Ульева
drakony-nalsary-chernaya-krepost,Драконы Нальсары. Чёрная крепость,author,"Дельваль, Мари-Элен",Мари-Элен Дельваль
malenkiy-musorovoz-malysh-musorovoz-ne-hochet-est,Маленький мусоровоз. Малыш мусоровоз не хочет есть,ageLabel,2–4 лет,2–4 года
malenkiy-musorovoz-malysh-musorovoz-ne-hochet-est,Маленький мусоровоз. Малыш мусоровоз не хочет есть,author,Весова Юлия,Юлия Весова
malenkiy-gruzovichok-chitaem-s-mamoy-malenkiy-gruzovichok-ne-hochet-spat,Маленький грузовичок. Читаем с мамой. Маленький грузовичок не хочет спать,author,Ульева Елена,Елена Ульева
skazki-dlya-malyshey-knizhki-kartonki-zolushka,Сказки для малышей. Книжки-картонки. Золушка,ageLabel,2–3 лет,2–3 года
knizhki-kartonki-malysh-musorovoz-ne-hochet-spat,Книжки-картонки. Малыш мусоровоз не хочет спать,ageLabel,3–3 лет,3 года
knizhki-kartonki-malysh-musorovoz-ne-hochet-spat,Книжки-картонки. Малыш мусоровоз не хочет спать,author,Весова Юлия,Юлия Весова
sonnye-skazki-pro-mashinki-knizhki-kartonki-bayu-bay-ekskavator,"Сонные сказки про машинки. Книжки-картонки. Баю-бай, экскаватор!",ageLabel,2–4 лет,2–4 года
sonnye-skazki-pro-mashinki-knizhki-kartonki-bayu-bay-ekskavator,"Сонные сказки про машинки. Книжки-картонки. Баю-бай, экскаватор!",author,Ульева Елена,Елена Ульева
skazki-dlya-malyshey-knizhki-kartonki-kot-v-sapogah,Сказки для малышей. Книжки-картонки. Кот в сапогах,ageLabel,2–3 лет,2–3 года
sonnye-skazki-pro-mashinki-knizhki-kartonki-bayu-bay-traktor,"Сонные сказки про машинки. Книжки-картонки. Баю-бай, трактор!",ageLabel,2–4 лет,2–4 года
sonnye-skazki-pro-mashinki-knizhki-kartonki-bayu-bay-traktor,"Сонные сказки про машинки. Книжки-картонки. Баю-бай, трактор!",author,Ульева Елена,Елена Ульева
knizhki-kartonki-malysh-musorovoz-edet-na-remont,Книжки-картонки. Малыш мусоровоз едет на ремонт,ageLabel,3–3 лет,3 года
knizhki-kartonki-malysh-musorovoz-edet-na-remont,Книжки-картонки. Малыш мусоровоз едет на ремонт,author,Весова Юлия,Юлия Весова
sonnye-skazki-pro-mashinki-knizhki-kartonki-bayu-bay-pozharnaya-mashinka,"Сонные сказки про машинки. Книжки-картонки. Баю-бай, пожарная машинка!",ageLabel,2–4 лет,2–4 года
sonnye-skazki-pro-mashinki-knizhki-kartonki-bayu-bay-pozharnaya-mashinka,"Сонные сказки про машинки. Книжки-картонки. Баю-бай, пожарная машинка!",author,Ульева Елена,Елена Ульева
belaya-vorona-verona-mamina-pomoschnitsa,Белая ворона Верона. Мамина помощница,ageLabel,2–4 лет,2–4 года
belaya-vorona-verona-mamina-pomoschnitsa,Белая ворона Верона. Мамина помощница,author,Весова Юлия,Юлия Весова
bolshaya-skazochnaya-seriya-bolshaya-kniga-skazok-na-noch-pro-mashinki,Большая сказочная серия. Большая книга сказок на ночь про машинки,ageLabel,2–4 лет,2–4 года
bolshaya-skazochnaya-seriya-bolshaya-kniga-skazok-na-noch-pro-mashinki,Большая сказочная серия. Большая книга сказок на ночь про машинки,author,Ульева Елена,Елена Ульева
skazki-na-noch-dlya-malyshey-dobryh-snov-malysh,"Сказки на ночь для малышей. Добрых снов, малыш!",ageLabel,2–4 лет,2–4 года
skazki-na-noch-dlya-malyshey-dobryh-snov-malysh,"Сказки на ночь для малышей. Добрых снов, малыш!",author,Ульева Елена,Елена Ульева
malenkiy-musorovoz-malysh-musorovoz-ne-hochet-mytsya,Маленький мусоровоз. Малыш мусоровоз не хочет мыться,ageLabel,2–4 лет,2–4 года
malenkiy-musorovoz-malysh-musorovoz-ne-hochet-mytsya,Маленький мусоровоз. Малыш мусоровоз не хочет мыться,author,Весова Юлия,Юлия Весова
knizhki-kartinki-volshebnye-skazki-starogo-filina,Книжки-картинки. Волшебные сказки старого филина,author,Амрайн Аннет,Аннет Амрайн
knizhki-kartinki-vazhnyy-den-malyshki-myshki,Книжки-картинки. Важный день малышки Мышки,author,Шёнвальд Софи,Софи Шёнвальд
knizhki-kartinki-kazhdyy-iz-nas-chudo,Книжки-картинки. Каждый из нас чудо!,ageLabel,2–4 лет,2–4 года
knizhki-kartinki-kazhdyy-iz-nas-chudo,Книжки-картинки. Каждый из нас чудо!,author,Чапмен Джейн,Джейн Чапмен
skazki-pro-vremena-goda-bolshaya-kniga-skazok-pro-vremena-goda,Сказки про времена года. Большая книга сказок про времена года,ageLabel,2–4 лет,2–4 года
skazki-pro-vremena-goda-bolshaya-kniga-skazok-pro-vremena-goda,Сказки про времена года. Большая книга сказок про времена года,author,Ульева Елена,Елена Ульева
knizhki-kartinki-krotik-i-sekret-druzhby,Книжки-картинки. Кротик и секрет дружбы,ageLabel,2–4 лет,2–4 года
knizhki-kartinki-krotik-i-sekret-druzhby,Книжки-картинки. Кротик и секрет дружбы,author,Чапмен Джейн,Джейн Чапмен
bolshaya-skazochnaya-seriya-bolshaya-kniga-skazok-na-noch,Большая сказочная серия. Большая книга сказок на ночь,author,Ульева Елена,Елена Ульева
semeynye-skazki-knizhki-kartinki-mamino-serdechko,Семейные сказки. Книжки-картинки. Мамино сердечко,ageLabel,2–4 лет,2–4 года
semeynye-skazki-knizhki-kartinki-mamino-serdechko,Семейные сказки. Книжки-картинки. Мамино сердечко,author,Ульева Елена,Елена Ульева
semeynye-skazki-knizhki-kartinki-uyutnye-skazki-dlya-chteniya-pered-snom,Семейные сказки. Книжки-картинки. Уютные сказки для чтения перед сном,ageLabel,2–4 лет,2–4 года
semeynye-skazki-knizhki-kartinki-uyutnye-skazki-dlya-chteniya-pered-snom,Семейные сказки. Книжки-картинки. Уютные сказки для чтения перед сном,author,Ульева Елена,Елена Ульева
priklyucheniya-tosi-bosi-tosya-bosya-i-tainstvennyy-nikto,Приключения Тоси-Боси. Тося-Бося и таинственный Никто,author,Весова Юлия,Юлия Весова
delo-o-sosedyah-monstrah,Дело о соседях-монстрах,author,Клинг Мария,Мария Клинг
bolshaya-skazochnaya-seriya-bolshaya-kniga-stihov-pro-mashinki,Большая сказочная серия. Большая книга стихов про машинки,ageLabel,2–4 лет,2–4 года
bolshaya-skazochnaya-seriya-bolshaya-kniga-stihov-pro-mashinki,Большая сказочная серия. Большая книга стихов про машинки,author,Ульева Елена,Елена Ульева
penelopa-kvills-ledyanoe-tsarstvo,Пенелопа Квиллс. Ледяное царство,author,Альварез Виктория,Виктория Альварез
knizhki-kartinki-esli-vse-idet-ne-tak,Книжки-картинки. Если всё идёт не так,author,Чапмен Джейн,Джейн Чапмен
knizhki-kartinki-zasypatelnye-skazki-na-kazhdyy-den,Книжки-картинки. Засыпательные сказки на каждый день,author,Фельдман Елена,Елена Фельдман
zolotaya-klassika-dlya-detey-zolotoy-klyuchik-ili-priklyucheniya,"Золотая классика для детей. Золотой ключик, или Приключения Буратино",author,Толстой Алексей,Алексей Толстой
priklyucheniya-traktorenka-traktorenok-chinit-koleso,Приключения Тракторенка. Тракторенок чинит колесо,ageLabel,2–4 лет,2–4 года
priklyucheniya-traktorenka-traktorenok-chinit-koleso,Приключения Тракторенка. Тракторенок чинит колесо,author,Ульева Елена,Елена Ульева
skazki-pro-vremena-goda-bolshaya-kniga-skazok-pro-prirodu,Сказки про времена года. Большая книга сказок про природу,author,Ульева Елена,Елена Ульева
shkodus-i-druzya-neobychnyy-pitomets,Шкодус и друзья. Необычный питомец,author,Арлен Александр,Александр Арлен
strashno-interesnye-priklyucheniya-koldunya-po-sosedstvu,Страшно интересные приключения. Колдунья по соседству,author,Колтовскова Анастасия,Анастасия Колтовскова
chitaem-vmeste-chitayu-sam-kak-mitya-o-sobake-mechtal,Читаем вместе. Читаю сам. Как Митя о собаке мечтал,author,Весова Юлия,Юлия Весова
ya-rastu-vmeste-s-maksom-maks-idet-k-vrachu,Я расту вместе с Максом. Макс идёт к врачу,ageLabel,2–4 лет,2–4 года
ya-rastu-vmeste-s-maksom-maks-idet-k-vrachu,Я расту вместе с Максом. Макс идёт к врачу,author,Тильман Кристиан,Кристиан Тильман
divnomorskie-syschiki-dve-istorii-v-odnoy-knige,Дивноморские сыщики. Две истории в одной книге,author,Беляева Марина,Марина Беляева
bolshaya-skazochnaya-seriya-bolshaya-kniga-priklyucheniy-mashinok,Большая сказочная серия. Большая книга приключений машинок,ageLabel,2–4 лет,2–4 года
bolshaya-skazochnaya-seriya-bolshaya-kniga-priklyucheniy-mashinok,Большая сказочная серия. Большая книга приключений машинок,author,Ульева Елена,Елена Ульева
ya-rastu-vmeste-s-maksom-maks-prazdnuet-den-rozhdeniya,Я расту вместе с Максом. Макс празднует день рождения,ageLabel,2–4 лет,2–4 года
ya-rastu-vmeste-s-maksom-maks-prazdnuet-den-rozhdeniya,Я расту вместе с Максом. Макс празднует день рождения,author,Тильман Кристиан,Кристиан Тильман
bolshaya-kniga-pomogayuschih-skazok,Большая книга помогающих сказок,author,Ульева Елена,Елена Ульева
skazki-obnimashki-mamina-lyubov-skazki-dlya-chteniya-pered-snom,Сказки-обнимашки. Мамина любовь. Сказки для чтения перед сном,author,Ульева Елена,Елена Ульева
skazki-obnimashki-moi-emotsii-skazki-dlya-chteniya-pered-snom,Сказки-обнимашки. Мои эмоции. Сказки для чтения перед сном,author,Ульева Елена,Елена Ульева
skazki-obnimashki-moi-emotsii-skazki-dlya-chteniya-pered-snom,Сказки-обнимашки. Мои эмоции. Сказки для чтения перед сном,whyRecommended,"Для читателей 3–5 лет это сказка и фэнтези о искусстве, взрослении и волшебстве. Книгу можно выбрать для самостоятельного или совместного чтения.","Для читателей 3–5 лет это сказка и фэнтези об искусстве, взрослении и волшебстве. Книгу можно выбрать для самостоятельного или совместного чтения."
shedevry-detskoy-literatury-zolotoy-klyuchik-ili-priklyucheniya-buratino,"Шедевры детской литературы. Золотой ключик, или Приключения Буратино",author,Толстой Алексей,Алексей Толстой
skazki-obnimashki-dobrye-dela-skazki-dlya-chteniya-pered-snom,Сказки-обнимашки. Добрые дела. Сказки для чтения перед сном,author,Ульева Елена,Елена Ульева
stihi-dlya-malyshey-solnyshko-v-ladoshke,Стихи для малышей. Солнышко в ладошке,author,Карпова Наталья,Наталья Карпова
detektivy-lili-i-zelda-delo-o-propavshem-zaveschanii,Детективы Лили и Зельда. Дело о пропавшем завещании,author,Фишер-Хунольд Александра,Александра Фишер-Хунольд
skazka-na-noch-zasypatelnye-skazki-pro-zveryat,Сказка на ночь. Засыпательные сказки про зверят,ageLabel,2–4 лет,2–4 года
skazka-na-noch-zasypatelnye-skazki-pro-zveryat,Сказка на ночь. Засыпательные сказки про зверят,author,Мендес Наталия,Наталия Мендес
skazka-na-noch-zasypatelnye-skazki-pro-mashinki,Сказка на ночь. Засыпательные сказки про машинки,ageLabel,2–4 лет,2–4 года
skazka-na-noch-zasypatelnye-skazki-pro-mashinki,Сказка на ночь. Засыпательные сказки про машинки,author,Мендес Наталия,Наталия Мендес
chitaem-vmeste-chitayu-sam-samokat-dinka,Читаем вместе. Читаю сам. Самокат Динька,author,Безлюдная Анастасия,Анастасия Безлюдная
shkodus-i-druzya-kak-stat-kotom,Шкодус и друзья. Как стать котом,author,Арлен Александр,Александр Арлен
shkodus-i-druzya-polnyy-dom-kotov,Шкодус и друзья. Полный дом котов,author,Арлен Александр,Александр Арлен
pravila-bezopasnosti-doma,Правила безопасности дома,author,Ульева Елена,Елена Ульева
samostoyatelnyy-malysh-bayu-bay-malyshi,"Самостоятельный малыш. Баю-бай, малыши!",ageLabel,2–4 лет,2–4 года
samostoyatelnyy-malysh-bayu-bay-malyshi,"Самостоятельный малыш. Баю-бай, малыши!",author,Ульева Елена,Елена Ульева
priklyucheniya-tosi-bosi-tosya-bosya-priklyucheniya-malenkoy-fantazerki,Приключения Тоси-Боси. Тося-Бося. Приключения маленькой фантазерки,ageLabel,2–4 лет,2–4 года
priklyucheniya-tosi-bosi-tosya-bosya-priklyucheniya-malenkoy-fantazerki,Приключения Тоси-Боси. Тося-Бося. Приключения маленькой фантазерки,author,Весова Юлия,Юлия Весова
strashilki-dlya-podrostkov-devochka-iz-chernogo-mramora,Страшилки для подростков. Девочка из черного мрамора,author,Плошкина Ася,Ася Плошкина
taktilnye-knizhki-sladkih-snov-ferma,"Тактильные книжки. Сладких снов, ферма!",ageLabel,2–3 лет,2–3 года
taktilnye-knizhki-sladkih-snov-ferma,"Тактильные книжки. Сладких снов, ферма!",author,Весова Юлия,Юлия Весова
taktilnye-knizhki-sladkih-snov-les,"Тактильные книжки. Сладких снов, лес!",ageLabel,2–3 лет,2–3 года
taktilnye-knizhki-sladkih-snov-les,"Тактильные книжки. Сладких снов, лес!",author,Весова Юлия,Юлия Весова
volshebnaya-shkola-snov-i-mechtaniy-zagadka-sbezhavshih-snov,Волшебная школа снов и мечтаний. Загадка сбежавших снов,author,Беккерхофф Флориан,Флориан Беккерхофф
zasypatelnye-skazki-maminy-skazki-na-noch,Засыпательные сказки. Мамины сказки на ночь,ageLabel,2–4 лет,2–4 года
zasypatelnye-skazki-maminy-skazki-na-noch,Засыпательные сказки. Мамины сказки на ночь,author,Ульева Елена,Елена Ульева
clever-chtenie-shurochka-i-murochka-bolshaya-ekspeditsiya,CLEVER-чтение. Шурочка и Мурочка. Большая экспедиция любознательных блошек,author,Дороченкова Марина,Марина Дороченкова
semeynye-skazki-knizhki-kartinki-papa-vsegda-ryadom,Семейные сказки. Книжки-картинки. Папа всегда рядом,ageLabel,2–4 лет,2–4 года
semeynye-skazki-knizhki-kartinki-papa-vsegda-ryadom,Семейные сказки. Книжки-картинки. Папа всегда рядом,author,Ульева Елена,Елена Ульева
stihi-dlya-malyshey-papa-mama-ya-sbornik-stihotvoreniy,"Стихи для малышей. Папа, мама, я... Сборник стихотворений",author,Весова Юлия,Юлия Весова
zolotaya-klassika-dlya-detey-snezhnaya-koroleva,Золотая классика для детей. Снежная королева,author,Андерсен Ханс Кристиан,Ханс Кристиан Андерсен
shokoladus-perets-piff-paff,Шоколадус. Перец пифф-пафф,author,Фогель Майя,Майя Фогель
shokoladus-magicheskiy-oreshek,Шоколадус. Магический орешек,author,Фогель Майя,Майя Фогель
zasypatelnye-skazki-pro-mashinki-bayu-bay-politseyskaya-mashinka,"Засыпательные сказки про машинки. Баю-бай, полицейская машинка!",ageLabel,2–4 лет,2–4 года
zasypatelnye-skazki-pro-mashinki-bayu-bay-politseyskaya-mashinka,"Засыпательные сказки про машинки. Баю-бай, полицейская машинка!",author,Ульева Елена,Елена Ульева
shokoladus-esche-nemnogo-priklyucheniy,Шоколадус. Ещё немного приключений,author,Фогель Майя,Майя Фогель
shedevry-detskoy-literatury-skazki-pushkina,Шедевры детской литературы. Сказки Пушкина,author,Пушкин Александр,Александр Пушкин
zasypatelnye-skazki-pro-mashinki-bayu-bay-pozharnaya-mashinka,"Засыпательные сказки про машинки. Баю-бай, пожарная машинка!",ageLabel,2–4 лет,2–4 года
zasypatelnye-skazki-pro-mashinki-bayu-bay-pozharnaya-mashinka,"Засыпательные сказки про машинки. Баю-бай, пожарная машинка!",author,Ульева Елена,Елена Ульева
zasypatelnye-skazki-pro-mashinki-bayu-bay-pozharnaya-mashinka,"Засыпательные сказки про машинки. Баю-бай, пожарная машинка!",whyRecommended,"Если ребёнок любит сказки и сюжеты о искусстве, книга подойдёт ему в возрасте 2–4 лет. Она подходит для самостоятельного или совместного чтения.","Если ребёнок любит сказки и сюжеты об искусстве, книга подойдёт ему в возрасте 2–4 лет. Она подходит для самостоятельного или совместного чтения."
zasypatelnye-skazki-pro-mashinki-bayu-bay-ekskavator,"Засыпательные сказки про машинки. Баю-бай, экскаватор!",ageLabel,2–4 лет,2–4 года
zasypatelnye-skazki-pro-mashinki-bayu-bay-ekskavator,"Засыпательные сказки про машинки. Баю-бай, экскаватор!",author,Ульева Елена,Елена Ульева
malenkiy-gruzovichok-knizhki-kartinki-gruzovichok-zlitsya,Маленький грузовичок. Книжки-картинки. Грузовичок злится,ageLabel,2–4 лет,2–4 года
malenkiy-gruzovichok-knizhki-kartinki-gruzovichok-zlitsya,Маленький грузовичок. Книжки-картинки. Грузовичок злится,author,Ульева Елена,Елена Ульева
malenkiy-gruzovichok-knizhki-kartinki-gruzovichok-i-ego-druzya-7762,Маленький грузовичок. Книжки-картинки. Грузовичок и его друзья 7762,ageLabel,2–4 лет,2–4 года
malenkiy-gruzovichok-knizhki-kartinki-gruzovichok-i-ego-druzya-7762,Маленький грузовичок. Книжки-картинки. Грузовичок и его друзья 7762,author,Ульева Елена,Елена Ульева
bolshaya-skazochnaya-seriya-bolshaya-kniga-skazok-pro-igrushki,Большая сказочная серия. Большая книга сказок про игрушки,author,Ульева Елена,Елена Ульева
bolshaya-skazochnaya-seriya-myagkaya-oblozhka-bolshaya-kniga-skazok-pro,Большая сказочная серия (мягкая обложка). Большая книга сказок про дружбу,author,Ульева Елена,Елена Ульева
bolshaya-skazochnaya-seriya-myagkaya-oblozhka-bolshaya-kniga-skazok-pro-2,Большая сказочная серия (мягкая обложка). Большая книга сказок про животных,ageLabel,2–4 лет,2–4 года
bolshaya-skazochnaya-seriya-myagkaya-oblozhka-bolshaya-kniga-skazok-pro-2,Большая сказочная серия (мягкая обложка). Большая книга сказок про животных,author,Ульева Елена,Елена Ульева
bolshaya-skazochnaya-seriya-myagkaya-oblozhka-bolshaya-kniga-skazok-na,Большая сказочная серия (мягкая обложка). Большая книга сказок на ночь про машинки,ageLabel,2–4 лет,2–4 года
bolshaya-skazochnaya-seriya-myagkaya-oblozhka-bolshaya-kniga-skazok-na,Большая сказочная серия (мягкая обложка). Большая книга сказок на ночь про машинки,author,Ульева Елена,Елена Ульева
pravila-bezopasnosti-v-skazkah-pravila-bezopasnosti-na-ulitse,Правила безопасности в сказках. Правила безопасности на улице,author,Ульева Елена,Елена Ульева
pravila-bezopasnosti-v-skazkah-pravila-bezopasnosti-kruglyy-god,Правила безопасности в сказках. Правила безопасности круглый год,author,Ульева Елена,Елена Ульева
bolshaya-skazochnaya-seriya-bolshaya-kniga-maminyh-skazok,Большая сказочная серия. Большая книга маминых сказок,author,Ульева Елена,Елена Ульева
mishka-tishka-i-horoshie-manery,Мишка Тишка и хорошие манеры,ageLabel,2–4 лет,2–4 года
mishka-tishka-i-horoshie-manery,Мишка Тишка и хорошие манеры,author,Ульева Елена,Елена Ульева
bolshaya-skazochnaya-seriya-bolshaya-kniga-skazok-pro-detskiy-sad,Большая сказочная серия. Большая книга сказок про детский сад,author,Ульева Елена,Елена Ульева
semeynye-skazki-knizhki-kartinki-myagkaya-oblozhka-mama-vsegda-ryadom,Семейные сказки. Книжки-картинки (мягкая обложка). Мама всегда рядом,ageLabel,2–4 лет,2–4 года
semeynye-skazki-knizhki-kartinki-myagkaya-oblozhka-mama-vsegda-ryadom,Семейные сказки. Книжки-картинки (мягкая обложка). Мама всегда рядом,author,Ульева Елена,Елена Ульева
dachnyy-detektiv-tayna-staroy-yabloni,Дачный детектив. Тайна старой яблони,author,Кириллова Ольга,Ольга Кириллова
shkolnaya-klassika-sto-let-tomu-vpered,Школьная классика. Сто лет тому вперед,author,Булычев Кир,Кир Булычёв
belaya-vorona-verona-neugomonnaya-boltushka,Белая ворона Верона. Неугомонная болтушка,ageLabel,2–4 лет,2–4 года
belaya-vorona-verona-neugomonnaya-boltushka,Белая ворона Верона. Неугомонная болтушка,author,Весова Юлия,Юлия Весова
biblioteka-priklyucheniy-ostrov-sokrovisch,Библиотека приключений. Остров сокровищ,author,Стивенсон Роберт Льюис,Роберт Льюис Стивенсон
pushistye-priklyucheniya-kotenok-plyusha-ischet-semyu,Пушистые приключения. Котенок Плюша ищет семью,author,Ульева Елена,Елена Ульева
priklyucheniya-kotyat-i-schenyat-kotenok-plyusha-ili-pushistye,"Приключения котят и щенят. Котенок Плюша, или Пушистые приключения",author,Ульева Елена,Елена Ульева
malenkiy-musorovoz-knizhki-kartonki-malysh-musorovoz-zabludilsya-v,Маленький мусоровоз. Книжки-картонки. Малыш мусоровоз заблудился в городе,ageLabel,3–3 лет,3 года
malenkiy-musorovoz-knizhki-kartonki-malysh-musorovoz-zabludilsya-v,Маленький мусоровоз. Книжки-картонки. Малыш мусоровоз заблудился в городе,author,Весова Юлия,Юлия Весова
zasypatelnye-skazki-pro-mashinki-knizhki-kartonki-bayu-bay,"Засыпательные сказки про машинки. Книжки-картонки. Баю-бай, полицейская машинка!",ageLabel,2–3 лет,2–3 года
zasypatelnye-skazki-pro-mashinki-knizhki-kartonki-bayu-bay,"Засыпательные сказки про машинки. Книжки-картонки. Баю-бай, полицейская машинка!",author,Ульева Елена,Елена Ульева
malenkiy-musorovoz-knizhki-kartonki-malysh-musorovoz-boitsya-temnoty,Маленький мусоровоз. Книжки-картонки. Малыш мусоровоз боится темноты,ageLabel,3–3 лет,3 года
malenkiy-musorovoz-knizhki-kartonki-malysh-musorovoz-boitsya-temnoty,Маленький мусоровоз. Книжки-картонки. Малыш мусоровоз боится темноты,author,Весова Юлия,Юлия Весова
malenkiy-musorovoz-knizhki-kartonki-malysh-musorovoz-idet-v-shkolu,Маленький мусоровоз. Книжки-картонки. Малыш мусоровоз идёт в школу,ageLabel,3–3 лет,3 года
malenkiy-musorovoz-knizhki-kartonki-malysh-musorovoz-idet-v-shkolu,Маленький мусоровоз. Книжки-картонки. Малыш мусоровоз идёт в школу,author,Весова Юлия,Юлия Весова
strashilki-dlya-podrostkov-yanisyarvi-mrachnaya-tayna-chudo-ozera,Страшилки для подростков. Янисъярви. Мрачная тайна чудо-озера,author,Коскина Ксения,Ксения Коскина
tayna-zelenogo-bmv,Тайна зеленого БМВ,pages,3726,null
tayna-zelenogo-bmv,Тайна зеленого БМВ,lengthCategory,long,null
malchik-volk-zov-tayny,Мальчик-волк. Зов тайны,pages,3726,null
malchik-volk-zov-tayny,Мальчик-волк. Зов тайны,lengthCategory,long,null
duh-iz-volshebnoy-fleyty-tom-2,Дух из волшебной флейты. Том 2,pages,3726,null
duh-iz-volshebnoy-fleyty-tom-2,Дух из волшебной флейты. Том 2,lengthCategory,long,null
greys-prodelki-ozornoy-printsessy,Грейс. Проделки озорной принцессы,pages,3726,null
greys-prodelki-ozornoy-printsessy,Грейс. Проделки озорной принцессы,lengthCategory,long,null
malenkiy-prints-illyustratsii-ha-chang-tahtag,Маленький принц (иллюстрации Ха Чанг — Tahtag),pages,3726,null
malenkiy-prints-illyustratsii-ha-chang-tahtag,Маленький принц (иллюстрации Ха Чанг — Tahtag),lengthCategory,long,null
malenkiy-prints-illyustratsii-ha-chang-tahtag,Маленький принц (иллюстрации Ха Чанг — Tahtag),title,Маленький принц (иллюстрации Ха Чанг — Tahtag),Маленький принц
malenkiy-prints-illyustratsii-ha-chang-tahtag,Маленький принц (иллюстрации Ха Чанг — Tahtag),editionNote,null,иллюстрации Ха Чанг — Tahtag
malenkiy-prints-illyustratsii-ha-chang-tahtag,Маленький принц (иллюстрации Ха Чанг — Tahtag),editionContributors,null,Нора Галь
malenkiy-prints-illyustratsii-ha-chang-tahtag,Маленький принц (иллюстрации Ха Чанг — Tahtag),author,Нора Галь,Антуан де Сент-Экзюпери
sny-bongo,Сны Бонго,pages,3726,null
sny-bongo,Сны Бонго,lengthCategory,long,null
devochka-s-lisim-hvostom-tom-1,Девочка с Лисьим Хвостом. Том 1,pages,3726,null
devochka-s-lisim-hvostom-tom-1,Девочка с Лисьим Хвостом. Том 1,lengthCategory,long,null
alisa-v-strane-chudes-illyustratsii-ha-chang-tahtag,Алиса в Стране чудес (иллюстрации Ха Чанг — Tahtag),pages,3726,null
alisa-v-strane-chudes-illyustratsii-ha-chang-tahtag,Алиса в Стране чудес (иллюстрации Ха Чанг — Tahtag),lengthCategory,long,null
alisa-v-strane-chudes-illyustratsii-ha-chang-tahtag,Алиса в Стране чудес (иллюстрации Ха Чанг — Tahtag),title,Алиса в Стране чудес (иллюстрации Ха Чанг — Tahtag),Алиса в Стране чудес
alisa-v-strane-chudes-illyustratsii-ha-chang-tahtag,Алиса в Стране чудес (иллюстрации Ха Чанг — Tahtag),editionNote,null,иллюстрации Ха Чанг — Tahtag
emil-i-margo-beskonechnoe-chaepitie-kniga-dlya-pervogo-chteniya,Эмиль и Марго. Бесконечное чаепитие. Книга для первого чтения,pages,3726,null
emil-i-margo-beskonechnoe-chaepitie-kniga-dlya-pervogo-chteniya,Эмиль и Марго. Бесконечное чаепитие. Книга для первого чтения,lengthCategory,long,null
volchonok-po-oshibke,Волчонок по ошибке,pages,3726,null
volchonok-po-oshibke,Волчонок по ошибке,lengthCategory,long,null
letnie-istorii-pro-miru-i-goshu,Летние истории про Миру и Гошу,pages,3726,null
letnie-istorii-pro-miru-i-goshu,Летние истории про Миру и Гошу,lengthCategory,long,null
greys-skazochnoe-nedorazumenie,Грейс. Сказочное недоразумение,pages,3726,null
greys-skazochnoe-nedorazumenie,Грейс. Сказочное недоразумение,lengthCategory,long,null
duh-iz-volshebnoy-fleyty-tom-1-kanikuly-s-ekayami,Дух из волшебной флейты. Том 1. Каникулы с ёкаями,pages,3726,null
duh-iz-volshebnoy-fleyty-tom-1-kanikuly-s-ekayami,Дух из волшебной флейты. Том 1. Каникулы с ёкаями,lengthCategory,long,null
tayna-knyazheskoy-usadby,Тайна княжеской усадьбы,pages,3726,null
tayna-knyazheskoy-usadby,Тайна княжеской усадьбы,lengthCategory,long,null
uno-kroshechnoe-priklyuchenie,Уно. Крошечное приключение,pages,3726,null
uno-kroshechnoe-priklyuchenie,Уно. Крошечное приключение,lengthCategory,long,null
uno-s-nosom-naperegonki,Уно. С носом наперегонки,pages,3726,null
uno-s-nosom-naperegonki,Уно. С носом наперегонки,lengthCategory,long,null
tayna-odnoy-nogi,Тайна одной ноги,pages,3726,null
tayna-odnoy-nogi,Тайна одной ноги,lengthCategory,long,null
zato-sam-rasskazy-dlya-pervogo-chteniya-4-stupen-mnogo-bukv,Зато сам! Рассказы для первого чтения. 4 ступень (много букв),pages,3726,null
zato-sam-rasskazy-dlya-pervogo-chteniya-4-stupen-mnogo-bukv,Зато сам! Рассказы для первого чтения. 4 ступень (много букв),lengthCategory,long,null
zato-sam-rasskazy-dlya-pervogo-chteniya-3-stupen-6-7-bukv,Зато сам! Рассказы для первого чтения. 3 ступень (6-7 букв),pages,3726,null
zato-sam-rasskazy-dlya-pervogo-chteniya-3-stupen-6-7-bukv,Зато сам! Рассказы для первого чтения. 3 ступень (6-7 букв),lengthCategory,long,null
zato-sam-rasskazy-dlya-pervogo-chteniya-2-stupen-6-bukv,Зато сам! Рассказы для первого чтения. 2 ступень (6 букв),pages,3726,null
zato-sam-rasskazy-dlya-pervogo-chteniya-2-stupen-6-bukv,Зато сам! Рассказы для первого чтения. 2 ступень (6 букв),lengthCategory,long,null
zato-sam-rasskazy-dlya-pervogo-chteniya-1-stupen-3-4-bukvy,Зато сам! Рассказы для первого чтения. 1 ступень (3-4 буквы),ageLabel,3–4 лет,3–4 года
zato-sam-rasskazy-dlya-pervogo-chteniya-1-stupen-3-4-bukvy,Зато сам! Рассказы для первого чтения. 1 ступень (3-4 буквы),pages,3726,null
zato-sam-rasskazy-dlya-pervogo-chteniya-1-stupen-3-4-bukvy,Зато сам! Рассказы для первого чтения. 1 ступень (3-4 буквы),lengthCategory,long,null
emil-i-margo-kamennyy-monstr-kniga-dlya-pervogo-chteniya,Эмиль и Марго. Каменный монстр. Книга для первого чтения,pages,3726,null
emil-i-margo-kamennyy-monstr-kniga-dlya-pervogo-chteniya,Эмиль и Марго. Каменный монстр. Книга для первого чтения,lengthCategory,long,null
tayna-kovarnoy-rusalki,Тайна коварной русалки,pages,3726,null
tayna-kovarnoy-rusalki,Тайна коварной русалки,lengthCategory,long,null
devochka-medved,Девочка-медведь,pages,3726,null
devochka-medved,Девочка-медведь,lengthCategory,long,null
zolotaya-pechatnaya-mashinka,Золотая печатная машинка,pages,3726,null
zolotaya-pechatnaya-mashinka,Золотая печатная машинка,lengthCategory,long,null
ohotniki-na-prizrakov-tom-2,Охотники на призраков. Том 2,pages,3726,null
ohotniki-na-prizrakov-tom-2,Охотники на призраков. Том 2,lengthCategory,long,null
zimnie-istorii-pro-miru-i-goshu,Зимние истории про Миру и Гошу,pages,3726,null
zimnie-istorii-pro-miru-i-goshu,Зимние истории про Миру и Гошу,lengthCategory,long,null
greys-korolevstvo-vverh-kopytami,Грейс. Королевство вверх копытами,pages,3726,null
greys-korolevstvo-vverh-kopytami,Грейс. Королевство вверх копытами,lengthCategory,long,null
strashnye-istorii,Страшные истории,pages,3726,null
strashnye-istorii,Страшные истории,lengthCategory,long,null
zamok-kolduna-kniga-kvest,Замок колдуна. Книга-квест,pages,3726,null
zamok-kolduna-kniga-kvest,Замок колдуна. Книга-квест,lengthCategory,long,null
les-vverh-tormashkami,Лес Вверх Тормашками,pages,3726,null
les-vverh-tormashkami,Лес Вверх Тормашками,lengthCategory,long,null
gde-rabotaet-yaga,Где работает Яга?,pages,3726,null
gde-rabotaet-yaga,Где работает Яга?,lengthCategory,long,null
ohotniki-na-prizrakov-tom-1,Охотники на призраков. Том 1,pages,3726,null
ohotniki-na-prizrakov-tom-1,Охотники на призраков. Том 1,lengthCategory,long,null
mrachnyy-vzvod-byl-ili-nebyl,Мрачный взвод. Быль или небыль,pages,3726,null
mrachnyy-vzvod-byl-ili-nebyl,Мрачный взвод. Быль или небыль,lengthCategory,long,null
hton-v-palto-zhit-dalshe,Хтонь в пальто. Жить дальше,pages,3726,null
hton-v-palto-zhit-dalshe,Хтонь в пальто. Жить дальше,lengthCategory,long,null
burya-i-chudnoy-otryad,Буря и чудной отряд,pages,3726,null
burya-i-chudnoy-otryad,Буря и чудной отряд,lengthCategory,long,null
tochka-zreniya-vseveduschego-chitatelya-tom-4,Точка зрения Всеведущего читателя. Том 4,pages,3726,null
tochka-zreniya-vseveduschego-chitatelya-tom-4,Точка зрения Всеведущего читателя. Том 4,lengthCategory,long,null
tochka-zreniya-vseveduschego-chitatelya-tom-3,Точка зрения Всеведущего читателя. Том 3,pages,3726,null
tochka-zreniya-vseveduschego-chitatelya-tom-3,Точка зрения Всеведущего читателя. Том 3,lengthCategory,long,null
interstellar,Интерстеллар,pages,3726,null
interstellar,Интерстеллар,lengthCategory,long,null
zlodeyskiy-put-tom-7,Злодейский путь!.. Том 7,pages,3726,null
zlodeyskiy-put-tom-7,Злодейский путь!.. Том 7,lengthCategory,long,null
novyy-god-v-russkoy-istorii,Новый год в русской истории,pages,3726,null
novyy-god-v-russkoy-istorii,Новый год в русской истории,lengthCategory,long,null
novyy-god-v-russkoy-istorii,Новый год в русской истории,author,Екатерина Андреевна Мокрушева,Екатерина Мокрушева
akademiya-matematiki-bitva-hakerov-tom-2,Академия математики. Битва хакеров. Том 2,pages,3726,null
akademiya-matematiki-bitva-hakerov-tom-2,Академия математики. Битва хакеров. Том 2,lengthCategory,long,null
svetomore-tom-2-razrushitel-solntsa,Светоморье. Том 2. Разрушитель солнца,pages,3726,null
svetomore-tom-2-razrushitel-solntsa,Светоморье. Том 2. Разрушитель солнца,lengthCategory,long,null
akademiya-matematiki-delo-hakerskogo-kluba-tom-1,Академия математики. Дело хакерского клуба. Том 1,pages,3726,null
akademiya-matematiki-delo-hakerskogo-kluba-tom-1,Академия математики. Дело хакерского клуба. Том 1,lengthCategory,long,null
svetomore-tom-3-temnye-vremena,Светоморье. Том 3. Темные времена,pages,3726,null
svetomore-tom-3-temnye-vremena,Светоморье. Том 3. Темные времена,lengthCategory,long,null
devochka-s-lisim-hvostom-tom-6,Девочка с лисьим хвостом. Том 6,pages,3726,null
devochka-s-lisim-hvostom-tom-6,Девочка с лисьим хвостом. Том 6,lengthCategory,long,null
pomoschnik-bibliotekarya-113,Помощник библиотекаря № 113,pages,3726,null
pomoschnik-bibliotekarya-113,Помощник библиотекаря № 113,lengthCategory,long,null
anya-iz-zelenyh-mezoninov,Аня из Зеленых Мезонинов,pages,3726,null
anya-iz-zelenyh-mezoninov,Аня из Зеленых Мезонинов,lengthCategory,long,null
shkola-globus,Школа «Глобус»,pages,3726,null
shkola-globus,Школа «Глобус»,lengthCategory,long,null
lavka-straha,Лавка страха,pages,3726,null
lavka-straha,Лавка страха,lengthCategory,long,null
emil-i-margo-strashno-vazhnaya-tseremoniya,Эмиль и Марго. Страшно важная церемония,pages,3726,null
emil-i-margo-strashno-vazhnaya-tseremoniya,Эмиль и Марго. Страшно важная церемония,lengthCategory,long,null
deniskiny-rasskazy-vneklassnoe-chtenie,Денискины рассказы (Внеклассное чтение),pages,3726,null
deniskiny-rasskazy-vneklassnoe-chtenie,Денискины рассказы (Внеклассное чтение),lengthCategory,long,null
deniskiny-rasskazy-vneklassnoe-chtenie,Денискины рассказы (Внеклассное чтение),title,Денискины рассказы (Внеклассное чтение),Денискины рассказы
deniskiny-rasskazy-vneklassnoe-chtenie,Денискины рассказы (Внеклассное чтение),editionNote,null,Внеклассное чтение
beleet-parus-odinokiy,Белеет парус одинокий,pages,3726,null
beleet-parus-odinokiy,Белеет парус одинокий,lengthCategory,long,null
missiya-dikogo-robota,Миссия дикого робота,pages,3726,null
missiya-dikogo-robota,Миссия дикого робота,lengthCategory,long,null
kashtanka-i-drugie-rasskazy-vneklassnoe-chtenie,Каштанка и другие рассказы (Внеклассное чтение),pages,3726,null
kashtanka-i-drugie-rasskazy-vneklassnoe-chtenie,Каштанка и другие рассказы (Внеклассное чтение),lengthCategory,long,null
kashtanka-i-drugie-rasskazy-vneklassnoe-chtenie,Каштанка и другие рассказы (Внеклассное чтение),title,Каштанка и другие рассказы (Внеклассное чтение),Каштанка и другие рассказы
kashtanka-i-drugie-rasskazy-vneklassnoe-chtenie,Каштанка и другие рассказы (Внеклассное чтение),editionNote,null,Внеклассное чтение
volshebnaya-biblioteka-brokkoli,Волшебная библиотека Брокколи,pages,3726,null
volshebnaya-biblioteka-brokkoli,Волшебная библиотека Брокколи,lengthCategory,long,null
volshebnik-izumrudnogo-goroda-vneklassnoe-chtenie,Волшебник Изумрудного города (Внеклассное чтение),pages,3726,null
volshebnik-izumrudnogo-goroda-vneklassnoe-chtenie,Волшебник Изумрудного города (Внеклассное чтение),lengthCategory,long,null
volshebnik-izumrudnogo-goroda-vneklassnoe-chtenie,Волшебник Изумрудного города (Внеклассное чтение),title,Волшебник Изумрудного города (Внеклассное чтение),Волшебник Изумрудного города
volshebnik-izumrudnogo-goroda-vneklassnoe-chtenie,Волшебник Изумрудного города (Внеклассное чтение),editionNote,null,Внеклассное чтение
volshebnik-izumrudnogo-goroda-vneklassnoe-chtenie,Волшебник Изумрудного города (Внеклассное чтение),author,Александр Мелентьевич Волков,Александр Волков
skazy,Сказы,pages,3726,null
skazy,Сказы,lengthCategory,long,null
legendy-i-mify-drevney-gretsii-bogi-i-geroi,Легенды и мифы Древней Греции. Боги и герои,pages,3726,null
legendy-i-mify-drevney-gretsii-bogi-i-geroi,Легенды и мифы Древней Греции. Боги и герои,lengthCategory,long,null
timur-i-ego-komanda-vneklassnoe-chtenie,Тимур и его команда (Внеклассное чтение),pages,3726,null
timur-i-ego-komanda-vneklassnoe-chtenie,Тимур и его команда (Внеклассное чтение),lengthCategory,long,null
timur-i-ego-komanda-vneklassnoe-chtenie,Тимур и его команда (Внеклассное чтение),title,Тимур и его команда (Внеклассное чтение),Тимур и его команда
timur-i-ego-komanda-vneklassnoe-chtenie,Тимур и его команда (Внеклассное чтение),editionNote,null,Внеклассное чтение
snezhnaya-koroleva-illyustratsii-oksany-viktorovoy,Снежная королева (иллюстрации Оксаны Викторовой),pages,3726,null
snezhnaya-koroleva-illyustratsii-oksany-viktorovoy,Снежная королева (иллюстрации Оксаны Викторовой),lengthCategory,long,null
snezhnaya-koroleva-illyustratsii-oksany-viktorovoy,Снежная королева (иллюстрации Оксаны Викторовой),title,Снежная королева (иллюстрации Оксаны Викторовой),Снежная королева
snezhnaya-koroleva-illyustratsii-oksany-viktorovoy,Снежная королева (иллюстрации Оксаны Викторовой),editionNote,null,иллюстрации Оксаны Викторовой
snezhnaya-koroleva-illyustratsii-oksany-viktorovoy,Снежная королева (иллюстрации Оксаны Викторовой),editionContributors,null,Оксана Викторова
snezhnaya-koroleva-illyustratsii-oksany-viktorovoy,Снежная королева (иллюстрации Оксаны Викторовой),author,Оксана Викторова,Ханс Кристиан Андерсен
biblioteka-kota-mortimera,Библиотека кота Мортимера,pages,3726,null
biblioteka-kota-mortimera,Библиотека кота Мортимера,lengthCategory,long,null
devyat-myshat-i-kot,Девять мышат и кот,pages,3726,null
devyat-myshat-i-kot,Девять мышат и кот,lengthCategory,long,null
devochka-s-lisim-hvostom-tom-5,Девочка с лисьим хвостом. Том 5,pages,3726,null
devochka-s-lisim-hvostom-tom-5,Девочка с лисьим хвостом. Том 5,lengthCategory,long,null
magazinchik-moego-dedushki,Магазинчик моего дедушки,pages,3726,null
magazinchik-moego-dedushki,Магазинчик моего дедушки,lengthCategory,long,null
sonnye-skazki-gregori,Сонные сказки,pages,3726,null
sonnye-skazki-gregori,Сонные сказки,lengthCategory,long,null
puteshestvie-v-drevlyandiyu,Путешествие в Древляндию,pages,3726,null
puteshestvie-v-drevlyandiyu,Путешествие в Древляндию,lengthCategory,long,null
amir-i-bezumnyy-ingredient,Амир и безумный ингредиент,pages,3726,null
amir-i-bezumnyy-ingredient,Амир и безумный ингредиент,lengthCategory,long,null
knizhnyy-les,Книжный лес,pages,3726,null
knizhnyy-les,Книжный лес,lengthCategory,long,null
hroniki-pereputya,Хроники Перепутья,pages,3726,null
hroniki-pereputya,Хроники Перепутья,lengthCategory,long,null
missiya-luchshaya-podruga,Миссия «Лучшая подруга»,pages,3726,null
missiya-luchshaya-podruga,Миссия «Лучшая подруга»,lengthCategory,long,null
devochka-s-lisim-hvostom-tom-4,Девочка с лисьим хвостом. Том 4,pages,3726,null
devochka-s-lisim-hvostom-tom-4,Девочка с лисьим хвостом. Том 4,lengthCategory,long,null
dikiy-robot-paperback,Дикий робот (Paperback),pages,3726,null
dikiy-robot-paperback,Дикий робот (Paperback),lengthCategory,long,null
alisa-v-strane-snov-odnazhdy-v-skazke,Алиса в стране снов. Однажды в сказке,pages,3726,null
alisa-v-strane-snov-odnazhdy-v-skazke,Алиса в стране снов. Однажды в сказке,lengthCategory,long,null
chudovische-i-krasavitsa-odnazhdy-v-skazke,Чудовище и красавица. Однажды в сказке,pages,3726,null
chudovische-i-krasavitsa-odnazhdy-v-skazke,Чудовище и красавица. Однажды в сказке,lengthCategory,long,null
skazki-medvedya-gustava-kosolapaya-dolina,Сказки медведя Густава. Косолапая долина,pages,3726,null
skazki-medvedya-gustava-kosolapaya-dolina,Сказки медведя Густава. Косолапая долина,lengthCategory,long,null
devochka-s-lisim-hvostom-tom-3,Девочка с лисьим хвостом. Том 3,pages,3726,null
devochka-s-lisim-hvostom-tom-3,Девочка с лисьим хвостом. Том 3,lengthCategory,long,null
shkola-snegurochek-i-tayna-propavshey-hranitelnitsy,Школа снегурочек и тайна пропавшей хранительницы,pages,3726,null
shkola-snegurochek-i-tayna-propavshey-hranitelnitsy,Школа снегурочек и тайна пропавшей хранительницы,lengthCategory,long,null
dve-zimy,Две зимы,pages,3726,null
dve-zimy,Две зимы,lengthCategory,long,null
tayna-zabroshennogo-doma,Тайна заброшенного дома,pages,3726,null
tayna-zabroshennogo-doma,Тайна заброшенного дома,lengthCategory,long,null
zato-sam-rasskazy-dlya-pervogo-chteniya-kniga-2,Зато сам! Рассказы для первого чтения. Книга 2,pages,3726,null
zato-sam-rasskazy-dlya-pervogo-chteniya-kniga-2,Зато сам! Рассказы для первого чтения. Книга 2,lengthCategory,long,null
sharf-v-yarkuyu-polosku,Шарф в яркую полоску,pages,3726,null
sharf-v-yarkuyu-polosku,Шарф в яркую полоску,lengthCategory,long,null
ryzhiy-kot-i-novyy-god,Рыжий кот и Новый год,pages,3726,null
ryzhiy-kot-i-novyy-god,Рыжий кот и Новый год,lengthCategory,long,null
skazki-medvedya-gustava-revuschiy-ruchey,Сказки медведя Густава. Ревущий ручей,pages,3726,null
skazki-medvedya-gustava-revuschiy-ruchey,Сказки медведя Густава. Ревущий ручей,lengthCategory,long,null
devochka-s-lisim-hvostom-tom-2,Девочка с лисьим хвостом. Том 2,pages,3726,null
devochka-s-lisim-hvostom-tom-2,Девочка с лисьим хвостом. Том 2,lengthCategory,long,null
alisa-v-strane-chudes,Алиса в Стране чудес,pages,3726,null
alisa-v-strane-chudes,Алиса в Стране чудес,lengthCategory,long,null
alisa-v-strane-chudes,Алиса в Стране чудес,editionContributors,null,Loputyn (Лопутин)
alisa-v-strane-chudes,Алиса в Стране чудес,author,Loputyn (Лопутин),Льюис Кэрролл
dzhuliya-i-akula,Джулия и акула,pages,3726,null
dzhuliya-i-akula,Джулия и акула,lengthCategory,long,null
malenkiy-prints,Маленький принц,pages,3726,null
malenkiy-prints,Маленький принц,lengthCategory,long,null
malenkiy-prints,Маленький принц,editionContributors,null,Клаудиа Бордин
malenkiy-prints,Маленький принц,author,Клаудиа Бордин,Антуан де Сент-Экзюпери
talant-koula,Талант Коула,pages,3726,null
talant-koula,Талант Коула,lengthCategory,long,null
shkola-talantov-urok-tretiy-chudovischa-na-vyhod,"Школа талантов. Урок третий: чудовища, на выход!",pages,3726,null
shkola-talantov-urok-tretiy-chudovischa-na-vyhod,"Школа талантов. Урок третий: чудовища, на выход!",lengthCategory,long,null
hraniteli-mira-doroga-domoy,Хранители мира. Дорога домой,pages,3726,null
hraniteli-mira-doroga-domoy,Хранители мира. Дорога домой,lengthCategory,long,null
skazki-na-noch,Сказки на ночь,pages,3726,null
skazki-na-noch,Сказки на ночь,lengthCategory,long,null
skazki-medvedya-gustava-dom-v-malinnike,Сказки медведя Густава. Дом в малиннике,pages,3726,null
skazki-medvedya-gustava-dom-v-malinnike,Сказки медведя Густава. Дом в малиннике,lengthCategory,long,null
dom-vdali-ot-mira,Дом вдали от мира,pages,3726,null
dom-vdali-ot-mira,Дом вдали от мира,lengthCategory,long,null
zato-sam-rasskazy-dlya-pervogo-chteniya,Зато сам! Рассказы для первого чтения,pages,3726,null
zato-sam-rasskazy-dlya-pervogo-chteniya,Зато сам! Рассказы для первого чтения,lengthCategory,long,null
my-igrali-s-ognem,Мы играли с огнём,pages,3726,null
my-igrali-s-ognem,Мы играли с огнём,lengthCategory,long,null
elka-pryaniki-podarki,"Ёлка, пряники, подарки",pages,3726,null
elka-pryaniki-podarki,"Ёлка, пряники, подарки",lengthCategory,long,null
yeti-kamera-motor,"Йети, камера, мотор!",pages,3726,null
yeti-kamera-motor,"Йети, камера, мотор!",lengthCategory,long,null
shkola-magicheskih-zverey-kto-sidit-v-temnote,Школа магических зверей. Кто сидит в темноте?,pages,3726,null
shkola-magicheskih-zverey-kto-sidit-v-temnote,Школа магических зверей. Кто сидит в темноте?,lengthCategory,long,null
bezrabotnyy-ded-moroz-volshebnyy-krugovorot,Безработный Дед Мороз. Волшебный круговорот,pages,3726,null
bezrabotnyy-ded-moroz-volshebnyy-krugovorot,Безработный Дед Мороз. Волшебный круговорот,lengthCategory,long,null
hraniteli-mira,Хранители мира,pages,3726,null
hraniteli-mira,Хранители мира,lengthCategory,long,null
nezemlyane,Неземляне,pages,3726,null
nezemlyane,Неземляне,lengthCategory,long,null
shkola-talantov-urok-vtoroy-konets-sveta,Школа талантов. Урок второй: конец света,pages,3726,null
shkola-talantov-urok-vtoroy-konets-sveta,Школа талантов. Урок второй: конец света,lengthCategory,long,null
gula-kamakri,Гула Камакри,pages,3726,null
gula-kamakri,Гула Камакри,lengthCategory,long,null
promezhute,Промежутье,pages,3726,null
promezhute,Промежутье,lengthCategory,long,null
alisa-v-strane-chudes-i-v-zazerkale,Алиса в Стране Чудес и в Зазеркалье,pages,3726,null
alisa-v-strane-chudes-i-v-zazerkale,Алиса в Стране Чудес и в Зазеркалье,lengthCategory,long,null
malenkiy-teo-idet-v-detskiy-sad,Маленький Тео идет в детский сад,pages,3726,null
malenkiy-teo-idet-v-detskiy-sad,Маленький Тео идет в детский сад,lengthCategory,long,null
muzyka-krylev,Музыка крыльев,pages,3726,null
muzyka-krylev,Музыка крыльев,lengthCategory,long,null
privet-mayak,"Привет, маяк!",pages,3726,null
privet-mayak,"Привет, маяк!",lengthCategory,long,null
shkola-magicheskih-zverey-kopay-glubzhe,Школа магических зверей. Копай глубже!,pages,3726,null
shkola-magicheskih-zverey-kopay-glubzhe,Школа магических зверей. Копай глубже!,lengthCategory,long,null
shkola-talantov-urok-pervyy-zverskiy-shum,Школа талантов. Урок первый: зверский шум!,pages,3726,null
shkola-talantov-urok-pervyy-zverskiy-shum,Школа талантов. Урок первый: зверский шум!,lengthCategory,long,null
prosto-rikka-i-tochka,Просто Рикка. И точка,pages,3726,null
prosto-rikka-i-tochka,Просто Рикка. И точка,lengthCategory,long,null
kit-na-plyazhe,Кит на пляже,pages,3726,null
kit-na-plyazhe,Кит на пляже,lengthCategory,long,null
shkola-magicheskih-zverey,Школа магических зверей,pages,3726,null
shkola-magicheskih-zverey,Школа магических зверей,lengthCategory,long,null
tilda-yablochnoe-semechko-pogonya-za-udachey,Тильда Яблочное Семечко. Погоня за удачей,pages,3726,null
tilda-yablochnoe-semechko-pogonya-za-udachey,Тильда Яблочное Семечко. Погоня за удачей,lengthCategory,long,null
indigo-s-marmeladnoy-ulitsy-i-ee-chudovischnye-pitomtsy,Индиго с Мармеладной улицы и её чудовищные питомцы,pages,3726,null
indigo-s-marmeladnoy-ulitsy-i-ee-chudovischnye-pitomtsy,Индиго с Мармеладной улицы и её чудовищные питомцы,lengthCategory,long,null
zakon-rakushki,Закон ракушки,pages,3726,null
zakon-rakushki,Закон ракушки,lengthCategory,long,null
chay-v-zimnem-lesu,Чай в зимнем лесу,pages,3726,null
chay-v-zimnem-lesu,Чай в зимнем лесу,lengthCategory,long,null
lanselot,Ланселот,pages,3726,null
lanselot,Ланселот,lengthCategory,long,null
yeti-deti-ded-moroz,"Йети, дети, Дед Мороз",pages,3726,null
yeti-deti-ded-moroz,"Йети, дети, Дед Мороз",lengthCategory,long,null
krasnaya-nitochka,Красная ниточка,pages,3726,null
krasnaya-nitochka,Красная ниточка,lengthCategory,long,null
dve-schepotki-schastya,Две щепотки счастья,pages,3726,null
dve-schepotki-schastya,Две щепотки счастья,lengthCategory,long,null
vse-budet-horosho-obyazatelno,"Все будет хорошо, обязательно",pages,3726,null
vse-budet-horosho-obyazatelno,"Все будет хорошо, обязательно",lengthCategory,long,null
pinella-propella,Пинелла Пропелла,pages,3726,null
pinella-propella,Пинелла Пропелла,lengthCategory,long,null
imya-dlya-kapitana,Имя для капитана,pages,3726,null
imya-dlya-kapitana,Имя для капитана,lengthCategory,long,null
banka-so-svetlyachkami,Банка со светлячками,pages,3726,null
banka-so-svetlyachkami,Банка со светлячками,lengthCategory,long,null
tri-geroya-matildy,Три героя Матильды,pages,3726,null
tri-geroya-matildy,Три героя Матильды,lengthCategory,long,null
zhozefina-mechtaet-o-druge,Жозефина мечтает о друге,pages,3726,null
zhozefina-mechtaet-o-druge,Жозефина мечтает о друге,lengthCategory,long,null
zhozefina-mechtaet-o-more,Жозефина мечтает о море,pages,3726,null
zhozefina-mechtaet-o-more,Жозефина мечтает о море,lengthCategory,long,null
stihi-o-tsvetah,Стихи о цветах,pages,3726,null
stihi-o-tsvetah,Стихи о цветах,lengthCategory,long,null
tilda-yablochnoe-semechko-bolshoy-perepoloh,Тильда Яблочное Семечко. Большой переполох,pages,3726,null
tilda-yablochnoe-semechko-bolshoy-perepoloh,Тильда Яблочное Семечко. Большой переполох,lengthCategory,long,null
zhil-na-svete-barsuk,Жил на свете Барсук,pages,3726,null
zhil-na-svete-barsuk,Жил на свете Барсук,lengthCategory,long,null
istorii-dyadyushki-duba-kniga-2-serdtse,Истории Дядюшки Дуба. Книга 2. Сердце,pages,3726,null
istorii-dyadyushki-duba-kniga-2-serdtse,Истории Дядюшки Дуба. Книга 2. Сердце,lengthCategory,long,null
madam-badubeda,Мадам Бадубеда,pages,3726,null
madam-badubeda,Мадам Бадубеда,lengthCategory,long,null
moh-istoriya-odnogo-psa,Мох. История одного пса,pages,3726,null
moh-istoriya-odnogo-psa,Мох. История одного пса,lengthCategory,long,null
proisshestvie-v-kuryatnike,Происшествие в курятнике,pages,3726,null
proisshestvie-v-kuryatnike,Происшествие в курятнике,lengthCategory,long,null
v-poiskah-volka,В поисках Волка,pages,3726,null
v-poiskah-volka,В поисках Волка,lengthCategory,long,null
yaroshtorm,Ярошторм,pages,3726,null
yaroshtorm,Ярошторм,lengthCategory,long,null
drug-nepohozhiy-na-drugih,"Друг, непохожий на других",pages,3726,null
drug-nepohozhiy-na-drugih,"Друг, непохожий на других",lengthCategory,long,null
tilda-yablochnoe-semechko-veter-priklyucheniy,Тильда Яблочное Семечко. Ветер приключений,pages,3726,null
tilda-yablochnoe-semechko-veter-priklyucheniy,Тильда Яблочное Семечко. Ветер приключений,lengthCategory,long,null
istoriya-severnogo-kruga,История Северного круга,pages,3726,null
istoriya-severnogo-kruga,История Северного круга,lengthCategory,long,null
stertyy,Стёртый,pages,3726,null
stertyy,Стёртый,lengthCategory,long,null
ya-zabyla-vse-na-svete,Я забыла все на свете,pages,3726,null
ya-zabyla-vse-na-svete,Я забыла все на свете,lengthCategory,long,null
istorii-dyadyushki-duba-kniga-1-vstrecha,Истории Дядюшки Дуба. Книга 1. Встреча,pages,3726,null
istorii-dyadyushki-duba-kniga-1-vstrecha,Истории Дядюшки Дуба. Книга 1. Встреча,lengthCategory,long,null
tilda-yablochnoe-semechko-kuda-propal-rupert,Тильда Яблочное Семечко. Куда пропал Руперт?,pages,3726,null
tilda-yablochnoe-semechko-kuda-propal-rupert,Тильда Яблочное Семечко. Куда пропал Руперт?,lengthCategory,long,null
hilda-i-taynoe-ubezhische,Хильда и тайное убежище,pages,3726,null
hilda-i-taynoe-ubezhische,Хильда и тайное убежище,lengthCategory,long,null
nika-prevraschaetsya,Ника превращается,pages,3726,null
nika-prevraschaetsya,Ника превращается,lengthCategory,long,null
myshonok-po-imeni-dzhulian,Мышонок по имени Джулиан,pages,3726,null
myshonok-po-imeni-dzhulian,Мышонок по имени Джулиан,lengthCategory,long,null
bolshoy-vopros-malenkogo-hameleona,Большой вопрос маленького хамелеона,ageLabel,2–4 лет,2–4 года
bolshoy-vopros-malenkogo-hameleona,Большой вопрос маленького хамелеона,pages,3726,null
bolshoy-vopros-malenkogo-hameleona,Большой вопрос маленького хамелеона,lengthCategory,long,null
ne-opazdyvay-medved,"Не опаздывай, Медведь!",pages,3726,null
ne-opazdyvay-medved,"Не опаздывай, Медведь!",lengthCategory,long,null
plemya-zippoli,Племя Зипполи,pages,3726,null
plemya-zippoli,Племя Зипполи,lengthCategory,long,null
odnazhdy-lunnoy-nochyu,Однажды лунной ночью,ageLabel,2–4 лет,2–4 года
odnazhdy-lunnoy-nochyu,Однажды лунной ночью,pages,3726,null
odnazhdy-lunnoy-nochyu,Однажды лунной ночью,lengthCategory,long,null
sirius,Сириус,pages,3726,null
sirius,Сириус,lengthCategory,long,null
vzaperti,Взаперти,pages,3726,null
vzaperti,Взаперти,lengthCategory,long,null
koshachiy-cherdak,Кошачий чердак,pages,3726,null
koshachiy-cherdak,Кошачий чердак,lengthCategory,long,null
rozhdestvo-i-novyy-god,Рождество и Новый год,pages,3726,null
rozhdestvo-i-novyy-god,Рождество и Новый год,lengthCategory,long,null
hilda-i-bolshoy-parad,Хильда и Большой парад,pages,3726,null
hilda-i-bolshoy-parad,Хильда и Большой парад,lengthCategory,long,null
volk-po-imeni-strannik,Волк по имени Странник,pages,3726,null
volk-po-imeni-strannik,Волк по имени Странник,lengthCategory,long,null
pervyy-sneg,Первый снег,pages,3726,null
pervyy-sneg,Первый снег,lengthCategory,long,null
v-dome-slon,В доме слон!,ageLabel,2–4 лет,2–4 года
v-dome-slon,В доме слон!,pages,3726,null
v-dome-slon,В доме слон!,lengthCategory,long,null
privet-eto-my,"Привет, это мы!",pages,3726,null
privet-eto-my,"Привет, это мы!",lengthCategory,long,null
a-u-nashey-koshki-est-babushka,А у нашей кошки есть бабушка?,pages,3726,null
a-u-nashey-koshki-est-babushka,А у нашей кошки есть бабушка?,lengthCategory,long,null
slon,Слон,pages,3726,null
slon,Слон,lengthCategory,long,null
dusya-i-porosenok-bobik,Дуся и Поросёнок Бобик,pages,3726,null
dusya-i-porosenok-bobik,Дуся и Поросёнок Бобик,lengthCategory,long,null
tonkiy-mech,Тонкий меч,pages,3726,null
tonkiy-mech,Тонкий меч,lengthCategory,long,null
pes-proglotivshiy-mir,"Пёс, проглотивший мир",pages,3726,null
pes-proglotivshiy-mir,"Пёс, проглотивший мир",lengthCategory,long,null
iskrenne-vash-zhiraf,"Искренне ваш, Жираф",pages,3726,null
iskrenne-vash-zhiraf,"Искренне ваш, Жираф",lengthCategory,long,null
zagadka-propavshey-kamei,Загадка пропавшей камеи,pages,3726,null
zagadka-propavshey-kamei,Загадка пропавшей камеи,lengthCategory,long,null
luchshiy-podarok-dlya-mamy,Лучший подарок для мамы,pages,3726,null
luchshiy-podarok-dlya-mamy,Лучший подарок для мамы,lengthCategory,long,null
krasivaya-kniga-o-more,Красивая книга о море,pages,3726,null
krasivaya-kniga-o-more,Красивая книга о море,lengthCategory,long,null
spasenie-dikogo-robota,Спасение Дикого Робота,pages,3726,null
spasenie-dikogo-robota,Спасение Дикого Робота,lengthCategory,long,null
s-vozvrascheniem-tikki,"С возвращением, Тикки!",pages,3726,null
s-vozvrascheniem-tikki,"С возвращением, Тикки!",lengthCategory,long,null
monti,Монти,pages,3726,null
monti,Монти,lengthCategory,long,null
hilda-i-nevidimyy-narodets,Хильда и невидимый народец,pages,3726,null
hilda-i-nevidimyy-narodets,Хильда и невидимый народец,lengthCategory,long,null
spokoynoy-nochi-miyuki,"Спокойной ночи, Миюки!",pages,3726,null
spokoynoy-nochi-miyuki,"Спокойной ночи, Миюки!",lengthCategory,long,null
miyuki-postoy,"Миюки, постой!",pages,3726,null
miyuki-postoy,"Миюки, постой!",lengthCategory,long,null
poteryal-myshonok-son,Потерял Мышонок сон...,pages,3726,null
poteryal-myshonok-son,Потерял Мышонок сон...,lengthCategory,long,null
pasha-i-papa-govoryat-o-zhivotnyh,Паша и папа говорят о животных,pages,3726,null
pasha-i-papa-govoryat-o-zhivotnyh,Паша и папа говорят о животных,lengthCategory,long,null
nochnye-rytsari,Ночные рыцари,pages,3726,null
nochnye-rytsari,Ночные рыцари,lengthCategory,long,null
zdravstvuyte-mister-hlad,"Здравствуйте, мистер Хлад",pages,3726,null
zdravstvuyte-mister-hlad,"Здравствуйте, мистер Хлад",lengthCategory,long,null
lyublyu-mama,Люблю. Мама,pages,3726,null
lyublyu-mama,Люблю. Мама,lengthCategory,long,null
nastoyaschiy-korablik,Настоящий кораблик,pages,3726,null
nastoyaschiy-korablik,Настоящий кораблик,lengthCategory,long,null
365-pingvinov,365 пингвинов,pages,3726,null
365-pingvinov,365 пингвинов,lengthCategory,long,null
igrushechnye-rasskazy,Игрушечные рассказы,ageLabel,2–3 лет,2–3 года
igrushechnye-rasskazy,Игрушечные рассказы,pages,3726,null
igrushechnye-rasskazy,Игрушечные рассказы,lengthCategory,long,null
motsart-i-robinzon-volshebstvo-syrnoy-luny,Моцарт и Робинзон. Волшебство сырной луны,pages,3726,null
motsart-i-robinzon-volshebstvo-syrnoy-luny,Моцарт и Робинзон. Волшебство сырной луны,lengthCategory,long,null
motsart-i-robinzon-derzkiy-blinnyy-plan,Моцарт и Робинзон. Дерзкий блинный план,pages,3726,null
motsart-i-robinzon-derzkiy-blinnyy-plan,Моцарт и Робинзон. Дерзкий блинный план,lengthCategory,long,null
motsart-i-robinzon-pochti-neobitaemyy-ostrov,Моцарт и Робинзон. Почти необитаемый остров,pages,3726,null
motsart-i-robinzon-pochti-neobitaemyy-ostrov,Моцарт и Робинзон. Почти необитаемый остров,lengthCategory,long,null
prints-i-svintus,Принц и Свинтус,pages,3726,null
prints-i-svintus,Принц и Свинтус,lengthCategory,long,null
ya-ne-tvoya-mama,Я не твоя мама,pages,3726,null
ya-ne-tvoya-mama,Я не твоя мама,lengthCategory,long,null
dom,Дом,pages,3726,null
dom,Дом,lengthCategory,long,null
bayu-bay-do-utra,"Баю-бай, до утра!",pages,3726,null
bayu-bay-do-utra,"Баю-бай, до утра!",lengthCategory,long,null
vozvraschenie,Возвращение,pages,3726,null
vozvraschenie,Возвращение,lengthCategory,long,null
uroki-lva,Уроки льва,pages,3726,null
uroki-lva,Уроки льва,lengthCategory,long,null
dom-dlya-lis,Дом для лис,pages,3726,null
dom-dlya-lis,Дом для лис,lengthCategory,long,null
priklyuchenie,Приключение,pages,3726,null
priklyuchenie,Приключение,lengthCategory,long,null
chey-bok,Чей бок?,pages,3726,null
chey-bok,Чей бок?,lengthCategory,long,null
osennie-istorii-pro-miru-i-goshu,Осенние истории про Миру и Гошу,pages,3726,null
osennie-istorii-pro-miru-i-goshu,Осенние истории про Миру и Гошу,lengthCategory,long,null
malenkiy-duh-schastya,Маленький дух счастья,pages,3726,null
malenkiy-duh-schastya,Маленький дух счастья,lengthCategory,long,null
hilda-i-tvig-progulka-pod-dozhdem,Хильда и Твиг. Прогулка под дождём,pages,3726,null
hilda-i-tvig-progulka-pod-dozhdem,Хильда и Твиг. Прогулка под дождём,lengthCategory,long,null
duh-chernilnitsy,Дух чернильницы,pages,3726,null
duh-chernilnitsy,Дух чернильницы,lengthCategory,long,null
puteshestvie-alisy-il-l-gamartsa,Путешествие Алисы (ил. Л. Гамарца),title,Путешествие Алисы (ил. Л. Гамарца),Путешествие Алисы
puteshestvie-alisy-il-l-gamartsa,Путешествие Алисы (ил. Л. Гамарца),editionNote,null,ил. Л. Гамарца
puteshestvie-alisy-il-l-gamartsa,Путешествие Алисы (ил. Л. Гамарца),author,Кир Булычев,Кир Булычёв
zagadka-sekretnoy-komnaty-3,Загадка секретной комнаты (#3),pages,3,null
zagadka-sekretnoy-komnaty-3,Загадка секретной комнаты (#3),lengthCategory,very-short,null
zagadka-sekretnoy-komnaty-3,Загадка секретной комнаты (#3),title,Загадка секретной комнаты (#3),Загадка секретной комнаты
zagadka-sekretnoy-komnaty-3,Загадка секретной комнаты (#3),seriesNumber,null,3
yarmarka-zakrytyh-dverey-8,Ярмарка закрытых дверей (#8),title,Ярмарка закрытых дверей (#8),Ярмарка закрытых дверей
yarmarka-zakrytyh-dverey-8,Ярмарка закрытых дверей (#8),seriesNumber,null,8
tayna-propavshey-zhemchuzhiny-1,Тайна пропавшей жемчужины (#1),pages,1,null
tayna-propavshey-zhemchuzhiny-1,Тайна пропавшей жемчужины (#1),lengthCategory,very-short,null
tayna-propavshey-zhemchuzhiny-1,Тайна пропавшей жемчужины (#1),title,Тайна пропавшей жемчужины (#1),Тайна пропавшей жемчужины
tayna-propavshey-zhemchuzhiny-1,Тайна пропавшей жемчужины (#1),seriesNumber,null,1
vsadnik-bez-golovy-il-n-ustinova,Всадник без головы (ил. Н. Устинова),title,Всадник без головы (ил. Н. Устинова),Всадник без головы
vsadnik-bez-golovy-il-n-ustinova,Всадник без головы (ил. Н. Устинова),editionNote,null,ил. Н. Устинова
tainstvennyy-shepot-2,Таинственный шепот (#2),pages,2,null
tainstvennyy-shepot-2,Таинственный шепот (#2),lengthCategory,very-short,null
tainstvennyy-shepot-2,Таинственный шепот (#2),title,Таинственный шепот (#2),Таинственный шепот
tainstvennyy-shepot-2,Таинственный шепот (#2),seriesNumber,null,2
malenkiy-krasnyy-traktor-i-parovozik-il-f-gossensa,Маленький красный Трактор и паровозик (ил. Ф. Госсенса),ageLabel,3–4 лет,3–4 года
malenkiy-krasnyy-traktor-i-parovozik-il-f-gossensa,Маленький красный Трактор и паровозик (ил. Ф. Госсенса),pages,5,null
malenkiy-krasnyy-traktor-i-parovozik-il-f-gossensa,Маленький красный Трактор и паровозик (ил. Ф. Госсенса),lengthCategory,very-short,null
malenkiy-krasnyy-traktor-i-parovozik-il-f-gossensa,Маленький красный Трактор и паровозик (ил. Ф. Госсенса),title,Маленький красный Трактор и паровозик (ил. Ф. Госсенса),Маленький красный Трактор и паровозик
malenkiy-krasnyy-traktor-i-parovozik-il-f-gossensa,Маленький красный Трактор и паровозик (ил. Ф. Госсенса),editionNote,null,ил. Ф. Госсенса
karandash-i-samodelkin-v-derevne-kozyavkino-il-yu-yakunina,Карандаш и Самоделкин в деревне Козявкино (ил. Ю. Якунина),title,Карандаш и Самоделкин в деревне Козявкино (ил. Ю. Якунина),Карандаш и Самоделкин в деревне Козявкино
karandash-i-samodelkin-v-derevne-kozyavkino-il-yu-yakunina,Карандаш и Самоделкин в деревне Козявкино (ил. Ю. Якунина),editionNote,null,ил. Ю. Якунина
krasnaya-shapochka-i-drugie-skazki-il-yu-goncharovoy,Красная Шапочка и другие сказки (ил. Ю. Гончаровой),title,Красная Шапочка и другие сказки (ил. Ю. Гончаровой),Красная Шапочка и другие сказки
krasnaya-shapochka-i-drugie-skazki-il-yu-goncharovoy,Красная Шапочка и другие сказки (ил. Ю. Гончаровой),editionNote,null,ил. Ю. Гончаровой
oliver-tvist-il-e-orehovoy,Оливер Твист (ил. Е. Ореховой),title,Оливер Твист (ил. Е. Ореховой),Оливер Твист
oliver-tvist-il-e-orehovoy,Оливер Твист (ил. Е. Ореховой),editionNote,null,ил. Е. Ореховой
priklyucheniya-karandasha-i-samodelkina-il-a-eliseeva,Приключения Карандаша и Самоделкина (ил. А. Елисеева),title,Приключения Карандаша и Самоделкина (ил. А. Елисеева),Приключения Карандаша и Самоделкина
priklyucheniya-karandasha-i-samodelkina-il-a-eliseeva,Приключения Карандаша и Самоделкина (ил. А. Елисеева),editionNote,null,ил. А. Елисеева
volshebnaya-shkola-karandasha-i-samodelkina-il-a-eliseeva,Волшебная школа Карандаша и Самоделкина (ил. А. Елисеева),title,Волшебная школа Карандаша и Самоделкина (ил. А. Елисеева),Волшебная школа Карандаша и Самоделкина
volshebnaya-shkola-karandasha-i-samodelkina-il-a-eliseeva,Волшебная школа Карандаша и Самоделкина (ил. А. Елисеева),editionNote,null,ил. А. Елисеева
ya-rastu-stihi-il-a-ilchenko,Я расту. Стихи (ил. А. Ильченко),title,Я расту. Стихи (ил. А. Ильченко),Я расту. Стихи
ya-rastu-stihi-il-a-ilchenko,Я расту. Стихи (ил. А. Ильченко),editionNote,null,ил. А. Ильченко
operatsiya-prizrak-iz-kamina-7,Операция «Призрак из камина» (#7),pages,7,null
operatsiya-prizrak-iz-kamina-7,Операция «Призрак из камина» (#7),lengthCategory,very-short,null
operatsiya-prizrak-iz-kamina-7,Операция «Призрак из камина» (#7),title,Операция «Призрак из камина» (#7),Операция «Призрак из камина»
operatsiya-prizrak-iz-kamina-7,Операция «Призрак из камина» (#7),seriesNumber,null,7
malenkaya-politseyskaya-mashinka-i-propavshee-morozhenoe-il-r-amtora,Маленькая полицейская машинка и пропавшее мороженое (ил. Р. Амтора),ageLabel,3–4 лет,3–4 года
malenkaya-politseyskaya-mashinka-i-propavshee-morozhenoe-il-r-amtora,Маленькая полицейская машинка и пропавшее мороженое (ил. Р. Амтора),pages,3,null
malenkaya-politseyskaya-mashinka-i-propavshee-morozhenoe-il-r-amtora,Маленькая полицейская машинка и пропавшее мороженое (ил. Р. Амтора),lengthCategory,very-short,null
malenkaya-politseyskaya-mashinka-i-propavshee-morozhenoe-il-r-amtora,Маленькая полицейская машинка и пропавшее мороженое (ил. Р. Амтора),title,Маленькая полицейская машинка и пропавшее мороженое (ил. Р. Амтора),Маленькая полицейская машинка и пропавшее мороженое
malenkaya-politseyskaya-mashinka-i-propavshee-morozhenoe-il-r-amtora,Маленькая полицейская машинка и пропавшее мороженое (ил. Р. Амтора),editionNote,null,ил. Р. Амтора
podvigi-gerakla-il-a-vlasovoy,Подвиги Геракла (ил. А. Власовой),title,Подвиги Геракла (ил. А. Власовой),Подвиги Геракла
podvigi-gerakla-il-a-vlasovoy,Подвиги Геракла (ил. А. Власовой),editionNote,null,ил. А. Власовой
malenkiy-krasnyy-traktor-s-dnem-rozhdeniya-il-f-gossensa,"Маленький красный Трактор, с днем рождения! (ил. Ф. Госсенса)",ageLabel,3–4 лет,3–4 года
malenkiy-krasnyy-traktor-s-dnem-rozhdeniya-il-f-gossensa,"Маленький красный Трактор, с днем рождения! (ил. Ф. Госсенса)",title,"Маленький красный Трактор, с днем рождения! (ил. Ф. Госсенса)","Маленький красный Трактор, с днем рождения!"
malenkiy-krasnyy-traktor-s-dnem-rozhdeniya-il-f-gossensa,"Маленький красный Трактор, с днем рождения! (ил. Ф. Госсенса)",editionNote,null,ил. Ф. Госсенса
skazka-o-poteryannom-vremeni-il-e-komrakovoy,Сказка о потерянном времени (ил. Е. Комраковой),title,Сказка о потерянном времени (ил. Е. Комраковой),Сказка о потерянном времени
skazka-o-poteryannom-vremeni-il-e-komrakovoy,Сказка о потерянном времени (ил. Е. Комраковой),editionNote,null,ил. Е. Комраковой
vse-deniskiny-rasskazy-il-n-balandinoy,Все Денискины рассказы (ил. Н. Баландиной),title,Все Денискины рассказы (ил. Н. Баландиной),Все Денискины рассказы
vse-deniskiny-rasskazy-il-n-balandinoy,Все Денискины рассказы (ил. Н. Баландиной),editionNote,null,ил. Н. Баландиной
dnevnik-bekona-iz-robloks-udaleno-kniga-7,Дневник Бекона из Роблокс. Удалено! Книга 7,pages,7,null
dnevnik-bekona-iz-robloks-udaleno-kniga-7,Дневник Бекона из Роблокс. Удалено! Книга 7,lengthCategory,very-short,null
tayna-starogo-shkafa-4,Тайна старого шкафа (#4),pages,4,null
tayna-starogo-shkafa-4,Тайна старого шкафа (#4),lengthCategory,very-short,null
tayna-starogo-shkafa-4,Тайна старого шкафа (#4),title,Тайна старого шкафа (#4),Тайна старого шкафа
tayna-starogo-shkafa-4,Тайна старого шкафа (#4),seriesNumber,null,4
malenkiy-musorovoz-i-tayna-ukradennyh-gazet-il-r-amtora,Маленький мусоровоз и тайна украденных газет (ил. Р. Амтора),title,Маленький мусоровоз и тайна украденных газет (ил. Р. Амтора),Маленький мусоровоз и тайна украденных газет
malenkiy-musorovoz-i-tayna-ukradennyh-gazet-il-r-amtora,Маленький мусоровоз и тайна украденных газет (ил. Р. Амтора),editionNote,null,ил. Р. Амтора
malenkiy-krasnyy-traktor-i-pobeda-nad-strahom-il-f-gossensa,Маленький красный Трактор и победа над страхом (ил. Ф. Госсенса),ageLabel,3–4 лет,3–4 года
malenkiy-krasnyy-traktor-i-pobeda-nad-strahom-il-f-gossensa,Маленький красный Трактор и победа над страхом (ил. Ф. Госсенса),title,Маленький красный Трактор и победа над страхом (ил. Ф. Госсенса),Маленький красный Трактор и победа над страхом
malenkiy-krasnyy-traktor-i-pobeda-nad-strahom-il-f-gossensa,Маленький красный Трактор и победа над страхом (ил. Ф. Госсенса),editionNote,null,ил. Ф. Госсенса
vovkiny-rasskazy-edem-na-yug-vypusk-2-dlya-detey,Вовкины рассказы. Едем на Юг. Выпуск № 2 для детей,pages,2,null
vovkiny-rasskazy-edem-na-yug-vypusk-2-dlya-detey,Вовкины рассказы. Едем на Юг. Выпуск № 2 для детей,lengthCategory,very-short,null
novogodniy-domik-dlya-myshki-il-r-harri,Новогодний домик для Мышки (ил. Р. Харри),title,Новогодний домик для Мышки (ил. Р. Харри),Новогодний домик для Мышки
novogodniy-domik-dlya-myshki-il-r-harri,Новогодний домик для Мышки (ил. Р. Харри),editionNote,null,ил. Р. Харри
chto-sluchilos-na-rozhdestvo-il-k-hansen,Что случилось на Рождество (ил. К. Хансен),title,Что случилось на Рождество (ил. К. Хансен),Что случилось на Рождество
chto-sluchilos-na-rozhdestvo-il-k-hansen,Что случилось на Рождество (ил. К. Хансен),editionNote,null,ил. К. Хансен
zlaya-kniga-2-novoe-oformlenie,Злая книга 2 (новое оформление),pages,2,null
zlaya-kniga-2-novoe-oformlenie,Злая книга 2 (новое оформление),lengthCategory,very-short,null
delo-ozhivshih-kukol-6,Дело оживших кукол (#6),pages,6,null
delo-ozhivshih-kukol-6,Дело оживших кукол (#6),lengthCategory,very-short,null
delo-ozhivshih-kukol-6,Дело оживших кукол (#6),title,Дело оживших кукол (#6),Дело оживших кукол
delo-ozhivshih-kukol-6,Дело оживших кукол (#6),seriesNumber,null,6
legenda-o-proklyatom-komode-5,Легенда о проклятом комоде (#5),pages,5,null
legenda-o-proklyatom-komode-5,Легенда о проклятом комоде (#5),lengthCategory,very-short,null
legenda-o-proklyatom-komode-5,Легенда о проклятом комоде (#5),title,Легенда о проклятом комоде (#5),Легенда о проклятом комоде
legenda-o-proklyatom-komode-5,Легенда о проклятом комоде (#5),seriesNumber,null,5
rozhdenie-magicheskih-suschestv-chast-1,Рождение магических существ. Часть 1,pages,1,null
rozhdenie-magicheskih-suschestv-chast-1,Рождение магических существ. Часть 1,lengthCategory,very-short,null
malenkiy-krasnyy-traktor-i-lesnoe-priklyuchenie-il-f-gossensa,Маленький красный Трактор и лесное приключение (ил. Ф. Госсенса),ageLabel,3–4 лет,3–4 года
malenkiy-krasnyy-traktor-i-lesnoe-priklyuchenie-il-f-gossensa,Маленький красный Трактор и лесное приключение (ил. Ф. Госсенса),title,Маленький красный Трактор и лесное приключение (ил. Ф. Госсенса),Маленький красный Трактор и лесное приключение
malenkiy-krasnyy-traktor-i-lesnoe-priklyuchenie-il-f-gossensa,Маленький красный Трактор и лесное приключение (ил. Ф. Госсенса),editionNote,null,ил. Ф. Госсенса
malenkaya-zlaya-kniga-kniga-advent-2,Маленькая злая книга. Книга-адвент 2,pages,2,null
malenkaya-zlaya-kniga-kniga-advent-2,Маленькая злая книга. Книга-адвент 2,lengthCategory,very-short,null
deti-lesa-prevraschenie-karaga-1,Дети леса. Превращение Карага (#1),pages,1,null
deti-lesa-prevraschenie-karaga-1,Дети леса. Превращение Карага (#1),lengthCategory,very-short,null
deti-lesa-prevraschenie-karaga-1,Дети леса. Превращение Карага (#1),title,Дети леса. Превращение Карага (#1),Дети леса. Превращение Карага
deti-lesa-prevraschenie-karaga-1,Дети леса. Превращение Карага (#1),seriesNumber,null,1
detektiv-iz-robloks-prizrak-goroda-blokvyu-middl-kniga-1,Детектив из Роблокс. Призрак города Блоквью Миддл. Книга 1,pages,1,null
detektiv-iz-robloks-prizrak-goroda-blokvyu-middl-kniga-1,Детектив из Роблокс. Призрак города Блоквью Миддл. Книга 1,lengthCategory,very-short,null
skazki-dyadyushki-rimusa-il-i-petelinoy,Сказки дядюшки Римуса (ил. И. Петелиной),title,Сказки дядюшки Римуса (ил. И. Петелиной),Сказки дядюшки Римуса
skazki-dyadyushki-rimusa-il-i-petelinoy,Сказки дядюшки Римуса (ил. И. Петелиной),editionNote,null,ил. И. Петелиной
volshebnik-izumrudnogo-goroda-il-a-vlasovoy-1,Волшебник Изумрудного города (ил. А. Власовой) (#1),pages,1,null
volshebnik-izumrudnogo-goroda-il-a-vlasovoy-1,Волшебник Изумрудного города (ил. А. Власовой) (#1),lengthCategory,very-short,null
volshebnik-izumrudnogo-goroda-il-a-vlasovoy-1,Волшебник Изумрудного города (ил. А. Власовой) (#1),title,Волшебник Изумрудного города (ил. А. Власовой) (#1),Волшебник Изумрудного города
volshebnik-izumrudnogo-goroda-il-a-vlasovoy-1,Волшебник Изумрудного города (ил. А. Власовой) (#1),editionNote,null,ил. А. Власовой
volshebnik-izumrudnogo-goroda-il-a-vlasovoy-1,Волшебник Изумрудного города (ил. А. Власовой) (#1),seriesNumber,null,1
detektiv-iz-robloks-mezhdu-mirami-kniga-6,Детектив из Роблокс. Между мирами. Книга 6,pages,6,null
detektiv-iz-robloks-mezhdu-mirami-kniga-6,Детектив из Роблокс. Между мирами. Книга 6,lengthCategory,very-short,null
malenkiy-vertolet-i-smelost-v-serdtse-il-r-amtora,Маленький вертолет и смелость в сердце (ил. Р. Амтора),title,Маленький вертолет и смелость в сердце (ил. Р. Амтора),Маленький вертолет и смелость в сердце
malenkiy-vertolet-i-smelost-v-serdtse-il-r-amtora,Маленький вертолет и смелость в сердце (ил. Р. Амтора),editionNote,null,ил. Р. Амтора
malenkiy-krasnyy-traktor-i-samolet-il-f-gossensa,Маленький красный Трактор и самолет (ил. Ф. Госсенса),ageLabel,3–4 лет,3–4 года
malenkiy-krasnyy-traktor-i-samolet-il-f-gossensa,Маленький красный Трактор и самолет (ил. Ф. Госсенса),title,Маленький красный Трактор и самолет (ил. Ф. Госсенса),Маленький красный Трактор и самолет
malenkiy-krasnyy-traktor-i-samolet-il-f-gossensa,Маленький красный Трактор и самолет (ил. Ф. Госсенса),editionNote,null,ил. Ф. Госсенса
volshebnik-iz-strany-oz-il-syue-tszin,Волшебник из страны Оз (ил. Сюэ Цзинь),title,Волшебник из страны Оз (ил. Сюэ Цзинь),Волшебник из страны Оз
volshebnik-iz-strany-oz-il-syue-tszin,Волшебник из страны Оз (ил. Сюэ Цзинь),editionNote,null,ил. Сюэ Цзинь
deti-lesa-opasnaya-druzhba-2,Дети леса. Опасная дружба (#2),pages,2,null
deti-lesa-opasnaya-druzhba-2,Дети леса. Опасная дружба (#2),lengthCategory,very-short,null
deti-lesa-opasnaya-druzhba-2,Дети леса. Опасная дружба (#2),title,Дети леса. Опасная дружба (#2),Дети леса. Опасная дружба
deti-lesa-opasnaya-druzhba-2,Дети леса. Опасная дружба (#2),seriesNumber,null,2
deti-lesa-mest-pumy-4,Дети леса. Месть пумы (#4),pages,4,null
deti-lesa-mest-pumy-4,Дети леса. Месть пумы (#4),lengthCategory,very-short,null
deti-lesa-mest-pumy-4,Дети леса. Месть пумы (#4),title,Дети леса. Месть пумы (#4),Дети леса. Месть пумы
deti-lesa-mest-pumy-4,Дети леса. Месть пумы (#4),seriesNumber,null,4
karandash-i-samodelkin-v-strane-piramid-il-yu-yakunina,Карандаш и Самоделкин в Стране пирамид (ил. Ю. Якунина),title,Карандаш и Самоделкин в Стране пирамид (ил. Ю. Якунина),Карандаш и Самоделкин в Стране пирамид
karandash-i-samodelkin-v-strane-piramid-il-yu-yakunina,Карандаш и Самоделкин в Стране пирамид (ил. Ю. Якунина),editionNote,null,ил. Ю. Якунина
agent-na-myagkih-lapah-1,Агент на мягких лапах (#1),pages,1,null
agent-na-myagkih-lapah-1,Агент на мягких лапах (#1),lengthCategory,very-short,null
agent-na-myagkih-lapah-1,Агент на мягких лапах (#1),title,Агент на мягких лапах (#1),Агент на мягких лапах
agent-na-myagkih-lapah-1,Агент на мягких лапах (#1),seriesNumber,null,1
malenkiy-krasnyy-traktor-i-novogodnyaya-elka-il-f-gossensa,Маленький красный Трактор и новогодняя елка (ил. Ф. Госсенса),ageLabel,3–4 лет,3–4 года
malenkiy-krasnyy-traktor-i-novogodnyaya-elka-il-f-gossensa,Маленький красный Трактор и новогодняя елка (ил. Ф. Госсенса),title,Маленький красный Трактор и новогодняя елка (ил. Ф. Госсенса),Маленький красный Трактор и новогодняя елка
malenkiy-krasnyy-traktor-i-novogodnyaya-elka-il-f-gossensa,Маленький красный Трактор и новогодняя елка (ил. Ф. Госсенса),editionNote,null,ил. Ф. Госсенса
dnevnik-bekona-iz-robloks-minuta-slavy-kniga-4,Дневник Бекона из Роблокс. Минута славы. Книга 4,pages,4,null
dnevnik-bekona-iz-robloks-minuta-slavy-kniga-4,Дневник Бекона из Роблокс. Минута славы. Книга 4,lengthCategory,very-short,null
pozharnaya-mashinka-i-vera-v-sebya-il-r-amtora,Пожарная машинка и вера в себя (ил. Р. Амтора),ageLabel,3–4 лет,3–4 года
pozharnaya-mashinka-i-vera-v-sebya-il-r-amtora,Пожарная машинка и вера в себя (ил. Р. Амтора),title,Пожарная машинка и вера в себя (ил. Р. Амтора),Пожарная машинка и вера в себя
pozharnaya-mashinka-i-vera-v-sebya-il-r-amtora,Пожарная машинка и вера в себя (ил. Р. Амтора),editionNote,null,ил. Р. Амтора
malenkiy-krasnyy-traktor-i-sekret-nastoyaschego-schastya-il-r-amtora,Маленький красный Трактор и секрет настоящего счастья (ил. Р. Амтора),ageLabel,3–4 лет,3–4 года
malenkiy-krasnyy-traktor-i-sekret-nastoyaschego-schastya-il-r-amtora,Маленький красный Трактор и секрет настоящего счастья (ил. Р. Амтора),title,Маленький красный Трактор и секрет настоящего счастья (ил. Р. Амтора),Маленький красный Трактор и секрет настоящего счастья
malenkiy-krasnyy-traktor-i-sekret-nastoyaschego-schastya-il-r-amtora,Маленький красный Трактор и секрет настоящего счастья (ил. Р. Амтора),editionNote,null,ил. Р. Амтора
deti-lesa-tayna-holli-3,Дети леса. Тайна Холли (#3),pages,3,null
deti-lesa-tayna-holli-3,Дети леса. Тайна Холли (#3),lengthCategory,very-short,null
deti-lesa-tayna-holli-3,Дети леса. Тайна Холли (#3),title,Дети леса. Тайна Холли (#3),Дети леса. Тайна Холли
deti-lesa-tayna-holli-3,Дети леса. Тайна Холли (#3),seriesNumber,null,3
borodino-stihotvoreniya-i-poemy-il-n-gavritskova,Бородино. Стихотворения и поэмы (ил. Н. Гаврицкова),title,Бородино. Стихотворения и поэмы (ил. Н. Гаврицкова),Бородино. Стихотворения и поэмы
borodino-stihotvoreniya-i-poemy-il-n-gavritskova,Бородино. Стихотворения и поэмы (ил. Н. Гаврицкова),editionNote,null,ил. Н. Гаврицкова
myaumyau-tom-2-zhizn-horosha-pravda,Мяумяу. Том 2. Жизнь хороша… Правда?,pages,2,null
myaumyau-tom-2-zhizn-horosha-pravda,Мяумяу. Том 2. Жизнь хороша… Правда?,lengthCategory,very-short,null
hroniki-narnii-il-p-beyns,Хроники Нарнии (ил. П. Бейнс),title,Хроники Нарнии (ил. П. Бейнс),Хроники Нарнии
hroniki-narnii-il-p-beyns,Хроники Нарнии (ил. П. Бейнс),editionNote,null,ил. П. Бейнс
hroniki-narnii-il-p-beyns,Хроники Нарнии (ил. П. Бейнс),author,Клайв С. Льюис,Клайв Стейплз Льюис
detektiv-iz-robloks-tayna-propavshey-kapsuly-kniga-5,Детектив из Роблокс. Тайна пропавшей капсулы. Книга 5,pages,5,null
detektiv-iz-robloks-tayna-propavshey-kapsuly-kniga-5,Детектив из Роблокс. Тайна пропавшей капсулы. Книга 5,lengthCategory,very-short,null
veselye-priklyucheniya-sobaki-dnevnik-foksa-mikki-il-a-eliseeva,Веселые приключения собаки. Дневник фокса Микки (ил. А. Елисеева),title,Веселые приключения собаки. Дневник фокса Микки (ил. А. Елисеева),Веселые приключения собаки. Дневник фокса Микки
veselye-priklyucheniya-sobaki-dnevnik-foksa-mikki-il-a-eliseeva,Веселые приключения собаки. Дневник фокса Микки (ил. А. Елисеева),editionNote,null,ил. А. Елисеева
veselye-priklyucheniya-sobaki-vsegda-vash-pes-buts-il-a-eliseeva,"Веселые приключения собаки. Всегда ваш, пес Бутс (ил. А. Елисеева)",title,"Веселые приключения собаки. Всегда ваш, пес Бутс (ил. А. Елисеева)","Веселые приключения собаки. Всегда ваш, пес Бутс"
veselye-priklyucheniya-sobaki-vsegda-vash-pes-buts-il-a-eliseeva,"Веселые приключения собаки. Всегда ваш, пес Бутс (ил. А. Елисеева)",editionNote,null,ил. А. Елисеева
malenkiy-krasnyy-traktor-i-novyy-drug-il-f-gossensa,Маленький красный Трактор и новый друг (ил. Ф. Госсенса),ageLabel,3–4 лет,3–4 года
malenkiy-krasnyy-traktor-i-novyy-drug-il-f-gossensa,Маленький красный Трактор и новый друг (ил. Ф. Госсенса),title,Маленький красный Трактор и новый друг (ил. Ф. Госсенса),Маленький красный Трактор и новый друг
malenkiy-krasnyy-traktor-i-novyy-drug-il-f-gossensa,Маленький красный Трактор и новый друг (ил. Ф. Госсенса),editionNote,null,ил. Ф. Госсенса
deti-lesa-sekret-sfinksa-5,Дети леса. Секрет сфинкса (#5),pages,5,null
deti-lesa-sekret-sfinksa-5,Дети леса. Секрет сфинкса (#5),lengthCategory,very-short,null
deti-lesa-sekret-sfinksa-5,Дети леса. Секрет сфинкса (#5),title,Дети леса. Секрет сфинкса (#5),Дети леса. Секрет сфинкса
deti-lesa-sekret-sfinksa-5,Дети леса. Секрет сфинкса (#5),seriesNumber,null,5
zolotaya-kollektsiya-skazok-il-e-shafranskoy,Золотая коллекция сказок (ил. Е. Шафранской),title,Золотая коллекция сказок (ил. Е. Шафранской),Золотая коллекция сказок
zolotaya-kollektsiya-skazok-il-e-shafranskoy,Золотая коллекция сказок (ил. Е. Шафранской),editionNote,null,ил. Е. Шафранской
priklyucheniya-barona-myunhgauzena-il-i-egunova,Приключения барона Мюнхгаузена (ил. И. Егунова),title,Приключения барона Мюнхгаузена (ил. И. Егунова),Приключения барона Мюнхгаузена
priklyucheniya-barona-myunhgauzena-il-i-egunova,Приключения барона Мюнхгаузена (ил. И. Егунова),editionNote,null,ил. И. Егунова
priklyucheniya-barona-myunhgauzena-il-i-egunova,Приключения барона Мюнхгаузена (ил. И. Егунова),author,Рудольф Распе,Рудольф Эрих Распе
snezhnaya-koroleva-il-martiny-peluzo,Снежная королева (ил. Мартины Пелузо),title,Снежная королева (ил. Мартины Пелузо),Снежная королева
snezhnaya-koroleva-il-martiny-peluzo,Снежная королева (ил. Мартины Пелузо),editionNote,null,ил. Мартины Пелузо
snezhnaya-koroleva-il-martiny-peluzo,Снежная королева (ил. Мартины Пелузо),author,Г.-Х. Андерсен,Ханс Кристиан Андерсен
santa-klaus-i-ego-priklyucheniya-il-mirti,Санта-Клаус и его приключения (ил. Мирти),title,Санта-Клаус и его приключения (ил. Мирти),Санта-Клаус и его приключения
santa-klaus-i-ego-priklyucheniya-il-mirti,Санта-Клаус и его приключения (ил. Мирти),editionNote,null,ил. Мирти
dnevnik-bekona-iz-robloks-novaya-shkola-kniga-1,Дневник Бекона из Роблокс. Новая школа. Книга 1,pages,1,null
dnevnik-bekona-iz-robloks-novaya-shkola-kniga-1,Дневник Бекона из Роблокс. Новая школа. Книга 1,lengthCategory,very-short,null
skazki-i-rasskazy-il-a-egunovoy,Сказки и рассказы (ил. А. Егуновой),title,Сказки и рассказы (ил. А. Егуновой),Сказки и рассказы
skazki-i-rasskazy-il-a-egunovoy,Сказки и рассказы (ил. А. Егуновой),editionNote,null,ил. А. Егуновой
piter-krolik-i-drugie-il-huamen-studio,Питер-кролик и другие (ил. Хуамен Студио),title,Питер-кролик и другие (ил. Хуамен Студио),Питер-кролик и другие
piter-krolik-i-drugie-il-huamen-studio,Питер-кролик и другие (ил. Хуамен Студио),editionNote,null,ил. Хуамен Студио
malenkiy-krasnyy-traktor-i-olenenok-il-f-gossensa,Маленький красный Трактор и олененок (ил. Ф. Госсенса),ageLabel,3–4 лет,3–4 года
malenkiy-krasnyy-traktor-i-olenenok-il-f-gossensa,Маленький красный Трактор и олененок (ил. Ф. Госсенса),title,Маленький красный Трактор и олененок (ил. Ф. Госсенса),Маленький красный Трактор и олененок
malenkiy-krasnyy-traktor-i-olenenok-il-f-gossensa,Маленький красный Трактор и олененок (ил. Ф. Госсенса),editionNote,null,ил. Ф. Госсенса
kapriya-tayna-klyucha,Каприя. Тайна ключа,pages,2,null
kapriya-tayna-klyucha,Каприя. Тайна ключа,lengthCategory,very-short,null
delo-1-nefritovyy-drakon,Дело №1. Нефритовый дракон,pages,1,null
delo-1-nefritovyy-drakon,Дело №1. Нефритовый дракон,lengthCategory,very-short,null
deti-morya-vodnyy-zagovor-2,Дети моря. Водный заговор (#2),pages,2,null
deti-morya-vodnyy-zagovor-2,Дети моря. Водный заговор (#2),lengthCategory,very-short,null
deti-morya-vodnyy-zagovor-2,Дети моря. Водный заговор (#2),title,Дети моря. Водный заговор (#2),Дети моря. Водный заговор
deti-morya-vodnyy-zagovor-2,Дети моря. Водный заговор (#2),seriesNumber,null,2
rikki-tikki-tavi-i-drugie-skazki-il-k-pavlovoy,Рикки-Тикки-Тави и другие сказки (ил. К. Павловой),title,Рикки-Тикки-Тави и другие сказки (ил. К. Павловой),Рикки-Тикки-Тави и другие сказки
rikki-tikki-tavi-i-drugie-skazki-il-k-pavlovoy,Рикки-Тикки-Тави и другие сказки (ил. К. Павловой),editionNote,null,ил. К. Павловой
tayna-ozera-2,Тайна озера (#2),pages,2,null
tayna-ozera-2,Тайна озера (#2),lengthCategory,very-short,null
tayna-ozera-2,Тайна озера (#2),title,Тайна озера (#2),Тайна озера
tayna-ozera-2,Тайна озера (#2),seriesNumber,null,2
deti-morya-sekrety-golubogo-rifa-5,Дети моря. Секреты «Голубого рифа» (#5),pages,5,null
deti-morya-sekrety-golubogo-rifa-5,Дети моря. Секреты «Голубого рифа» (#5),lengthCategory,very-short,null
deti-morya-sekrety-golubogo-rifa-5,Дети моря. Секреты «Голубого рифа» (#5),title,Дети моря. Секреты «Голубого рифа» (#5),Дети моря. Секреты «Голубого рифа»
deti-morya-sekrety-golubogo-rifa-5,Дети моря. Секреты «Голубого рифа» (#5),seriesNumber,null,5
malenkiy-krasnyy-traktor-i-pyatnistaya-korova-il-f-gossensa,Маленький красный Трактор и пятнистая корова (ил. Ф. Госсенса),ageLabel,3–4 лет,3–4 года
malenkiy-krasnyy-traktor-i-pyatnistaya-korova-il-f-gossensa,Маленький красный Трактор и пятнистая корова (ил. Ф. Госсенса),pages,5,null
malenkiy-krasnyy-traktor-i-pyatnistaya-korova-il-f-gossensa,Маленький красный Трактор и пятнистая корова (ил. Ф. Госсенса),lengthCategory,very-short,null
malenkiy-krasnyy-traktor-i-pyatnistaya-korova-il-f-gossensa,Маленький красный Трактор и пятнистая корова (ил. Ф. Госсенса),title,Маленький красный Трактор и пятнистая корова (ил. Ф. Госсенса),Маленький красный Трактор и пятнистая корова
malenkiy-krasnyy-traktor-i-pyatnistaya-korova-il-f-gossensa,Маленький красный Трактор и пятнистая корова (ил. Ф. Госсенса),editionNote,null,ил. Ф. Госсенса
dnevnik-bekona-iz-robloks-pyatnitsa-koshmarnitsa-kniga-3,Дневник Бекона из Роблокс. Пятница-кошмарница. Книга 3,pages,3,null
dnevnik-bekona-iz-robloks-pyatnitsa-koshmarnitsa-kniga-3,Дневник Бекона из Роблокс. Пятница-кошмарница. Книга 3,lengthCategory,very-short,null
malenkiy-muk-i-drugie-skazki-il-m-mitrofanova,Маленький Мук и другие сказки (ил. М. Митрофанова),title,Маленький Мук и другие сказки (ил. М. Митрофанова),Маленький Мук и другие сказки
malenkiy-muk-i-drugie-skazki-il-m-mitrofanova,Маленький Мук и другие сказки (ил. М. Митрофанова),editionNote,null,ил. М. Митрофанова
deti-morya-opasnye-volny-3,Дети моря. Опасные волны (#3),pages,3,null
deti-morya-opasnye-volny-3,Дети моря. Опасные волны (#3),lengthCategory,very-short,null
deti-morya-opasnye-volny-3,Дети моря. Опасные волны (#3),title,Дети моря. Опасные волны (#3),Дети моря. Опасные волны
deti-morya-opasnye-volny-3,Дети моря. Опасные волны (#3),seriesNumber,null,3
priklyucheniya-doistoricheskogo-malchika-il-v-kanivtsa,Приключения доисторического мальчика (ил. В. Канивца),title,Приключения доисторического мальчика (ил. В. Канивца),Приключения доисторического мальчика
priklyucheniya-doistoricheskogo-malchika-il-v-kanivtsa,Приключения доисторического мальчика (ил. В. Канивца),editionNote,null,ил. В. Канивца
sekret-elovyh-pisem-2,Секрет еловых писем (#2),pages,2,null
sekret-elovyh-pisem-2,Секрет еловых писем (#2),lengthCategory,very-short,null
sekret-elovyh-pisem-2,Секрет еловых писем (#2),title,Секрет еловых писем (#2),Секрет еловых писем
sekret-elovyh-pisem-2,Секрет еловых писем (#2),seriesNumber,null,2
chto-takoe-horosho-stihi-detyam-il-e-kuznetsovoy,Что такое хорошо? Стихи детям (ил. Е. Кузнецовой),title,Что такое хорошо? Стихи детям (ил. Е. Кузнецовой),Что такое хорошо? Стихи детям
chto-takoe-horosho-stihi-detyam-il-e-kuznetsovoy,Что такое хорошо? Стихи детям (ил. Е. Кузнецовой),editionNote,null,ил. Е. Кузнецовой
priklyucheniya-barona-myunhgauzena-il-n-ustinova,Приключения барона Мюнхгаузена (ил. Н. Устинова),title,Приключения барона Мюнхгаузена (ил. Н. Устинова),Приключения барона Мюнхгаузена
priklyucheniya-barona-myunhgauzena-il-n-ustinova,Приключения барона Мюнхгаузена (ил. Н. Устинова),editionNote,null,ил. Н. Устинова
deti-morya-tayna-kita-oborotnya-4,Дети моря. Тайна кита-оборотня (#4),pages,4,null
deti-morya-tayna-kita-oborotnya-4,Дети моря. Тайна кита-оборотня (#4),lengthCategory,very-short,null
deti-morya-tayna-kita-oborotnya-4,Дети моря. Тайна кита-оборотня (#4),title,Дети моря. Тайна кита-оборотня (#4),Дети моря. Тайна кита-оборотня
deti-morya-tayna-kita-oborotnya-4,Дети моря. Тайна кита-оборотня (#4),seriesNumber,null,4
zagadka-serebryanogo-zmeya-3,Загадка Серебряного Змея (#3),pages,3,null
zagadka-serebryanogo-zmeya-3,Загадка Серебряного Змея (#3),lengthCategory,very-short,null
zagadka-serebryanogo-zmeya-3,Загадка Серебряного Змея (#3),title,Загадка Серебряного Змея (#3),Загадка Серебряного Змея
zagadka-serebryanogo-zmeya-3,Загадка Серебряного Змея (#3),seriesNumber,null,3
puteshestvie-po-zvezdam-vypusk-4,Путешествие по звездам (выпуск 4),pages,4,null
puteshestvie-po-zvezdam-vypusk-4,Путешествие по звездам (выпуск 4),lengthCategory,very-short,null
zagadka-sbezhavshego-seyfa-3,Загадка сбежавшего сейфа (#3),pages,3,null
zagadka-sbezhavshego-seyfa-3,Загадка сбежавшего сейфа (#3),lengthCategory,very-short,null
zagadka-sbezhavshego-seyfa-3,Загадка сбежавшего сейфа (#3),title,Загадка сбежавшего сейфа (#3),Загадка сбежавшего сейфа
zagadka-sbezhavshego-seyfa-3,Загадка сбежавшего сейфа (#3),seriesNumber,null,3
skazki-gansa-hristiana-andersena-il-e-melnikovoy,Сказки Ганса Христиана Андерсена (ил. Е. Мельниковой),title,Сказки Ганса Христиана Андерсена (ил. Е. Мельниковой),Сказки Ганса Христиана Андерсена
skazki-gansa-hristiana-andersena-il-e-melnikovoy,Сказки Ганса Христиана Андерсена (ил. Е. Мельниковой),editionNote,null,ил. Е. Мельниковой
skazki-gansa-hristiana-andersena-il-e-melnikovoy,Сказки Ганса Христиана Андерсена (ил. Е. Мельниковой),author,Г.-Х. Андерсен,Ханс Кристиан Андерсен
malenkiy-krasnyy-traktor-i-korablik-il-f-gossensa,Маленький красный Трактор и кораблик (ил. Ф. Госсенса),ageLabel,3–4 лет,3–4 года
malenkiy-krasnyy-traktor-i-korablik-il-f-gossensa,Маленький красный Трактор и кораблик (ил. Ф. Госсенса),title,Маленький красный Трактор и кораблик (ил. Ф. Госсенса),Маленький красный Трактор и кораблик
malenkiy-krasnyy-traktor-i-korablik-il-f-gossensa,Маленький красный Трактор и кораблик (ил. Ф. Госсенса),editionNote,null,ил. Ф. Госсенса
alya-klyaksich-i-bukva-a-il-e-galdyaevoy,"Аля, Кляксич и буква А (ил. Е. Гальдяевой)",pages,5,null
alya-klyaksich-i-bukva-a-il-e-galdyaevoy,"Аля, Кляксич и буква А (ил. Е. Гальдяевой)",lengthCategory,very-short,null
alya-klyaksich-i-bukva-a-il-e-galdyaevoy,"Аля, Кляксич и буква А (ил. Е. Гальдяевой)",title,"Аля, Кляксич и буква А (ил. Е. Гальдяевой)","Аля, Кляксич и буква А"
alya-klyaksich-i-bukva-a-il-e-galdyaevoy,"Аля, Кляксич и буква А (ил. Е. Гальдяевой)",editionNote,null,ил. Е. Гальдяевой
luchshie-skazki-i-rasskazy-dlya-detey-il-v-kanivtsa,Лучшие сказки и рассказы для детей (ил. В. Канивца),title,Лучшие сказки и рассказы для детей (ил. В. Канивца),Лучшие сказки и рассказы для детей
luchshie-skazki-i-rasskazy-dlya-detey-il-v-kanivtsa,Лучшие сказки и рассказы для детей (ил. В. Канивца),editionNote,null,ил. В. Канивца
hroniki-narnii-il-p-beyns-sin,Хроники Нарнии (ил. П. Бэйнс) (син.),title,Хроники Нарнии (ил. П. Бэйнс) (син.),Хроники Нарнии
hroniki-narnii-il-p-beyns-sin,Хроники Нарнии (ил. П. Бэйнс) (син.),editionNote,null,ил. П. Бэйнс; син.
konek-gorbunok-il-i-egunova,Конек-горбунок (ил. И. Егунова),title,Конек-горбунок (ил. И. Егунова),Конек-горбунок
konek-gorbunok-il-i-egunova,Конек-горбунок (ил. И. Егунова),editionNote,null,ил. И. Егунова
konek-gorbunok-il-i-egunova,Конек-горбунок (ил. И. Егунова),author,П. П. Ершов,Пётр Ершов
novogodnie-priklyucheniya-karandasha-i-samodelkina-il-yu-yakunina,Новогодние приключения Карандаша и Самоделкина (ил. Ю. Якунина),title,Новогодние приключения Карандаша и Самоделкина (ил. Ю. Якунина),Новогодние приключения Карандаша и Самоделкина
novogodnie-priklyucheniya-karandasha-i-samodelkina-il-yu-yakunina,Новогодние приключения Карандаша и Самоделкина (ил. Ю. Якунина),editionNote,null,ил. Ю. Якунина
veselye-priklyucheniya-nechistoy-sily-il-t-lyahovich,Веселые приключения нечистой силы (ил. Т. Ляхович),title,Веселые приключения нечистой силы (ил. Т. Ляхович),Веселые приключения нечистой силы
veselye-priklyucheniya-nechistoy-sily-il-t-lyahovich,Веселые приключения нечистой силы (ил. Т. Ляхович),editionNote,null,ил. Т. Ляхович
poka-yubu-spit-kniga-1,Пока Юбу спит. Книга 1,pages,1,null
poka-yubu-spit-kniga-1,Пока Юбу спит. Книга 1,lengthCategory,very-short,null
poka-yubu-spit-kniga-3,Пока Юбу спит. Книга 3,pages,3,null
poka-yubu-spit-kniga-3,Пока Юбу спит. Книга 3,lengthCategory,very-short,null
poka-yubu-spit-kniga-2,Пока Юбу спит. Книга 2,pages,2,null
poka-yubu-spit-kniga-2,Пока Юбу спит. Книга 2,lengthCategory,very-short,null
bryum-malenkaya-vedma-tom-2-les-zabludshih-dush,Брюм — маленькая ведьма. Том 2. Лес заблудших душ,pages,2,null
bryum-malenkaya-vedma-tom-2-les-zabludshih-dush,Брюм — маленькая ведьма. Том 2. Лес заблудших душ,lengthCategory,very-short,null
shkola-chudo-veschey-neveroyatnaya-sumka-3,Школа чудо-вещей. Невероятная сумка (#3),pages,3,null
shkola-chudo-veschey-neveroyatnaya-sumka-3,Школа чудо-вещей. Невероятная сумка (#3),lengthCategory,very-short,null
shkola-chudo-veschey-neveroyatnaya-sumka-3,Школа чудо-вещей. Невероятная сумка (#3),title,Школа чудо-вещей. Невероятная сумка (#3),Школа чудо-вещей. Невероятная сумка
shkola-chudo-veschey-neveroyatnaya-sumka-3,Школа чудо-вещей. Невероятная сумка (#3),seriesNumber,null,3
skazki-i-istorii-il-l-alekseevoy,Сказки и истории (ил. Л. Алексеевой),title,Сказки и истории (ил. Л. Алексеевой),Сказки и истории
skazki-i-istorii-il-l-alekseevoy,Сказки и истории (ил. Л. Алексеевой),editionNote,null,ил. Л. Алексеевой
skazki-i-istorii-il-l-alekseevoy,Сказки и истории (ил. Л. Алексеевой),author,Г.-Х. Андерсен,Ханс Кристиан Андерсен
dnevnik-bekona-iz-robloks-krovatnye-boyni-kniga-2,Дневник Бекона из Роблокс. Кроватные бойни. Книга 2,pages,2,null
dnevnik-bekona-iz-robloks-krovatnye-boyni-kniga-2,Дневник Бекона из Роблокс. Кроватные бойни. Книга 2,lengthCategory,very-short,null
detektiv-iz-robloks-poteryannaya-vo-vremeni-kniga-3,Детектив из Роблокс. Потерянная во времени. Книга 3,pages,3,null
detektiv-iz-robloks-poteryannaya-vo-vremeni-kniga-3,Детектив из Роблокс. Потерянная во времени. Книга 3,lengthCategory,very-short,null
detektiv-iz-robloks-pohischennyy-kubok-kniga-2,Детектив из Роблокс. Похищенный кубок. Книга 2,pages,2,null
detektiv-iz-robloks-pohischennyy-kubok-kniga-2,Детектив из Роблокс. Похищенный кубок. Книга 2,lengthCategory,very-short,null
malenkiy-krasnyy-traktor-i-chestnyy-postupok-il-f-gossensa,Маленький красный Трактор и честный поступок (ил. Ф. Госсенса),ageLabel,3–4 лет,3–4 года
malenkiy-krasnyy-traktor-i-chestnyy-postupok-il-f-gossensa,Маленький красный Трактор и честный поступок (ил. Ф. Госсенса),title,Маленький красный Трактор и честный поступок (ил. Ф. Госсенса),Маленький красный Трактор и честный поступок
malenkiy-krasnyy-traktor-i-chestnyy-postupok-il-f-gossensa,Маленький красный Трактор и честный поступок (ил. Ф. Госсенса),editionNote,null,ил. Ф. Госсенса
malenkiy-krasnyy-traktor-i-bespokoynye-sosedi-il-f-gossensa,Маленький красный Трактор и беспокойные соседи (ил. Ф. Госсенса),ageLabel,3–4 лет,3–4 года
malenkiy-krasnyy-traktor-i-bespokoynye-sosedi-il-f-gossensa,Маленький красный Трактор и беспокойные соседи (ил. Ф. Госсенса),title,Маленький красный Трактор и беспокойные соседи (ил. Ф. Госсенса),Маленький красный Трактор и беспокойные соседи
malenkiy-krasnyy-traktor-i-bespokoynye-sosedi-il-f-gossensa,Маленький красный Трактор и беспокойные соседи (ил. Ф. Госсенса),editionNote,null,ил. Ф. Госсенса
lili-i-zapretnaya-magiya-1,Лили и запретная магия (#1),pages,1,null
lili-i-zapretnaya-magiya-1,Лили и запретная магия (#1),lengthCategory,very-short,null
lili-i-zapretnaya-magiya-1,Лили и запретная магия (#1),title,Лили и запретная магия (#1),Лили и запретная магия
lili-i-zapretnaya-magiya-1,Лили и запретная магия (#1),seriesNumber,null,1
nochevka-s-grabitelyami-vypusk-1,Ночевка с грабителями (выпуск 1),pages,1,null
nochevka-s-grabitelyami-vypusk-1,Ночевка с грабителями (выпуск 1),lengthCategory,very-short,null
zhizn-i-priklyucheniya-chudaka-il-a-vlasovoy,Жизнь и приключения чудака (ил. А. Власовой),title,Жизнь и приключения чудака (ил. А. Власовой),Жизнь и приключения чудака
zhizn-i-priklyucheniya-chudaka-il-a-vlasovoy,Жизнь и приключения чудака (ил. А. Власовой),editionNote,null,ил. А. Власовой
proklyatie-koshachego-papirusa-vypusk-2,Проклятие кошачьего папируса (выпуск 2),pages,2,null
proklyatie-koshachego-papirusa-vypusk-2,Проклятие кошачьего папируса (выпуск 2),lengthCategory,very-short,null
malenkiy-krasnyy-traktor-i-zimnie-chudesa-il-f-gossensa,Маленький красный Трактор и зимние чудеса (ил. Ф. Госсенса),ageLabel,3–4 лет,3–4 года
malenkiy-krasnyy-traktor-i-zimnie-chudesa-il-f-gossensa,Маленький красный Трактор и зимние чудеса (ил. Ф. Госсенса),title,Маленький красный Трактор и зимние чудеса (ил. Ф. Госсенса),Маленький красный Трактор и зимние чудеса
malenkiy-krasnyy-traktor-i-zimnie-chudesa-il-f-gossensa,Маленький красный Трактор и зимние чудеса (ил. Ф. Госсенса),editionNote,null,ил. Ф. Госсенса
tayna-privratnikov-2,Тайна привратников (#2),pages,2,null
tayna-privratnikov-2,Тайна привратников (#2),lengthCategory,very-short,null
tayna-privratnikov-2,Тайна привратников (#2),title,Тайна привратников (#2),Тайна привратников
tayna-privratnikov-2,Тайна привратников (#2),seriesNumber,null,2
zamok-s-sekretom-vypusk-7,Замок с секретом (выпуск 7),pages,7,null
zamok-s-sekretom-vypusk-7,Замок с секретом (выпуск 7),lengthCategory,very-short,null
starik-hottabych-il-v-kanivtsa,Старик Хоттабыч (ил. В. Канивца),title,Старик Хоттабыч (ил. В. Канивца),Старик Хоттабыч
starik-hottabych-il-v-kanivtsa,Старик Хоттабыч (ил. В. Канивца),editionNote,null,ил. В. Канивца
starik-hottabych-il-v-kanivtsa,Старик Хоттабыч (ил. В. Канивца),author,Л. Лагин,Лазарь Лагин
krugosvetnoe-puteshestvie-karandasha-i-samodelkina-il-yu-yakunina,Кругосветное путешествие Карандаша и Самоделкина (ил. Ю. Якунина),title,Кругосветное путешествие Карандаша и Самоделкина (ил. Ю. Якунина),Кругосветное путешествие Карандаша и Самоделкина
krugosvetnoe-puteshestvie-karandasha-i-samodelkina-il-yu-yakunina,Кругосветное путешествие Карандаша и Самоделкина (ил. Ю. Якунина),editionNote,null,ил. Ю. Якунина
otel-s-sekretom-1,Отель с секретом (#1),pages,1,null
otel-s-sekretom-1,Отель с секретом (#1),lengthCategory,very-short,null
otel-s-sekretom-1,Отель с секретом (#1),title,Отель с секретом (#1),Отель с секретом
otel-s-sekretom-1,Отель с секретом (#1),seriesNumber,null,1
schelkunchik-i-myshinyy-korol-il-eleny-larussi,Щелкунчик и Мышиный король (ил. Елены Ларусси),title,Щелкунчик и Мышиный король (ил. Елены Ларусси),Щелкунчик и Мышиный король
schelkunchik-i-myshinyy-korol-il-eleny-larussi,Щелкунчик и Мышиный король (ил. Елены Ларусси),editionNote,null,ил. Елены Ларусси
konek-gorbunok-il-a-eliseeva,Конек-горбунок (ил. А. Елисеева),title,Конек-горбунок (ил. А. Елисеева),Конек-горбунок
konek-gorbunok-il-a-eliseeva,Конек-горбунок (ил. А. Елисеева),editionNote,null,ил. А. Елисеева
konek-gorbunok-il-a-eliseeva,Конек-горбунок (ил. А. Елисеева),author,Петр Ершов,Пётр Ершов
emmi-i-poslednie-elfy-tom-1-ubezhische,Эмми и последние эльфы. Том 1: Убежище,pages,1,null
emmi-i-poslednie-elfy-tom-1-ubezhische,Эмми и последние эльфы. Том 1: Убежище,lengthCategory,very-short,null
emmi-i-poslednie-elfy-tom-2-vozvraschenie-korolevstva,Эмми и последние эльфы. Том 2: Возвращение королевства,pages,2,null
emmi-i-poslednie-elfy-tom-2-vozvraschenie-korolevstva,Эмми и последние эльфы. Том 2: Возвращение королевства,lengthCategory,very-short,null
chto-ya-chuvstvuyu-segodnya-il-f-zito,Что я чувствую сегодня (ил. Ф. Зито),title,Что я чувствую сегодня (ил. Ф. Зито),Что я чувствую сегодня
chto-ya-chuvstvuyu-segodnya-il-f-zito,Что я чувствую сегодня (ил. Ф. Зито),editionNote,null,ил. Ф. Зито
krasnyy-kapyushonchik-tom-2-priklyuchenie-v-gorah,Красный Капюшончик. Том 2. Приключение в горах,pages,2,null
krasnyy-kapyushonchik-tom-2-priklyuchenie-v-gorah,Красный Капюшончик. Том 2. Приключение в горах,lengthCategory,very-short,null
rapuntsel-samye-krasivye-skazki-il-a-simanchuka,Рапунцель. Самые красивые сказки (ил. А. Симанчука),title,Рапунцель. Самые красивые сказки (ил. А. Симанчука),Рапунцель. Самые красивые сказки
rapuntsel-samye-krasivye-skazki-il-a-simanchuka,Рапунцель. Самые красивые сказки (ил. А. Симанчука),editionNote,null,ил. А. Симанчука
eho-kviktorn-i-zoloto-drakona-2,Эхо Квикторн и Золото Дракона (#2),pages,2,null
eho-kviktorn-i-zoloto-drakona-2,Эхо Квикторн и Золото Дракона (#2),lengthCategory,very-short,null
eho-kviktorn-i-zoloto-drakona-2,Эхо Квикторн и Золото Дракона (#2),title,Эхо Квикторн и Золото Дракона (#2),Эхо Квикторн и Золото Дракона
eho-kviktorn-i-zoloto-drakona-2,Эхо Квикторн и Золото Дракона (#2),seriesNumber,null,2
nerealnye-kanikuly-3,Нереальные каникулы (# 3),pages,3,null
nerealnye-kanikuly-3,Нереальные каникулы (# 3),lengthCategory,very-short,null
bembi-il-din-syaozhun,Бемби (ил. Дин Сяожун),title,Бемби (ил. Дин Сяожун),Бемби
bembi-il-din-syaozhun,Бемби (ил. Дин Сяожун),editionNote,null,ил. Дин Сяожун
shkola-chudo-veschey-letayuschiy-zont-2,Школа чудо-вещей. Летающий зонт (#2),pages,2,null
shkola-chudo-veschey-letayuschiy-zont-2,Школа чудо-вещей. Летающий зонт (#2),lengthCategory,very-short,null
shkola-chudo-veschey-letayuschiy-zont-2,Школа чудо-вещей. Летающий зонт (#2),title,Школа чудо-вещей. Летающий зонт (#2),Школа чудо-вещей. Летающий зонт
shkola-chudo-veschey-letayuschiy-zont-2,Школа чудо-вещей. Летающий зонт (#2),seriesNumber,null,2
shkola-chudo-veschey-ischeznuvshiy-podsvechnik-1,Школа чудо-вещей. Исчезнувший подсвечник (#1),pages,1,null
shkola-chudo-veschey-ischeznuvshiy-podsvechnik-1,Школа чудо-вещей. Исчезнувший подсвечник (#1),lengthCategory,very-short,null
shkola-chudo-veschey-ischeznuvshiy-podsvechnik-1,Школа чудо-вещей. Исчезнувший подсвечник (#1),title,Школа чудо-вещей. Исчезнувший подсвечник (#1),Школа чудо-вещей. Исчезнувший подсвечник
shkola-chudo-veschey-ischeznuvshiy-podsvechnik-1,Школа чудо-вещей. Исчезнувший подсвечник (#1),seriesNumber,null,1
printsessa-buntarka-i-spasennoe-rozhdestvo-4-il-k-engelking,Принцесса-бунтарка и спасенное Рождество (#4) (ил. К. Энгелькинг),pages,4,null
printsessa-buntarka-i-spasennoe-rozhdestvo-4-il-k-engelking,Принцесса-бунтарка и спасенное Рождество (#4) (ил. К. Энгелькинг),lengthCategory,very-short,null
printsessa-buntarka-i-spasennoe-rozhdestvo-4-il-k-engelking,Принцесса-бунтарка и спасенное Рождество (#4) (ил. К. Энгелькинг),title,Принцесса-бунтарка и спасенное Рождество (#4) (ил. К. Энгелькинг),Принцесса-бунтарка и спасенное Рождество
printsessa-buntarka-i-spasennoe-rozhdestvo-4-il-k-engelking,Принцесса-бунтарка и спасенное Рождество (#4) (ил. К. Энгелькинг),editionNote,null,ил. К. Энгелькинг
printsessa-buntarka-i-spasennoe-rozhdestvo-4-il-k-engelking,Принцесса-бунтарка и спасенное Рождество (#4) (ил. К. Энгелькинг),seriesNumber,null,4
printsessa-buntarka-i-baron-lgunishka-3-il-k-engelking,Принцесса-бунтарка и барон-лгунишка (#3) (ил. К. Энгелькинг),pages,3,null
printsessa-buntarka-i-baron-lgunishka-3-il-k-engelking,Принцесса-бунтарка и барон-лгунишка (#3) (ил. К. Энгелькинг),lengthCategory,very-short,null
printsessa-buntarka-i-baron-lgunishka-3-il-k-engelking,Принцесса-бунтарка и барон-лгунишка (#3) (ил. К. Энгелькинг),title,Принцесса-бунтарка и барон-лгунишка (#3) (ил. К. Энгелькинг),Принцесса-бунтарка и барон-лгунишка
printsessa-buntarka-i-baron-lgunishka-3-il-k-engelking,Принцесса-бунтарка и барон-лгунишка (#3) (ил. К. Энгелькинг),editionNote,null,ил. К. Энгелькинг
printsessa-buntarka-i-baron-lgunishka-3-il-k-engelking,Принцесса-бунтарка и барон-лгунишка (#3) (ил. К. Энгелькинг),seriesNumber,null,3
hroniki-narnii-nachalo-istorii-chetyre-povesti-il-p-beyns,Хроники Нарнии: начало истории. Четыре повести (ил. П. Бэйнс),title,Хроники Нарнии: начало истории. Четыре повести (ил. П. Бэйнс),Хроники Нарнии: начало истории. Четыре повести
hroniki-narnii-nachalo-istorii-chetyre-povesti-il-p-beyns,Хроники Нарнии: начало истории. Четыре повести (ил. П. Бэйнс),editionNote,null,ил. П. Бэйнс
hroniki-narnii-nachalo-istorii-chetyre-povesti-il-p-beyns,Хроники Нарнии: начало истории. Четыре повести (ил. П. Бэйнс),author,Клайв С. Льюис,Клайв Стейплз Льюис
volshebnik-izumrudnogo-goroda-vse-puteshestviya-v-volshebnoy-strane-il,Волшебник Изумрудного города. Все путешествия в Волшебной стране (ил. В. Канивца),title,Волшебник Изумрудного города. Все путешествия в Волшебной стране (ил. В. Канивца),Волшебник Изумрудного города. Все путешествия в Волшебной стране
volshebnik-izumrudnogo-goroda-vse-puteshestviya-v-volshebnoy-strane-il,Волшебник Изумрудного города. Все путешествия в Волшебной стране (ил. В. Канивца),editionNote,null,ил. В. Канивца
chasy-zvezd-sdelka-s-chudovischem-1,Часы звезд. Сделка с чудовищем (#1),pages,1,null
chasy-zvezd-sdelka-s-chudovischem-1,Часы звезд. Сделка с чудовищем (#1),lengthCategory,very-short,null
chasy-zvezd-sdelka-s-chudovischem-1,Часы звезд. Сделка с чудовищем (#1),title,Часы звезд. Сделка с чудовищем (#1),Часы звезд. Сделка с чудовищем
chasy-zvezd-sdelka-s-chudovischem-1,Часы звезд. Сделка с чудовищем (#1),seriesNumber,null,1
delo-o-nevidimke-7,Дело о невидимке (#7),pages,7,null
delo-o-nevidimke-7,Дело о невидимке (#7),lengthCategory,very-short,null
delo-o-nevidimke-7,Дело о невидимке (#7),title,Дело о невидимке (#7),Дело о невидимке
delo-o-nevidimke-7,Дело о невидимке (#7),seriesNumber,null,7
spasti-odettu-6,Спасти Одетту (#6),pages,6,null
spasti-odettu-6,Спасти Одетту (#6),lengthCategory,very-short,null
spasti-odettu-6,Спасти Одетту (#6),title,Спасти Одетту (#6),Спасти Одетту
spasti-odettu-6,Спасти Одетту (#6),seriesNumber,null,6
dnevnik-propavshey-sestry-1-novoe-oformlenie,Дневник пропавшей сестры (#1) (Новое оформление),pages,1,null
dnevnik-propavshey-sestry-1-novoe-oformlenie,Дневник пропавшей сестры (#1) (Новое оформление),lengthCategory,very-short,null
ne-popadis-vypusk-3,Не попадись! (Выпуск 3),pages,3,null
ne-popadis-vypusk-3,Не попадись! (Выпуск 3),lengthCategory,very-short,null
eho-kviktorn-i-velikoe-zapredele-1,Эхо Квикторн и Великое Запределье (#1),pages,1,null
eho-kviktorn-i-velikoe-zapredele-1,Эхо Квикторн и Великое Запределье (#1),lengthCategory,very-short,null
eho-kviktorn-i-velikoe-zapredele-1,Эхо Квикторн и Великое Запределье (#1),title,Эхо Квикторн и Великое Запределье (#1),Эхо Квикторн и Великое Запределье
eho-kviktorn-i-velikoe-zapredele-1,Эхо Квикторн и Великое Запределье (#1),seriesNumber,null,1
klan-volkov-1,Клан волков (#1),pages,1,null
klan-volkov-1,Клан волков (#1),lengthCategory,very-short,null
klan-volkov-1,Клан волков (#1),title,Клан волков (#1),Клан волков
klan-volkov-1,Клан волков (#1),seriesNumber,null,1
lili-i-magiya-drakona-2,Лили и магия дракона (#2),pages,2,null
lili-i-magiya-drakona-2,Лили и магия дракона (#2),lengthCategory,very-short,null
lili-i-magiya-drakona-2,Лили и магия дракона (#2),title,Лили и магия дракона (#2),Лили и магия дракона
lili-i-magiya-drakona-2,Лили и магия дракона (#2),seriesNumber,null,2
lili-i-uznik-magii-3,Лили и узник магии (#3),pages,3,null
lili-i-uznik-magii-3,Лили и узник магии (#3),lengthCategory,very-short,null
lili-i-uznik-magii-3,Лили и узник магии (#3),title,Лили и узник магии (#3),Лили и узник магии
lili-i-uznik-magii-3,Лили и узник магии (#3),seriesNumber,null,3
lili-i-magiya-peremen-4,Лили и магия перемен (#4),pages,4,null
lili-i-magiya-peremen-4,Лили и магия перемен (#4),lengthCategory,very-short,null
lili-i-magiya-peremen-4,Лили и магия перемен (#4),title,Лили и магия перемен (#4),Лили и магия перемен
lili-i-magiya-peremen-4,Лили и магия перемен (#4),seriesNumber,null,4
zolotoy-lug-rasskazy-o-zhivotnyh-il-dudarenko,Золотой луг. Рассказы о животных (ил. Дударенко),title,Золотой луг. Рассказы о животных (ил. Дударенко),Золотой луг. Рассказы о животных
zolotoy-lug-rasskazy-o-zhivotnyh-il-dudarenko,Золотой луг. Рассказы о животных (ил. Дударенко),editionNote,null,ил. Дударенко
daresh-dolina-holodnogo-ognya-2,Дареш. Долина Холодного огня (#2),pages,2,null
daresh-dolina-holodnogo-ognya-2,Дареш. Долина Холодного огня (#2),lengthCategory,very-short,null
daresh-dolina-holodnogo-ognya-2,Дареш. Долина Холодного огня (#2),title,Дареш. Долина Холодного огня (#2),Дареш. Долина Холодного огня
daresh-dolina-holodnogo-ognya-2,Дареш. Долина Холодного огня (#2),seriesNumber,null,2
rasskazy-o-zhivotnyh-il-s-yarovogo,Рассказы о животных (ил. С. Ярового),title,Рассказы о животных (ил. С. Ярового),Рассказы о животных
rasskazy-o-zhivotnyh-il-s-yarovogo,Рассказы о животных (ил. С. Ярового),editionNote,null,ил. С. Ярового
vedminy-konfety,Ведьмины конфеты,pages,2,null
vedminy-konfety,Ведьмины конфеты,lengthCategory,very-short,null
grizli-il-v-kanivtsa,Гризли (ил. В. Канивца),title,Гризли (ил. В. Канивца),Гризли
grizli-il-v-kanivtsa,Гризли (ил. В. Канивца),editionNote,null,ил. В. Канивца
yadovityy-drug-7,Ядовитый друг (#7),pages,7,null
yadovityy-drug-7,Ядовитый друг (#7),lengthCategory,very-short,null
yadovityy-drug-7,Ядовитый друг (#7),title,Ядовитый друг (#7),Ядовитый друг
yadovityy-drug-7,Ядовитый друг (#7),seriesNumber,null,7
lisiy-plan-6,Лисий план (#6),pages,6,null
lisiy-plan-6,Лисий план (#6),lengthCategory,very-short,null
lisiy-plan-6,Лисий план (#6),title,Лисий план (#6),Лисий план
lisiy-plan-6,Лисий план (#6),seriesNumber,null,6
sokolinyy-pik-zov-vetra-2,Соколиный пик. Зов ветра (#2),pages,2,null
sokolinyy-pik-zov-vetra-2,Соколиный пик. Зов ветра (#2),lengthCategory,very-short,null
sokolinyy-pik-zov-vetra-2,Соколиный пик. Зов ветра (#2),title,Соколиный пик. Зов ветра (#2),Соколиный пик. Зов ветра
sokolinyy-pik-zov-vetra-2,Соколиный пик. Зов ветра (#2),seriesNumber,null,2
taynyy-dnevnik-kota-borisa-vypusk-4,Тайный дневник кота Бориса (выпуск 4),pages,4,null
taynyy-dnevnik-kota-borisa-vypusk-4,Тайный дневник кота Бориса (выпуск 4),lengthCategory,very-short,null
chudesa-sveta-dlya-detey-ot-6-do-12-let,Чудеса света для детей (от 6 до 12 лет),pages,6,null
chudesa-sveta-dlya-detey-ot-6-do-12-let,Чудеса света для детей (от 6 до 12 лет),lengthCategory,very-short,null
korol-volk-4,Король-волк (#4),pages,4,null
korol-volk-4,Король-волк (#4),lengthCategory,very-short,null
korol-volk-4,Король-волк (#4),title,Король-волк (#4),Король-волк
korol-volk-4,Король-волк (#4),seriesNumber,null,4
na-beregu-temnogo-morya-1,На берегу Темного моря (#1),pages,1,null
na-beregu-temnogo-morya-1,На берегу Темного моря (#1),lengthCategory,very-short,null
na-beregu-temnogo-morya-1,На берегу Темного моря (#1),title,На берегу Темного моря (#1),На берегу Темного моря
na-beregu-temnogo-morya-1,На берегу Темного моря (#1),seriesNumber,null,1
chernaya-kareta-2,Черная Карета (#2),pages,2,null
chernaya-kareta-2,Черная Карета (#2),lengthCategory,very-short,null
chernaya-kareta-2,Черная Карета (#2),title,Черная Карета (#2),Черная Карета
chernaya-kareta-2,Черная Карета (#2),seriesNumber,null,2
oshibka-saymona-5,Ошибка Саймона (#5),pages,5,null
oshibka-saymona-5,Ошибка Саймона (#5),lengthCategory,very-short,null
oshibka-saymona-5,Ошибка Саймона (#5),title,Ошибка Саймона (#5),Ошибка Саймона
oshibka-saymona-5,Ошибка Саймона (#5),seriesNumber,null,5
chasy-zvezd-serebryanaya-koroleva-2,Часы звезд. Серебряная королева (#2),pages,2,null
chasy-zvezd-serebryanaya-koroleva-2,Часы звезд. Серебряная королева (#2),lengthCategory,very-short,null
chasy-zvezd-serebryanaya-koroleva-2,Часы звезд. Серебряная королева (#2),title,Часы звезд. Серебряная королева (#2),Часы звезд. Серебряная королева
chasy-zvezd-serebryanaya-koroleva-2,Часы звезд. Серебряная королева (#2),seriesNumber,null,2
buterbrodnyy-vor-vypusk-3,Бутербродный вор (выпуск 3),pages,3,null
buterbrodnyy-vor-vypusk-3,Бутербродный вор (выпуск 3),lengthCategory,very-short,null
rouz-i-magiya-zerkala-novoe-oformlenie-4,Роуз и магия зеркала (новое оформление) (#4),pages,4,null
rouz-i-magiya-zerkala-novoe-oformlenie-4,Роуз и магия зеркала (новое оформление) (#4),lengthCategory,very-short,null
rouz-i-magiya-zerkala-novoe-oformlenie-4,Роуз и магия зеркала (новое оформление) (#4),title,Роуз и магия зеркала (новое оформление) (#4),Роуз и магия зеркала (новое оформление)
rouz-i-magiya-zerkala-novoe-oformlenie-4,Роуз и магия зеркала (новое оформление) (#4),seriesNumber,null,4
rouz-i-magiya-maski-novoe-oformlenie-3,Роуз и магия маски (новое оформление) (#3),pages,3,null
rouz-i-magiya-maski-novoe-oformlenie-3,Роуз и магия маски (новое оформление) (#3),lengthCategory,very-short,null
rouz-i-magiya-maski-novoe-oformlenie-3,Роуз и магия маски (новое оформление) (#3),title,Роуз и магия маски (новое оформление) (#3),Роуз и магия маски (новое оформление)
rouz-i-magiya-maski-novoe-oformlenie-3,Роуз и магия маски (новое оформление) (#3),seriesNumber,null,3
rouz-i-tayna-magii-novoe-oformlenie-1,Роуз и тайна магии (новое оформление) (#1),pages,1,null
rouz-i-tayna-magii-novoe-oformlenie-1,Роуз и тайна магии (новое оформление) (#1),lengthCategory,very-short,null
rouz-i-tayna-magii-novoe-oformlenie-1,Роуз и тайна магии (новое оформление) (#1),title,Роуз и тайна магии (новое оформление) (#1),Роуз и тайна магии (новое оформление)
rouz-i-tayna-magii-novoe-oformlenie-1,Роуз и тайна магии (новое оформление) (#1),seriesNumber,null,1
skazki-il-v-kanivtsa,Сказки (ил. В. Канивца),title,Сказки (ил. В. Канивца),Сказки
skazki-il-v-kanivtsa,Сказки (ил. В. Канивца),editionNote,null,ил. В. Канивца
prizrak-na-cherdake-vypusk-2,Призрак на чердаке (выпуск 2),pages,2,null
prizrak-na-cherdake-vypusk-2,Призрак на чердаке (выпуск 2),lengthCategory,very-short,null
edinorog-na-kuhne-3,Единорог на кухне (#3),pages,3,null
edinorog-na-kuhne-3,Единорог на кухне (#3),lengthCategory,very-short,null
edinorog-na-kuhne-3,Единорог на кухне (#3),title,Единорог на кухне (#3),Единорог на кухне
edinorog-na-kuhne-3,Единорог на кухне (#3),seriesNumber,null,3
edinorog-na-kuhne-3,Единорог на кухне (#3),author,Кинселла Софи,Софи Кинселла
sekretnyy-klyuch-1,Секретный ключ (#1),pages,1,null
sekretnyy-klyuch-1,Секретный ключ (#1),lengthCategory,very-short,null
sekretnyy-klyuch-1,Секретный ключ (#1),title,Секретный ключ (#1),Секретный ключ
sekretnyy-klyuch-1,Секретный ключ (#1),seriesNumber,null,1
syschik-na-arene-5,Сыщик на арене (#5),pages,5,null
syschik-na-arene-5,Сыщик на арене (#5),lengthCategory,very-short,null
syschik-na-arene-5,Сыщик на арене (#5),title,Сыщик на арене (#5),Сыщик на арене
syschik-na-arene-5,Сыщик на арене (#5),seriesNumber,null,5
shkola-dobra-i-zla-poslednee-dolgo-i-schastlivo-3,Школа Добра и Зла. Последнее «долго и счастливо» (#3),pages,3,null
shkola-dobra-i-zla-poslednee-dolgo-i-schastlivo-3,Школа Добра и Зла. Последнее «долго и счастливо» (#3),lengthCategory,very-short,null
shkola-dobra-i-zla-poslednee-dolgo-i-schastlivo-3,Школа Добра и Зла. Последнее «долго и счастливо» (#3),title,Школа Добра и Зла. Последнее «долго и счастливо» (#3),Школа Добра и Зла. Последнее «долго и счастливо»
shkola-dobra-i-zla-poslednee-dolgo-i-schastlivo-3,Школа Добра и Зла. Последнее «долго и счастливо» (#3),seriesNumber,null,3
ne-morgay-vypusk-1,Не моргай! (выпуск 1),pages,1,null
ne-morgay-vypusk-1,Не моргай! (выпуск 1),lengthCategory,very-short,null
skazki-ruslan-i-lyudmila-il-a-vlasovoy,Сказки. Руслан и Людмила (ил. А. Власовой),title,Сказки. Руслан и Людмила (ил. А. Власовой),Сказки. Руслан и Людмила
skazki-ruslan-i-lyudmila-il-a-vlasovoy,Сказки. Руслан и Людмила (ил. А. Власовой),editionNote,null,ил. А. Власовой
skazki-ruslan-i-lyudmila-il-a-vlasovoy,Сказки. Руслан и Людмила (ил. А. Власовой),author,А. С. Пушкин,Александр Пушкин
frizhel-i-fluffi-tayna-propavshih-arbuzov-vypusk-1,Фрижель и Флуффи. Тайна пропавших арбузов. Выпуск 1,pages,1,null
frizhel-i-fluffi-tayna-propavshih-arbuzov-vypusk-1,Фрижель и Флуффи. Тайна пропавших арбузов. Выпуск 1,lengthCategory,very-short,null
sem-podzemnyh-koroley-il-v-kanivtsa-3,Семь подземных королей (ил. В. Канивца) (#3),pages,3,null
sem-podzemnyh-koroley-il-v-kanivtsa-3,Семь подземных королей (ил. В. Канивца) (#3),lengthCategory,very-short,null
sem-podzemnyh-koroley-il-v-kanivtsa-3,Семь подземных королей (ил. В. Канивца) (#3),title,Семь подземных королей (ил. В. Канивца) (#3),Семь подземных королей
sem-podzemnyh-koroley-il-v-kanivtsa-3,Семь подземных королей (ил. В. Канивца) (#3),editionNote,null,ил. В. Канивца
sem-podzemnyh-koroley-il-v-kanivtsa-3,Семь подземных королей (ил. В. Канивца) (#3),seriesNumber,null,3
koshmarius-i-ischeznuvshee-zele-1,Кошмариус и исчезнувшее зелье (#1),pages,1,null
koshmarius-i-ischeznuvshee-zele-1,Кошмариус и исчезнувшее зелье (#1),lengthCategory,very-short,null
koshmarius-i-ischeznuvshee-zele-1,Кошмариус и исчезнувшее зелье (#1),title,Кошмариус и исчезнувшее зелье (#1),Кошмариус и исчезнувшее зелье
koshmarius-i-ischeznuvshee-zele-1,Кошмариус и исчезнувшее зелье (#1),seriesNumber,null,1
naoborotnyy-mir,Наоборотный мир,pages,1,null
naoborotnyy-mir,Наоборотный мир,lengthCategory,very-short,null
korolevstvo-krivyh-zerkal,Королевство кривых зеркал,whyRecommended,"Если ребёнок любит реалистическую прозу и сюжеты о отношениях, книга подойдёт ему в возрасте 3–12 лет. Она подходит для самостоятельного или совместного чтения.","Если ребёнок любит реалистическую прозу и сюжеты об отношениях, книга подойдёт ему в возрасте 3–12 лет. Она подходит для самостоятельного или совместного чтения."
ya-ne-ya-zhanna,"Я, не я, Жанна",author,Зайцева Александра,Александра Зайцева
neveroyatno-opasnaya-sliz-ledyanye-myshki-sedobnye-kamni-i-esche-95,"Невероятно! Опасная слизь, ледяные мышки, съедобные камни и еще 95 историй о мире вокруг нас",author,"Ася Ванякина, Настя Троян",Ася Ванякина; Настя Троян
druzhba-posle-ssory-novye-priklyucheniya-emo-i-chiki,Дружба после ссоры… Новые приключения Эмо и Чики,author,"Грегг Релье, Джошуа Вайс",Грегг Релье; Джошуа Вайс
