slug,title,what,note
gruffalo,Груффало,объем,Число страниц было 2020 — сбой импорта; объем чтения нужно определить заново
imeninnyy-pirog,Именинный пирог,объем,Число страниц было 2022 — сбой импорта; объем чтения нужно определить заново
nastoyaschaya-zhizn-zhakomina-geynsboro,Настоящая жизнь Жакомина Гейнсборо,объем,Число страниц было 2019 — сбой импорта; объем чтения нужно определить заново
nastoyaschaya-zhizn-zhakomina-geynsboro,Настоящая жизнь Жакомина Гейнсборо,возраст,«7–12 лет» стоит у 399 книг — похоже на значение по умолчанию; проверить
dochurka-gruffalo,Дочурка Груффало,объем,Число страниц было 2020 — сбой импорта; объем чтения нужно определить заново
dzhordzh-i-tayny-vselennoy,Джордж и тайны Вселенной,объем,Число страниц было 2021 — сбой импорта; объем чтения нужно определить заново
detektiv-per-rasputyvaet-delo-v-poiskah-pohischennogo-labirinta,Детектив Пьер распутывает дело. В поисках похищенного лабиринта,объем,Число страниц было 2020 — сбой импорта; объем чтения нужно определить заново
moy-dedushka-byl-vishney,Мой дедушка был вишней,объем,Число страниц было 2020 — сбой импорта; объем чтения нужно определить заново
saharnyy-rebenok,Сахарный ребёнок,объем,Число страниц было 2020 — сбой импорта; объем чтения нужно определить заново
ferdinand,Фердинанд,объем,Число страниц было 2018 — сбой импорта; объем чтения нужно определить заново
znaesh-kak-ya-tebya-lyublyu,"Знаешь, как я тебя люблю?",объем,Число страниц было 2006 — сбой импорта; объем чтения нужно определить заново
ulitka-i-kit,Улитка и кит,объем,Число страниц было 2020 — сбой импорта; объем чтения нужно определить заново
tyulka,Тюлька,объем,Число страниц было 2011 — сбой импорта; объем чтения нужно определить заново
veter-v-ivah,Ветер в ивах,возраст,«7–12 лет» стоит у 399 книг — похоже на значение по умолчанию; проверить
devochka-s-zemli,Девочка с Земли,возраст,«7–12 лет» стоит у 399 книг — похоже на значение по умолчанию; проверить
priklyucheniya-barona-myunhauzena,Приключения барона Мюнхаузена,возраст,«7–12 лет» стоит у 399 книг — похоже на значение по умолчанию; проверить
priklyucheniya-kapitana-vrungelya,Приключения капитана Врунгеля,возраст,«7–12 лет» стоит у 399 книг — похоже на значение по умолчанию; проверить
skazki-dyadyushki-rimusa,Сказки дядюшки Римуса,возраст,«7–12 лет» стоит у 399 книг — похоже на значение по умолчанию; проверить
beskonechnaya-istoriya,Бесконечная история,объем,Число страниц было 2009 — сбой импорта; объем чтения нужно определить заново
dikiy-robot,Дикий робот,возраст,«7–12 лет» стоит у 399 книг — похоже на значение по умолчанию; проверить
vse-skazki-k-chukovskogo,Все сказки К. Чуковского,возраст,«7–12 лет» стоит у 399 книг — похоже на значение по умолчанию; проверить
povtorenie-proydennogo,Повторение пройденного,возраст,«7–12 лет» стоит у 399 книг — похоже на значение по умолчанию; проверить
podarok-dlya-snegurochki,Подарок для Снегурочки,возраст,«7–12 лет» стоит у 399 книг — похоже на значение по умолчанию; проверить
tsyplenok-vecherom,Цыплёнок вечером,возраст,«7–12 лет» стоит у 399 книг — похоже на значение по умолчанию; проверить
moi-pervye-skazki,Мои первые сказки,возраст,«7–12 лет» стоит у 399 книг — похоже на значение по умолчанию; проверить
moy-dom-na-kolesah,Мой дом на колёсах,возраст,«7–12 лет» стоит у 399 книг — похоже на значение по умолчанию; проверить
druzya-moego-detstva,Друзья моего детства,возраст,«7–12 лет» стоит у 399 книг — похоже на значение по умолчанию; проверить
zagadochnye-istorii,Загадочные истории,возраст,«7–12 лет» стоит у 399 книг — похоже на значение по умолчанию; проверить
skazki-pro-drakonov,Сказки про драконов,возраст,«7–12 лет» стоит у 399 книг — похоже на значение по умолчанию; проверить
enyai-elya-olimpyada-v-volshebnom-lesu,Еняи еля олимпяда в волшебном лесу,возраст,«7–12 лет» стоит у 399 книг — похоже на значение по умолчанию; проверить
vladimir-krasnoe-solnyshko,Владимир красное солнышко,возраст,«7–12 лет» стоит у 399 книг — похоже на значение по умолчанию; проверить
troe-iz-prostokvashino,Трое из Простоквашино,возраст,«7–12 лет» стоит у 399 книг — похоже на значение по умолчанию; проверить
istoriya-pro-kota-ignasiya-trubochista-fedyu-i-odinokuyu-mysh,"История про кота Игнасия, трубочиста Федю и Одинокую Мышь",возраст,«7–12 лет» стоит у 399 книг — похоже на значение по умолчанию; проверить
ohotnichi-istorii,Охотничьи истории,возраст,«7–12 лет» стоит у 399 книг — похоже на значение по умолчанию; проверить
dobryy-volk,Добрый волк,возраст,«7–12 лет» стоит у 399 книг — похоже на значение по умолчанию; проверить
russkie-detskie-skazki,Русские детские сказки,возраст,«7–12 лет» стоит у 399 книг — похоже на значение по умолчанию; проверить
pro-kozlenka-kotoryy-umel-schitat-do-10,"Про козленка, который умел считать до 10",возраст,«7–12 лет» стоит у 399 книг — похоже на значение по умолчанию; проверить
na-nashem-dvore,На нашем дворе,возраст,«7–12 лет» стоит у 399 книг — похоже на значение по умолчанию; проверить
skazki-volshebnoi-polyanki,Сказки волшебнои полянки,возраст,«7–12 лет» стоит у 399 книг — похоже на значение по умолчанию; проверить
zhizn-ivana-semenova-vtoroklassnika-i-vtorogodnika,"Жизнь Ивана Семёнова, второклассника и второгодника",возраст,«7–12 лет» стоит у 399 книг — похоже на значение по умолчанию; проверить
leningradskie-skazki,Ленинградские сказки,возраст,«7–12 лет» стоит у 399 книг — похоже на значение по умолчанию; проверить
vse-skazochnye-istorii-pro-cheburashku,Все сказочные истории про Чебурашку,возраст,«7–12 лет» стоит у 399 книг — похоже на значение по умолчанию; проверить
bolshaya-sobachya-kniga,Большая собачья книга,возраст,«7–12 лет» стоит у 399 книг — похоже на значение по умолчанию; проверить
moi-zveri,Мои звери,возраст,«7–12 лет» стоит у 399 книг — похоже на значение по умолчанию; проверить
nedopesok,Недопесок,возраст,«7–12 лет» стоит у 399 книг — похоже на значение по умолчанию; проверить
skok-poskok,Скок-поскок,возраст,«7–12 лет» стоит у 399 книг — похоже на значение по умолчанию; проверить
istoriya-odnogo-porosenka,История одного поросенка,возраст,«7–12 лет» стоит у 399 книг — похоже на значение по умолчанию; проверить
ozornye-druzya-homa-i-suslik,Озорные друзья Хома и Суслик,возраст,«7–12 лет» стоит у 399 книг — похоже на значение по умолчанию; проверить
veselye-istorii,Весёлые истории,возраст,«7–12 лет» стоит у 399 книг — похоже на значение по умолчанию; проверить
bolshaya-kniga-skazok,Большая книга сказок,возраст,«7–12 лет» стоит у 399 книг — похоже на значение по умолчанию; проверить
hor-ohotnikov,Хор охотников,возраст,«7–12 лет» стоит у 399 книг — похоже на значение по умолчанию; проверить
a-ty-postaraysya,А ты постарайся!,возраст,«7–12 лет» стоит у 399 книг — похоже на значение по умолчанию; проверить
skazki-ushinskiy,Сказки,возраст,«7–12 лет» стоит у 399 книг — похоже на значение по умолчанию; проверить
ostrov-vezeniya,Остров везения,возраст,«7–12 лет» стоит у 399 книг — похоже на значение по умолчанию; проверить
prishla-zima-prokaznitsa,Пришла зима-проказнитса,возраст,«7–12 лет» стоит у 399 книг — похоже на значение по умолчанию; проверить
papa-mama-i-ya,"Папа, мама, и я",возраст,«7–12 лет» стоит у 399 книг — похоже на значение по умолчанию; проверить
vse-samye-znamenitye-skazki-i-vrednye-sovety,Все самые знаменитые сказки и вредные советы,возраст,«7–12 лет» стоит у 399 книг — похоже на значение по умолчанию; проверить
kot-v-sapogah,Кот в сапогах,автор,В поле автора составители пересказа: «Н. И. Котятова; Т. В. Баринова». Указать автора или «Русская народная сказка»
kot-v-sapogah,Кот в сапогах,возраст,«7–12 лет» стоит у 399 книг — похоже на значение по умолчанию; проверить
skazka-v-russkoy-zhivopisi,Сказка в русской живописи,возраст,«7–12 лет» стоит у 399 книг — похоже на значение по умолчанию; проверить
delfiniy-ostrov,Дельфиний остров,объем,Число страниц было 2018 — сбой импорта; объем чтения нужно определить заново
domik-u-perehoda,Домик у перехода,возраст,«7–12 лет» стоит у 399 книг — похоже на значение по умолчанию; проверить
dnevnik-peti-vasina-i-vasi-petina,Дневник Пети Васина и Васи Петина,возраст,«7–12 лет» стоит у 399 книг — похоже на значение по умолчанию; проверить
rasskazy-o-zhivotnyh,Рассказы о животных,возраст,«7–12 лет» стоит у 399 книг — похоже на значение по умолчанию; проверить
veselaya-semeyka,Весёлая семейка,возраст,«7–12 лет» стоит у 399 книг — похоже на значение по умолчанию; проверить
vo-pervyh-i-vo-vtoryh,Во-первых и во-вторых,возраст,«7–12 лет» стоит у 399 книг — похоже на значение по умолчанию; проверить
ezhik-v-tumane-norshteyn,Ёжик в тумане,возраст,«7–12 лет» стоит у 399 книг — похоже на значение по умолчанию; проверить
zayushkina-izbushka-kotyatova,Заюшкина избушка,автор,В поле автора составители пересказа: «Н. И. Котятова; Т. В. Баринова». Указать автора или «Русская народная сказка»
million-priklyucheniy,Миллион приключений,возраст,«7–12 лет» стоит у 399 книг — похоже на значение по умолчанию; проверить
progulki-po-detskomu-peterburgu,Прогулки по детскому Петербургу,возраст,«7–12 лет» стоит у 399 книг — похоже на значение по умолчанию; проверить
beleet-parus-odinokiy-kataev,Белеет парус одинокий,возраст,«7–12 лет» стоит у 399 книг — похоже на значение по умолчанию; проверить
dobrye-skazki,Добрые Сказки,возраст,«7–12 лет» стоит у 399 книг — похоже на значение по умолчанию; проверить
volshebnik-izumrudnogo-goroda-urfin-dzhyus-i-ego-derevyannye-soldaty,Волшебник Изумрудного города; Урфин Джюс и его деревянные солдаты; Семь подземных королей,возраст,«7–12 лет» стоит у 399 книг — похоже на значение по умолчанию; проверить
stihi-i-skazki-marshak,Стихи и сказки,возраст,«7–12 лет» стоит у 399 книг — похоже на значение по умолчанию; проверить
volk-i-kozlyata,Волк и козлята,автор,В поле автора составители пересказа: «Н. И. Котятова; Т. В. Баринова». Указать автора или «Русская народная сказка»
volk-i-kozlyata,Волк и козлята,возраст,«7–12 лет» стоит у 399 книг — похоже на значение по умолчанию; проверить
skazka-o-tsare-saltane-o-syne-ego-slavnom-i-moguchem-bogatere-knyaze,"Сказка о царе Салтане, о сыне его славном и могучем богатере князе Гвидоне Салтановиче и о прекрасной царевне Лебеди",возраст,«7–12 лет» стоит у 399 книг — похоже на значение по умолчанию; проверить
slavyanskie-skazaniya,Славянские сказания,возраст,«7–12 лет» стоит у 399 книг — похоже на значение по умолчанию; проверить
volshebnye-skazki-devchonkam-i-malchishkam,Волшебные сказки девчонкам и мальчишкам,возраст,«7–12 лет» стоит у 399 книг — похоже на значение по умолчанию; проверить
priklyucheniya-vasi-kurolesova,Приключения Васи Куролесова,возраст,«7–12 лет» стоит у 399 книг — похоже на значение по умолчанию; проверить
uralskie-skazy,Уральские сказы,возраст,«7–12 лет» стоит у 399 книг — похоже на значение по умолчанию; проверить
volshebnaya-kniga-russkih-narodnyh-skazok-s-zhivymi-kartinkami,Волшебная книга русских народных сказок с живыми картинками,возраст,«7–12 лет» стоит у 399 книг — похоже на значение по умолчанию; проверить
sonnye-skazki-slavitskiy,Сонные Сказки,возраст,«7–12 лет» стоит у 399 книг — похоже на значение по умолчанию; проверить
petr-chaykovskiy-ili-volshebnoe-pero,"Петр Чайковский, или, Волшебное перо",объем,Число страниц было 2008 — сбой импорта; объем чтения нужно определить заново
petr-chaykovskiy-ili-volshebnoe-pero,"Петр Чайковский, или, Волшебное перо",возраст,«7–12 лет» стоит у 399 книг — похоже на значение по умолчанию; проверить
russkie-narodnye-skazki,Русские народные сказки,возраст,«7–12 лет» стоит у 399 книг — похоже на значение по умолчанию; проверить
volk-i-kozlyata-afanasev,Волк и козлята,возраст,«7–12 лет» стоит у 399 книг — похоже на значение по умолчанию; проверить
priklyucheniya-odisseya,Приключения Одиссея,возраст,«7–12 лет» стоит у 399 книг — похоже на значение по умолчанию; проверить
legendy-byli-i-skazki-kryma-dlya-detey,"Легенды, были и сказки Крыма для детей",возраст,«7–12 лет» стоит у 399 книг — похоже на значение по умолчанию; проверить
volshebnaya-hanukiya,Волшебная Ханукия,возраст,«7–12 лет» стоит у 399 книг — похоже на значение по умолчанию; проверить
veselyy-dvoechnik,Весёлый двоечник,объем,Число страниц было 2010 — сбой импорта; объем чтения нужно определить заново
tri-medvedya-kotyatova,Три медведя,автор,В поле автора составители пересказа: «Н. И. Котятова; Т. В. Баринова». Указать автора или «Русская народная сказка»
tri-medvedya-kotyatova,Три медведя,возраст,«7–12 лет» стоит у 399 книг — похоже на значение по умолчанию; проверить
lesnoy-perepoloh,Лесной переполох,возраст,«7–12 лет» стоит у 399 книг — похоже на значение по умолчанию; проверить
kotofey-ivanovich,Котофей Иванович,возраст,«7–12 лет» стоит у 399 книг — похоже на значение по умолчанию; проверить
bogatyrskie-russkie-skazki,Богатырские русские сказки,возраст,«7–12 лет» стоит у 399 книг — похоже на значение по умолчанию; проверить
sadko-i-drugie-russkie-byliny,Садко и другие русские былины,возраст,«7–12 лет» стоит у 399 книг — похоже на значение по умолчанию; проверить
povestvovanie-o-chuvashah,Повествование о чувашах,возраст,«7–12 лет» стоит у 399 книг — похоже на значение по умолчанию; проверить
istoriya-pro-mishu-danyu-i-bumazhnogo-zmeya,"История про Мишу, Даню и бумажного змея",возраст,«7–12 лет» стоит у 399 книг — похоже на значение по умолчанию; проверить
legendy-srednevekovya,Легенды Средневековья,возраст,«7–12 лет» стоит у 399 книг — похоже на значение по умолчанию; проверить
moya-ulitsa,Моя улица,возраст,«7–12 лет» стоит у 399 книг — похоже на значение по умолчанию; проверить
porosenok-petr-edet-v-gosti,Поросёнок Пётр едет в гости,возраст,«7–12 лет» стоит у 399 книг — похоже на значение по умолчанию; проверить
istoriya-o-starike-kulebyakine-plaksivoy-kobyle-mile-i-zherebenke,"История о старике Кулебякине, плаксивой кобыле Миле и жеребенке Равкине",возраст,«7–12 лет» стоит у 399 книг — похоже на значение по умолчанию; проверить
mify-drevnego-kazahstana,Мифы Древнего Казахстана,возраст,«7–12 лет» стоит у 399 книг — похоже на значение по умолчанию; проверить
malahitovaya-shkatulka,Малахитовая шкатулка,возраст,«7–12 лет» стоит у 399 книг — похоже на значение по умолчанию; проверить
podvigi-gerakla,Подвиги Геракла,возраст,«7–12 лет» стоит у 399 книг — похоже на значение по умолчанию; проверить
zhuravlinye-perya,Журавлиные перья,возраст,«7–12 лет» стоит у 399 книг — похоже на значение по умолчанию; проверить
tri-porosenka-bulatov,Три поросёнка,возраст,«7–12 лет» стоит у 399 книг — похоже на значение по умолчанию; проверить
nu-pogodi,"Ну, погоди!",возраст,«7–12 лет» стоит у 399 книг — похоже на значение по умолчанию; проверить
printsessa-belonozhka-ili-kto-lyubit-nosit-na-rukah,"Принцесса Белоножка, или Кто любит, носит на руках",возраст,«7–12 лет» стоит у 399 книг — похоже на значение по умолчанию; проверить
gerakl-12-velikih-podvigov,"Геракл, 12 великих подвигов",возраст,«7–12 лет» стоит у 399 книг — похоже на значение по умолчанию; проверить
zagadki,Загадки,возраст,«7–12 лет» стоит у 399 книг — похоже на значение по умолчанию; проверить
stihi-i-poemy,Стихи и поемы,возраст,«7–12 лет» стоит у 399 книг — похоже на значение по умолчанию; проверить
russkie-bogateri,Русские богатери,возраст,«7–12 лет» стоит у 399 книг — похоже на значение по умолчанию; проверить
chudesa-v-dedmorozovke,Чудеса в Дедморозовке,возраст,«7–12 лет» стоит у 399 книг — похоже на значение по умолчанию; проверить
kak-menya-spasali,Как меня спасали,объем,Число страниц было 2013 — сбой импорта; объем чтения нужно определить заново
zagadka-pochtovogo-golubya,Загадка почтового голубя,возраст,«7–12 лет» стоит у 399 книг — похоже на значение по умолчанию; проверить
moshennik-na-pole-chudes,Мошенник на поле чудес,возраст,«7–12 лет» стоит у 399 книг — похоже на значение по умолчанию; проверить
ochen-strashnaya-istoriya,Очень страшная история,объем,Число страниц было 2007 — сбой импорта; объем чтения нужно определить заново
sorochinskaya-yarmarka,Сорочинская ярмарка,возраст,«7–12 лет» стоит у 399 книг — похоже на значение по умолчанию; проверить
kak-masha-possorilas-s-podushkoy,Как Маша поссорилась с подушкой,возраст,«7–12 лет» стоит у 399 книг — похоже на значение по умолчанию; проверить
poemy,Поемы,возраст,«7–12 лет» стоит у 399 книг — похоже на значение по умолчанию; проверить
hantyyskie-zagadki,Хантыйские загадки,возраст,«7–12 лет» стоит у 399 книг — похоже на значение по умолчанию; проверить
tri-tvoih-imeni,Три твоих имени,возраст,«7–12 лет» стоит у 399 книг — похоже на значение по умолчанию; проверить
smirennyy-voin,Смиренный воин,возраст,«7–12 лет» стоит у 399 книг — похоже на значение по умолчанию; проверить
tsezar-velikolepnyy,Цезарь Великолепный,возраст,«7–12 лет» стоит у 399 книг — похоже на значение по умолчанию; проверить
lichnoe-delo-saveliya-puzikova,Личное дело Савелия Пузикова,возраст,«7–12 лет» стоит у 399 книг — похоже на значение по умолчанию; проверить
malchik-i-devochka-iz-spichechnoy-korobki,Мальчик и девочка из спичечной коробки,возраст,«7–12 лет» стоит у 399 книг — похоже на значение по умолчанию; проверить
angel-s-chertova-ostrova,Ангел с Чертова острова,возраст,«7–12 лет» стоит у 399 книг — похоже на значение по умолчанию; проверить
emili-laym-i-pohititeli-knig,Эмили Лайм и похитители книг,возраст,«7–12 лет» стоит у 399 книг — похоже на значение по умолчанию; проверить
svetlik-tuchkin-i-puzyr-zhelaniy-3-e-izd,Светлик Тучкин и Пузырь желаний (3-е изд.),возраст,«7–12 лет» стоит у 399 книг — похоже на значение по умолчанию; проверить
k-doske-poydet-vasilkin-7-e-izd,К доске пойдет… Василькин! (7-е изд.),возраст,«7–12 лет» стоит у 399 книг — похоже на значение по умолчанию; проверить
banda-lam,Банда лам,возраст,«7–12 лет» стоит у 399 книг — похоже на значение по умолчанию; проверить
konni-i-poezdka-na-more,Конни и поездка на море,возраст,«7–12 лет» стоит у 399 книг — похоже на значение по умолчанию; проверить
tarif-sny-i-skazki,Тариф «Сны и сказки»,возраст,«7–12 лет» стоит у 399 книг — похоже на значение по умолчанию; проверить
konni-i-spasenie-dikih-loshadey,Конни и спасение диких лошадей,возраст,«7–12 лет» стоит у 399 книг — похоже на значение по умолчанию; проверить
priklyucheniya-konni-v-nochnom-lesu,Приключения Конни в ночном лесу,возраст,«7–12 лет» стоит у 399 книг — похоже на значение по умолчанию; проверить
volshebnye-konki,Волшебные коньки,возраст,«7–12 лет» стоит у 399 книг — похоже на значение по умолчанию; проверить
sinor-kolbaska,Синьор Колбаска,возраст,«7–12 лет» стоит у 399 книг — похоже на значение по умолчанию; проверить
20-podarkov-na-novyy-god,20 подарков на Новый год,возраст,«7–12 лет» стоит у 399 книг — похоже на значение по умолчанию; проверить
magnoliya-u-raskryvaet-tayny-poteryannyh-noskov,Магнолия У раскрывает тайны потерянных носков,возраст,«7–12 лет» стоит у 399 книг — похоже на значение по умолчанию; проверить
priklyucheniya-konrada-fryulinga,Приключения Конрада Фрюлинга,возраст,«7–12 лет» стоит у 399 книг — похоже на значение по умолчанию; проверить
skazki-afanasev,Сказки,возраст,«7–12 лет» стоит у 399 книг — похоже на значение по умолчанию; проверить
proklyatie-krokodila,Проклятие крокодила,возраст,«7–12 лет» стоит у 399 книг — похоже на значение по умолчанию; проверить
skarabey-serdtsa,Скарабей сердца,возраст,«7–12 лет» стоит у 399 книг — похоже на значение по умолчанию; проверить
a-chto-tam-v-shkole,А что там в школе?,возраст,«7–12 лет» стоит у 399 книг — похоже на значение по умолчанию; проверить
schastlivye-konki,Счастливые коньки,возраст,«7–12 лет» стоит у 399 книг — похоже на значение по умолчанию; проверить
v-shkole-snova-peremeny,В школе снова перемены,возраст,«7–12 лет» стоит у 399 книг — похоже на значение по умолчанию; проверить
ami,Ами,возраст,«7–12 лет» стоит у 399 книг — похоже на значение по умолчанию; проверить
konni-i-luchshaya-sobaka-ischeyka,Конни и лучшая собака-ищейка,возраст,«7–12 лет» стоит у 399 книг — похоже на значение по умолчанию; проверить
dom-p-5-e-izd,Дом П (5-е изд.),возраст,«7–12 лет» стоит у 399 книг — похоже на значение по умолчанию; проверить
tayna-zelenogo-bmv,Тайна зеленого БМВ,объем,Число страниц было 3726 — сбой импорта; объем чтения нужно определить заново
malchik-volk-zov-tayny,Мальчик-волк. Зов тайны,объем,Число страниц было 3726 — сбой импорта; объем чтения нужно определить заново
duh-iz-volshebnoy-fleyty-tom-2,Дух из волшебной флейты. Том 2,объем,Число страниц было 3726 — сбой импорта; объем чтения нужно определить заново
duh-iz-volshebnoy-fleyty-tom-2,Дух из волшебной флейты. Том 2,возраст,«7–12 лет» стоит у 399 книг — похоже на значение по умолчанию; проверить
greys-prodelki-ozornoy-printsessy,Грейс. Проделки озорной принцессы,объем,Число страниц было 3726 — сбой импорта; объем чтения нужно определить заново
greys-prodelki-ozornoy-printsessy,Грейс. Проделки озорной принцессы,возраст,«7–12 лет» стоит у 399 книг — похоже на значение по умолчанию; проверить
malenkiy-prints-illyustratsii-ha-chang-tahtag,Маленький принц (иллюстрации Ха Чанг — Tahtag),объем,Число страниц было 3726 — сбой импорта; объем чтения нужно определить заново
malenkiy-prints-illyustratsii-ha-chang-tahtag,Маленький принц (иллюстрации Ха Чанг — Tahtag),возраст,«7–12 лет» стоит у 399 книг — похоже на значение по умолчанию; проверить
sny-bongo,Сны Бонго,объем,Число страниц было 3726 — сбой импорта; объем чтения нужно определить заново
sny-bongo,Сны Бонго,возраст,«7–12 лет» стоит у 399 книг — похоже на значение по умолчанию; проверить
devochka-s-lisim-hvostom-tom-1,Девочка с Лисьим Хвостом. Том 1,объем,Число страниц было 3726 — сбой импорта; объем чтения нужно определить заново
alisa-v-strane-chudes-illyustratsii-ha-chang-tahtag,Алиса в Стране чудес (иллюстрации Ха Чанг — Tahtag),объем,Число страниц было 3726 — сбой импорта; объем чтения нужно определить заново
emil-i-margo-beskonechnoe-chaepitie-kniga-dlya-pervogo-chteniya,Эмиль и Марго. Бесконечное чаепитие. Книга для первого чтения,объем,Число страниц было 3726 — сбой импорта; объем чтения нужно определить заново
emil-i-margo-beskonechnoe-chaepitie-kniga-dlya-pervogo-chteniya,Эмиль и Марго. Бесконечное чаепитие. Книга для первого чтения,возраст,«7–12 лет» стоит у 399 книг — похоже на значение по умолчанию; проверить
volchonok-po-oshibke,Волчонок по ошибке,объем,Число страниц было 3726 — сбой импорта; объем чтения нужно определить заново
letnie-istorii-pro-miru-i-goshu,Летние истории про Миру и Гошу,объем,Число страниц было 3726 — сбой импорта; объем чтения нужно определить заново
letnie-istorii-pro-miru-i-goshu,Летние истории про Миру и Гошу,возраст,«7–12 лет» стоит у 399 книг — похоже на значение по умолчанию; проверить
greys-skazochnoe-nedorazumenie,Грейс. Сказочное недоразумение,объем,Число страниц было 3726 — сбой импорта; объем чтения нужно определить заново
greys-skazochnoe-nedorazumenie,Грейс. Сказочное недоразумение,возраст,«7–12 лет» стоит у 399 книг — похоже на значение по умолчанию; проверить
duh-iz-volshebnoy-fleyty-tom-1-kanikuly-s-ekayami,Дух из волшебной флейты. Том 1. Каникулы с ёкаями,объем,Число страниц было 3726 — сбой импорта; объем чтения нужно определить заново
duh-iz-volshebnoy-fleyty-tom-1-kanikuly-s-ekayami,Дух из волшебной флейты. Том 1. Каникулы с ёкаями,возраст,«7–12 лет» стоит у 399 книг — похоже на значение по умолчанию; проверить
tayna-knyazheskoy-usadby,Тайна княжеской усадьбы,объем,Число страниц было 3726 — сбой импорта; объем чтения нужно определить заново
uno-kroshechnoe-priklyuchenie,Уно. Крошечное приключение,объем,Число страниц было 3726 — сбой импорта; объем чтения нужно определить заново
uno-kroshechnoe-priklyuchenie,Уно. Крошечное приключение,возраст,«7–12 лет» стоит у 399 книг — похоже на значение по умолчанию; проверить
uno-s-nosom-naperegonki,Уно. С носом наперегонки,объем,Число страниц было 3726 — сбой импорта; объем чтения нужно определить заново
uno-s-nosom-naperegonki,Уно. С носом наперегонки,возраст,«7–12 лет» стоит у 399 книг — похоже на значение по умолчанию; проверить
tayna-odnoy-nogi,Тайна одной ноги,объем,Число страниц было 3726 — сбой импорта; объем чтения нужно определить заново
zato-sam-rasskazy-dlya-pervogo-chteniya-4-stupen-mnogo-bukv,Зато сам! Рассказы для первого чтения. 4 ступень (много букв),объем,Число страниц было 3726 — сбой импорта; объем чтения нужно определить заново
zato-sam-rasskazy-dlya-pervogo-chteniya-3-stupen-6-7-bukv,Зато сам! Рассказы для первого чтения. 3 ступень (6-7 букв),объем,Число страниц было 3726 — сбой импорта; объем чтения нужно определить заново
zato-sam-rasskazy-dlya-pervogo-chteniya-2-stupen-6-bukv,Зато сам! Рассказы для первого чтения. 2 ступень (6 букв),объем,Число страниц было 3726 — сбой импорта; объем чтения нужно определить заново
zato-sam-rasskazy-dlya-pervogo-chteniya-1-stupen-3-4-bukvy,Зато сам! Рассказы для первого чтения. 1 ступень (3-4 буквы),объем,Число страниц было 3726 — сбой импорта; объем чтения нужно определить заново
emil-i-margo-kamennyy-monstr-kniga-dlya-pervogo-chteniya,Эмиль и Марго. Каменный монстр. Книга для первого чтения,объем,Число страниц было 3726 — сбой импорта; объем чтения нужно определить заново
emil-i-margo-kamennyy-monstr-kniga-dlya-pervogo-chteniya,Эмиль и Марго. Каменный монстр. Книга для первого чтения,возраст,«7–12 лет» стоит у 399 книг — похоже на значение по умолчанию; проверить
tayna-kovarnoy-rusalki,Тайна коварной русалки,объем,Число страниц было 3726 — сбой импорта; объем чтения нужно определить заново
tayna-kovarnoy-rusalki,Тайна коварной русалки,возраст,«7–12 лет» стоит у 399 книг — похоже на значение по умолчанию; проверить
devochka-medved,Девочка-медведь,объем,Число страниц было 3726 — сбой импорта; объем чтения нужно определить заново
devochka-medved,Девочка-медведь,возраст,«7–12 лет» стоит у 399 книг — похоже на значение по умолчанию; проверить
zolotaya-pechatnaya-mashinka,Золотая печатная машинка,объем,Число страниц было 3726 — сбой импорта; объем чтения нужно определить заново
ohotniki-na-prizrakov-tom-2,Охотники на призраков. Том 2,объем,Число страниц было 3726 — сбой импорта; объем чтения нужно определить заново
zimnie-istorii-pro-miru-i-goshu,Зимние истории про Миру и Гошу,объем,Число страниц было 3726 — сбой импорта; объем чтения нужно определить заново
zimnie-istorii-pro-miru-i-goshu,Зимние истории про Миру и Гошу,возраст,«7–12 лет» стоит у 399 книг — похоже на значение по умолчанию; проверить
greys-korolevstvo-vverh-kopytami,Грейс. Королевство вверх копытами,объем,Число страниц было 3726 — сбой импорта; объем чтения нужно определить заново
greys-korolevstvo-vverh-kopytami,Грейс. Королевство вверх копытами,возраст,«7–12 лет» стоит у 399 книг — похоже на значение по умолчанию; проверить
strashnye-istorii,Страшные истории,объем,Число страниц было 3726 — сбой импорта; объем чтения нужно определить заново
strashnye-istorii,Страшные истории,возраст,«7–12 лет» стоит у 399 книг — похоже на значение по умолчанию; проверить
zamok-kolduna-kniga-kvest,Замок колдуна. Книга-квест,объем,Число страниц было 3726 — сбой импорта; объем чтения нужно определить заново
zamok-kolduna-kniga-kvest,Замок колдуна. Книга-квест,возраст,«7–12 лет» стоит у 399 книг — похоже на значение по умолчанию; проверить
les-vverh-tormashkami,Лес Вверх Тормашками,объем,Число страниц было 3726 — сбой импорта; объем чтения нужно определить заново
les-vverh-tormashkami,Лес Вверх Тормашками,возраст,«7–12 лет» стоит у 399 книг — похоже на значение по умолчанию; проверить
gde-rabotaet-yaga,Где работает Яга?,объем,Число страниц было 3726 — сбой импорта; объем чтения нужно определить заново
gde-rabotaet-yaga,Где работает Яга?,возраст,«7–12 лет» стоит у 399 книг — похоже на значение по умолчанию; проверить
ohotniki-na-prizrakov-tom-1,Охотники на призраков. Том 1,объем,Число страниц было 3726 — сбой импорта; объем чтения нужно определить заново
mrachnyy-vzvod-byl-ili-nebyl,Мрачный взвод. Быль или небыль,объем,Число страниц было 3726 — сбой импорта; объем чтения нужно определить заново
mrachnyy-vzvod-byl-ili-nebyl,Мрачный взвод. Быль или небыль,возраст,«7–12 лет» стоит у 399 книг — похоже на значение по умолчанию; проверить
hton-v-palto-zhit-dalshe,Хтонь в пальто. Жить дальше,объем,Число страниц было 3726 — сбой импорта; объем чтения нужно определить заново
hton-v-palto-zhit-dalshe,Хтонь в пальто. Жить дальше,возраст,«7–12 лет» стоит у 399 книг — похоже на значение по умолчанию; проверить
burya-i-chudnoy-otryad,Буря и чудной отряд,объем,Число страниц было 3726 — сбой импорта; объем чтения нужно определить заново
burya-i-chudnoy-otryad,Буря и чудной отряд,возраст,«7–12 лет» стоит у 399 книг — похоже на значение по умолчанию; проверить
tochka-zreniya-vseveduschego-chitatelya-tom-4,Точка зрения Всеведущего читателя. Том 4,объем,Число страниц было 3726 — сбой импорта; объем чтения нужно определить заново
tochka-zreniya-vseveduschego-chitatelya-tom-4,Точка зрения Всеведущего читателя. Том 4,возраст,«7–12 лет» стоит у 399 книг — похоже на значение по умолчанию; проверить
tochka-zreniya-vseveduschego-chitatelya-tom-3,Точка зрения Всеведущего читателя. Том 3,объем,Число страниц было 3726 — сбой импорта; объем чтения нужно определить заново
tochka-zreniya-vseveduschego-chitatelya-tom-3,Точка зрения Всеведущего читателя. Том 3,возраст,«7–12 лет» стоит у 399 книг — похоже на значение по умолчанию; проверить
interstellar,Интерстеллар,объем,Число страниц было 3726 — сбой импорта; объем чтения нужно определить заново
interstellar,Интерстеллар,возраст,«7–12 лет» стоит у 399 книг — похоже на значение по умолчанию; проверить
novyy-god-v-russkoy-istorii,Новый год в русской истории,объем,Число страниц было 3726 — сбой импорта; объем чтения нужно определить заново
novyy-god-v-russkoy-istorii,Новый год в русской истории,возраст,«7–12 лет» стоит у 399 книг — похоже на значение по умолчанию; проверить
akademiya-matematiki-bitva-hakerov-tom-2,Академия математики. Битва хакеров. Том 2,объем,Число страниц было 3726 — сбой импорта; объем чтения нужно определить заново
akademiya-matematiki-bitva-hakerov-tom-2,Академия математики. Битва хакеров. Том 2,возраст,«7–12 лет» стоит у 399 книг — похоже на значение по умолчанию; проверить
svetomore-tom-2-razrushitel-solntsa,Светоморье. Том 2. Разрушитель солнца,объем,Число страниц было 3726 — сбой импорта; объем чтения нужно определить заново
svetomore-tom-2-razrushitel-solntsa,Светоморье. Том 2. Разрушитель солнца,возраст,«7–12 лет» стоит у 399 книг — похоже на значение по умолчанию; проверить
akademiya-matematiki-delo-hakerskogo-kluba-tom-1,Академия математики. Дело хакерского клуба. Том 1,объем,Число страниц было 3726 — сбой импорта; объем чтения нужно определить заново
akademiya-matematiki-delo-hakerskogo-kluba-tom-1,Академия математики. Дело хакерского клуба. Том 1,возраст,«7–12 лет» стоит у 399 книг — похоже на значение по умолчанию; проверить
svetomore-tom-3-temnye-vremena,Светоморье. Том 3. Темные времена,объем,Число страниц было 3726 — сбой импорта; объем чтения нужно определить заново
svetomore-tom-3-temnye-vremena,Светоморье. Том 3. Темные времена,возраст,«7–12 лет» стоит у 399 книг — похоже на значение по умолчанию; проверить
devochka-s-lisim-hvostom-tom-6,Девочка с лисьим хвостом. Том 6,объем,Число страниц было 3726 — сбой импорта; объем чтения нужно определить заново
pomoschnik-bibliotekarya-113,Помощник библиотекаря № 113,объем,Число страниц было 3726 — сбой импорта; объем чтения нужно определить заново
anya-iz-zelenyh-mezoninov,Аня из Зеленых Мезонинов,объем,Число страниц было 3726 — сбой импорта; объем чтения нужно определить заново
anya-iz-zelenyh-mezoninov,Аня из Зеленых Мезонинов,возраст,«7–12 лет» стоит у 399 книг — похоже на значение по умолчанию; проверить
shkola-globus,Школа «Глобус»,объем,Число страниц было 3726 — сбой импорта; объем чтения нужно определить заново
lavka-straha,Лавка страха,объем,Число страниц было 3726 — сбой импорта; объем чтения нужно определить заново
lavka-straha,Лавка страха,возраст,«7–12 лет» стоит у 399 книг — похоже на значение по умолчанию; проверить
emil-i-margo-strashno-vazhnaya-tseremoniya,Эмиль и Марго. Страшно важная церемония,объем,Число страниц было 3726 — сбой импорта; объем чтения нужно определить заново
emil-i-margo-strashno-vazhnaya-tseremoniya,Эмиль и Марго. Страшно важная церемония,возраст,«7–12 лет» стоит у 399 книг — похоже на значение по умолчанию; проверить
deniskiny-rasskazy-vneklassnoe-chtenie,Денискины рассказы (Внеклассное чтение),объем,Число страниц было 3726 — сбой импорта; объем чтения нужно определить заново
deniskiny-rasskazy-vneklassnoe-chtenie,Денискины рассказы (Внеклассное чтение),возраст,«7–12 лет» стоит у 399 книг — похоже на значение по умолчанию; проверить
beleet-parus-odinokiy,Белеет парус одинокий,объем,Число страниц было 3726 — сбой импорта; объем чтения нужно определить заново
beleet-parus-odinokiy,Белеет парус одинокий,возраст,«7–12 лет» стоит у 399 книг — похоже на значение по умолчанию; проверить
missiya-dikogo-robota,Миссия дикого робота,объем,Число страниц было 3726 — сбой импорта; объем чтения нужно определить заново
kashtanka-i-drugie-rasskazy-vneklassnoe-chtenie,Каштанка и другие рассказы (Внеклассное чтение),объем,Число страниц было 3726 — сбой импорта; объем чтения нужно определить заново
kashtanka-i-drugie-rasskazy-vneklassnoe-chtenie,Каштанка и другие рассказы (Внеклассное чтение),возраст,«7–12 лет» стоит у 399 книг — похоже на значение по умолчанию; проверить
volshebnaya-biblioteka-brokkoli,Волшебная библиотека Брокколи,объем,Число страниц было 3726 — сбой импорта; объем чтения нужно определить заново
volshebnaya-biblioteka-brokkoli,Волшебная библиотека Брокколи,возраст,«7–12 лет» стоит у 399 книг — похоже на значение по умолчанию; проверить
volshebnik-izumrudnogo-goroda-vneklassnoe-chtenie,Волшебник Изумрудного города (Внеклассное чтение),объем,Число страниц было 3726 — сбой импорта; объем чтения нужно определить заново
volshebnik-izumrudnogo-goroda-vneklassnoe-chtenie,Волшебник Изумрудного города (Внеклассное чтение),возраст,«7–12 лет» стоит у 399 книг — похоже на значение по умолчанию; проверить
skazy,Сказы,объем,Число страниц было 3726 — сбой импорта; объем чтения нужно определить заново
skazy,Сказы,возраст,«7–12 лет» стоит у 399 книг — похоже на значение по умолчанию; проверить
legendy-i-mify-drevney-gretsii-bogi-i-geroi,Легенды и мифы Древней Греции. Боги и герои,объем,Число страниц было 3726 — сбой импорта; объем чтения нужно определить заново
legendy-i-mify-drevney-gretsii-bogi-i-geroi,Легенды и мифы Древней Греции. Боги и герои,возраст,«7–12 лет» стоит у 399 книг — похоже на значение по умолчанию; проверить
timur-i-ego-komanda-vneklassnoe-chtenie,Тимур и его команда (Внеклассное чтение),объем,Число страниц было 3726 — сбой импорта; объем чтения нужно определить заново
timur-i-ego-komanda-vneklassnoe-chtenie,Тимур и его команда (Внеклассное чтение),возраст,«7–12 лет» стоит у 399 книг — похоже на значение по умолчанию; проверить
snezhnaya-koroleva-illyustratsii-oksany-viktorovoy,Снежная королева (иллюстрации Оксаны Викторовой),объем,Число страниц было 3726 — сбой импорта; объем чтения нужно определить заново
snezhnaya-koroleva-illyustratsii-oksany-viktorovoy,Снежная королева (иллюстрации Оксаны Викторовой),возраст,«7–12 лет» стоит у 399 книг — похоже на значение по умолчанию; проверить
biblioteka-kota-mortimera,Библиотека кота Мортимера,объем,Число страниц было 3726 — сбой импорта; объем чтения нужно определить заново
biblioteka-kota-mortimera,Библиотека кота Мортимера,возраст,«7–12 лет» стоит у 399 книг — похоже на значение по умолчанию; проверить
devyat-myshat-i-kot,Девять мышат и кот,объем,Число страниц было 3726 — сбой импорта; объем чтения нужно определить заново
devyat-myshat-i-kot,Девять мышат и кот,возраст,«7–12 лет» стоит у 399 книг — похоже на значение по умолчанию; проверить
devochka-s-lisim-hvostom-tom-5,Девочка с лисьим хвостом. Том 5,объем,Число страниц было 3726 — сбой импорта; объем чтения нужно определить заново
magazinchik-moego-dedushki,Магазинчик моего дедушки,объем,Число страниц было 3726 — сбой импорта; объем чтения нужно определить заново
magazinchik-moego-dedushki,Магазинчик моего дедушки,возраст,«7–12 лет» стоит у 399 книг — похоже на значение по умолчанию; проверить
sonnye-skazki-gregori,Сонные сказки,объем,Число страниц было 3726 — сбой импорта; объем чтения нужно определить заново
puteshestvie-v-drevlyandiyu,Путешествие в Древляндию,объем,Число страниц было 3726 — сбой импорта; объем чтения нужно определить заново
puteshestvie-v-drevlyandiyu,Путешествие в Древляндию,возраст,«7–12 лет» стоит у 399 книг — похоже на значение по умолчанию; проверить
amir-i-bezumnyy-ingredient,Амир и безумный ингредиент,объем,Число страниц было 3726 — сбой импорта; объем чтения нужно определить заново
knizhnyy-les,Книжный лес,объем,Число страниц было 3726 — сбой импорта; объем чтения нужно определить заново
knizhnyy-les,Книжный лес,возраст,«7–12 лет» стоит у 399 книг — похоже на значение по умолчанию; проверить
hroniki-pereputya,Хроники Перепутья,объем,Число страниц было 3726 — сбой импорта; объем чтения нужно определить заново
hroniki-pereputya,Хроники Перепутья,возраст,«7–12 лет» стоит у 399 книг — похоже на значение по умолчанию; проверить
missiya-luchshaya-podruga,Миссия «Лучшая подруга»,объем,Число страниц было 3726 — сбой импорта; объем чтения нужно определить заново
devochka-s-lisim-hvostom-tom-4,Девочка с лисьим хвостом. Том 4,объем,Число страниц было 3726 — сбой импорта; объем чтения нужно определить заново
dikiy-robot-paperback,Дикий робот (Paperback),объем,Число страниц было 3726 — сбой импорта; объем чтения нужно определить заново
dikiy-robot-paperback,Дикий робот (Paperback),возраст,«7–12 лет» стоит у 399 книг — похоже на значение по умолчанию; проверить
alisa-v-strane-snov-odnazhdy-v-skazke,Алиса в стране снов. Однажды в сказке,объем,Число страниц было 3726 — сбой импорта; объем чтения нужно определить заново
alisa-v-strane-snov-odnazhdy-v-skazke,Алиса в стране снов. Однажды в сказке,возраст,«7–12 лет» стоит у 399 книг — похоже на значение по умолчанию; проверить
chudovische-i-krasavitsa-odnazhdy-v-skazke,Чудовище и красавица. Однажды в сказке,объем,Число страниц было 3726 — сбой импорта; объем чтения нужно определить заново
chudovische-i-krasavitsa-odnazhdy-v-skazke,Чудовище и красавица. Однажды в сказке,возраст,«7–12 лет» стоит у 399 книг — похоже на значение по умолчанию; проверить
skazki-medvedya-gustava-kosolapaya-dolina,Сказки медведя Густава. Косолапая долина,объем,Число страниц было 3726 — сбой импорта; объем чтения нужно определить заново
devochka-s-lisim-hvostom-tom-3,Девочка с лисьим хвостом. Том 3,объем,Число страниц было 3726 — сбой импорта; объем чтения нужно определить заново
shkola-snegurochek-i-tayna-propavshey-hranitelnitsy,Школа снегурочек и тайна пропавшей хранительницы,объем,Число страниц было 3726 — сбой импорта; объем чтения нужно определить заново
shkola-snegurochek-i-tayna-propavshey-hranitelnitsy,Школа снегурочек и тайна пропавшей хранительницы,возраст,«7–12 лет» стоит у 399 книг — похоже на значение по умолчанию; проверить
dve-zimy,Две зимы,объем,Число страниц было 3726 — сбой импорта; объем чтения нужно определить заново
dve-zimy,Две зимы,возраст,«7–12 лет» стоит у 399 книг — похоже на значение по умолчанию; проверить
tayna-zabroshennogo-doma,Тайна заброшенного дома,объем,Число страниц было 3726 — сбой импорта; объем чтения нужно определить заново
zato-sam-rasskazy-dlya-pervogo-chteniya-kniga-2,Зато сам! Рассказы для первого чтения. Книга 2,объем,Число страниц было 3726 — сбой импорта; объем чтения нужно определить заново
sharf-v-yarkuyu-polosku,Шарф в яркую полоску,объем,Число страниц было 3726 — сбой импорта; объем чтения нужно определить заново
sharf-v-yarkuyu-polosku,Шарф в яркую полоску,возраст,«7–12 лет» стоит у 399 книг — похоже на значение по умолчанию; проверить
ryzhiy-kot-i-novyy-god,Рыжий кот и Новый год,объем,Число страниц было 3726 — сбой импорта; объем чтения нужно определить заново
ryzhiy-kot-i-novyy-god,Рыжий кот и Новый год,возраст,«7–12 лет» стоит у 399 книг — похоже на значение по умолчанию; проверить
skazki-medvedya-gustava-revuschiy-ruchey,Сказки медведя Густава. Ревущий ручей,объем,Число страниц было 3726 — сбой импорта; объем чтения нужно определить заново
skazki-medvedya-gustava-revuschiy-ruchey,Сказки медведя Густава. Ревущий ручей,возраст,«7–12 лет» стоит у 399 книг — похоже на значение по умолчанию; проверить
devochka-s-lisim-hvostom-tom-2,Девочка с лисьим хвостом. Том 2,объем,Число страниц было 3726 — сбой импорта; объем чтения нужно определить заново
alisa-v-strane-chudes,Алиса в Стране чудес,объем,Число страниц было 3726 — сбой импорта; объем чтения нужно определить заново
alisa-v-strane-chudes,Алиса в Стране чудес,возраст,«7–12 лет» стоит у 399 книг — похоже на значение по умолчанию; проверить
dzhuliya-i-akula,Джулия и акула,объем,Число страниц было 3726 — сбой импорта; объем чтения нужно определить заново
dzhuliya-i-akula,Джулия и акула,возраст,«7–12 лет» стоит у 399 книг — похоже на значение по умолчанию; проверить
malenkiy-prints,Маленький принц,объем,Число страниц было 3726 — сбой импорта; объем чтения нужно определить заново
malenkiy-prints,Маленький принц,возраст,«7–12 лет» стоит у 399 книг — похоже на значение по умолчанию; проверить
talant-koula,Талант Коула,объем,Число страниц было 3726 — сбой импорта; объем чтения нужно определить заново
shkola-talantov-urok-tretiy-chudovischa-na-vyhod,"Школа талантов. Урок третий: чудовища, на выход!",объем,Число страниц было 3726 — сбой импорта; объем чтения нужно определить заново
shkola-talantov-urok-tretiy-chudovischa-na-vyhod,"Школа талантов. Урок третий: чудовища, на выход!",возраст,«7–12 лет» стоит у 399 книг — похоже на значение по умолчанию; проверить
hraniteli-mira-doroga-domoy,Хранители мира. Дорога домой,объем,Число страниц было 3726 — сбой импорта; объем чтения нужно определить заново
hraniteli-mira-doroga-domoy,Хранители мира. Дорога домой,возраст,«7–12 лет» стоит у 399 книг — похоже на значение по умолчанию; проверить
skazki-na-noch,Сказки на ночь,объем,Число страниц было 3726 — сбой импорта; объем чтения нужно определить заново
skazki-medvedya-gustava-dom-v-malinnike,Сказки медведя Густава. Дом в малиннике,объем,Число страниц было 3726 — сбой импорта; объем чтения нужно определить заново
skazki-medvedya-gustava-dom-v-malinnike,Сказки медведя Густава. Дом в малиннике,возраст,«7–12 лет» стоит у 399 книг — похоже на значение по умолчанию; проверить
dom-vdali-ot-mira,Дом вдали от мира,объем,Число страниц было 3726 — сбой импорта; объем чтения нужно определить заново
zato-sam-rasskazy-dlya-pervogo-chteniya,Зато сам! Рассказы для первого чтения,объем,Число страниц было 3726 — сбой импорта; объем чтения нужно определить заново
my-igrali-s-ognem,Мы играли с огнём,объем,Число страниц было 3726 — сбой импорта; объем чтения нужно определить заново
elka-pryaniki-podarki,"Ёлка, пряники, подарки",объем,Число страниц было 3726 — сбой импорта; объем чтения нужно определить заново
elka-pryaniki-podarki,"Ёлка, пряники, подарки",возраст,«7–12 лет» стоит у 399 книг — похоже на значение по умолчанию; проверить
yeti-kamera-motor,"Йети, камера, мотор!",объем,Число страниц было 3726 — сбой импорта; объем чтения нужно определить заново
shkola-magicheskih-zverey-kto-sidit-v-temnote,Школа магических зверей. Кто сидит в темноте?,объем,Число страниц было 3726 — сбой импорта; объем чтения нужно определить заново
shkola-magicheskih-zverey-kto-sidit-v-temnote,Школа магических зверей. Кто сидит в темноте?,возраст,«7–12 лет» стоит у 399 книг — похоже на значение по умолчанию; проверить
bezrabotnyy-ded-moroz-volshebnyy-krugovorot,Безработный Дед Мороз. Волшебный круговорот,объем,Число страниц было 3726 — сбой импорта; объем чтения нужно определить заново
bezrabotnyy-ded-moroz-volshebnyy-krugovorot,Безработный Дед Мороз. Волшебный круговорот,возраст,«7–12 лет» стоит у 399 книг — похоже на значение по умолчанию; проверить
hraniteli-mira,Хранители мира,объем,Число страниц было 3726 — сбой импорта; объем чтения нужно определить заново
hraniteli-mira,Хранители мира,возраст,«7–12 лет» стоит у 399 книг — похоже на значение по умолчанию; проверить
nezemlyane,Неземляне,объем,Число страниц было 3726 — сбой импорта; объем чтения нужно определить заново
shkola-talantov-urok-vtoroy-konets-sveta,Школа талантов. Урок второй: конец света,объем,Число страниц было 3726 — сбой импорта; объем чтения нужно определить заново
shkola-talantov-urok-vtoroy-konets-sveta,Школа талантов. Урок второй: конец света,возраст,«7–12 лет» стоит у 399 книг — похоже на значение по умолчанию; проверить
gula-kamakri,Гула Камакри,объем,Число страниц было 3726 — сбой импорта; объем чтения нужно определить заново
promezhute,Промежутье,объем,Число страниц было 3726 — сбой импорта; объем чтения нужно определить заново
promezhute,Промежутье,возраст,«7–12 лет» стоит у 399 книг — похоже на значение по умолчанию; проверить
alisa-v-strane-chudes-i-v-zazerkale,Алиса в Стране Чудес и в Зазеркалье,объем,Число страниц было 3726 — сбой импорта; объем чтения нужно определить заново
alisa-v-strane-chudes-i-v-zazerkale,Алиса в Стране Чудес и в Зазеркалье,возраст,«7–12 лет» стоит у 399 книг — похоже на значение по умолчанию; проверить
malenkiy-teo-idet-v-detskiy-sad,Маленький Тео идет в детский сад,объем,Число страниц было 3726 — сбой импорта; объем чтения нужно определить заново
muzyka-krylev,Музыка крыльев,объем,Число страниц было 3726 — сбой импорта; объем чтения нужно определить заново
muzyka-krylev,Музыка крыльев,возраст,«7–12 лет» стоит у 399 книг — похоже на значение по умолчанию; проверить
privet-mayak,"Привет, маяк!",объем,Число страниц было 3726 — сбой импорта; объем чтения нужно определить заново
privet-mayak,"Привет, маяк!",возраст,«7–12 лет» стоит у 399 книг — похоже на значение по умолчанию; проверить
shkola-magicheskih-zverey-kopay-glubzhe,Школа магических зверей. Копай глубже!,объем,Число страниц было 3726 — сбой импорта; объем чтения нужно определить заново
shkola-magicheskih-zverey-kopay-glubzhe,Школа магических зверей. Копай глубже!,возраст,«7–12 лет» стоит у 399 книг — похоже на значение по умолчанию; проверить
shkola-talantov-urok-pervyy-zverskiy-shum,Школа талантов. Урок первый: зверский шум!,объем,Число страниц было 3726 — сбой импорта; объем чтения нужно определить заново
shkola-talantov-urok-pervyy-zverskiy-shum,Школа талантов. Урок первый: зверский шум!,возраст,«7–12 лет» стоит у 399 книг — похоже на значение по умолчанию; проверить
prosto-rikka-i-tochka,Просто Рикка. И точка,объем,Число страниц было 3726 — сбой импорта; объем чтения нужно определить заново
prosto-rikka-i-tochka,Просто Рикка. И точка,возраст,«7–12 лет» стоит у 399 книг — похоже на значение по умолчанию; проверить
kit-na-plyazhe,Кит на пляже,объем,Число страниц было 3726 — сбой импорта; объем чтения нужно определить заново
shkola-magicheskih-zverey,Школа магических зверей,объем,Число страниц было 3726 — сбой импорта; объем чтения нужно определить заново
shkola-magicheskih-zverey,Школа магических зверей,возраст,«7–12 лет» стоит у 399 книг — похоже на значение по умолчанию; проверить
tilda-yablochnoe-semechko-pogonya-za-udachey,Тильда Яблочное Семечко. Погоня за удачей,объем,Число страниц было 3726 — сбой импорта; объем чтения нужно определить заново
tilda-yablochnoe-semechko-pogonya-za-udachey,Тильда Яблочное Семечко. Погоня за удачей,возраст,«7–12 лет» стоит у 399 книг — похоже на значение по умолчанию; проверить
indigo-s-marmeladnoy-ulitsy-i-ee-chudovischnye-pitomtsy,Индиго с Мармеладной улицы и её чудовищные питомцы,объем,Число страниц было 3726 — сбой импорта; объем чтения нужно определить заново
indigo-s-marmeladnoy-ulitsy-i-ee-chudovischnye-pitomtsy,Индиго с Мармеладной улицы и её чудовищные питомцы,возраст,«7–12 лет» стоит у 399 книг — похоже на значение по умолчанию; проверить
zakon-rakushki,Закон ракушки,объем,Число страниц было 3726 — сбой импорта; объем чтения нужно определить заново
chay-v-zimnem-lesu,Чай в зимнем лесу,объем,Число страниц было 3726 — сбой импорта; объем чтения нужно определить заново
lanselot,Ланселот,объем,Число страниц было 3726 — сбой импорта; объем чтения нужно определить заново
lanselot,Ланселот,возраст,«7–12 лет» стоит у 399 книг — похоже на значение по умолчанию; проверить
yeti-deti-ded-moroz,"Йети, дети, Дед Мороз",объем,Число страниц было 3726 — сбой импорта; объем чтения нужно определить заново
yeti-deti-ded-moroz,"Йети, дети, Дед Мороз",возраст,«7–12 лет» стоит у 399 книг — похоже на значение по умолчанию; проверить
krasnaya-nitochka,Красная ниточка,объем,Число страниц было 3726 — сбой импорта; объем чтения нужно определить заново
dve-schepotki-schastya,Две щепотки счастья,объем,Число страниц было 3726 — сбой импорта; объем чтения нужно определить заново
dve-schepotki-schastya,Две щепотки счастья,возраст,«7–12 лет» стоит у 399 книг — похоже на значение по умолчанию; проверить
vse-budet-horosho-obyazatelno,"Все будет хорошо, обязательно",объем,Число страниц было 3726 — сбой импорта; объем чтения нужно определить заново
pinella-propella,Пинелла Пропелла,объем,Число страниц было 3726 — сбой импорта; объем чтения нужно определить заново
imya-dlya-kapitana,Имя для капитана,объем,Число страниц было 3726 — сбой импорта; объем чтения нужно определить заново
imya-dlya-kapitana,Имя для капитана,возраст,«7–12 лет» стоит у 399 книг — похоже на значение по умолчанию; проверить
banka-so-svetlyachkami,Банка со светлячками,объем,Число страниц было 3726 — сбой импорта; объем чтения нужно определить заново
banka-so-svetlyachkami,Банка со светлячками,возраст,«7–12 лет» стоит у 399 книг — похоже на значение по умолчанию; проверить
tri-geroya-matildy,Три героя Матильды,объем,Число страниц было 3726 — сбой импорта; объем чтения нужно определить заново
tri-geroya-matildy,Три героя Матильды,возраст,«7–12 лет» стоит у 399 книг — похоже на значение по умолчанию; проверить
zhozefina-mechtaet-o-druge,Жозефина мечтает о друге,объем,Число страниц было 3726 — сбой импорта; объем чтения нужно определить заново
zhozefina-mechtaet-o-druge,Жозефина мечтает о друге,возраст,«7–12 лет» стоит у 399 книг — похоже на значение по умолчанию; проверить
zhozefina-mechtaet-o-more,Жозефина мечтает о море,объем,Число страниц было 3726 — сбой импорта; объем чтения нужно определить заново
zhozefina-mechtaet-o-more,Жозефина мечтает о море,возраст,«7–12 лет» стоит у 399 книг — похоже на значение по умолчанию; проверить
stihi-o-tsvetah,Стихи о цветах,объем,Число страниц было 3726 — сбой импорта; объем чтения нужно определить заново
stihi-o-tsvetah,Стихи о цветах,возраст,«7–12 лет» стоит у 399 книг — похоже на значение по умолчанию; проверить
tilda-yablochnoe-semechko-bolshoy-perepoloh,Тильда Яблочное Семечко. Большой переполох,объем,Число страниц было 3726 — сбой импорта; объем чтения нужно определить заново
tilda-yablochnoe-semechko-bolshoy-perepoloh,Тильда Яблочное Семечко. Большой переполох,возраст,«7–12 лет» стоит у 399 книг — похоже на значение по умолчанию; проверить
zhil-na-svete-barsuk,Жил на свете Барсук,объем,Число страниц было 3726 — сбой импорта; объем чтения нужно определить заново
istorii-dyadyushki-duba-kniga-2-serdtse,Истории Дядюшки Дуба. Книга 2. Сердце,объем,Число страниц было 3726 — сбой импорта; объем чтения нужно определить заново
madam-badubeda,Мадам Бадубеда,объем,Число страниц было 3726 — сбой импорта; объем чтения нужно определить заново
madam-badubeda,Мадам Бадубеда,возраст,«7–12 лет» стоит у 399 книг — похоже на значение по умолчанию; проверить
moh-istoriya-odnogo-psa,Мох. История одного пса,объем,Число страниц было 3726 — сбой импорта; объем чтения нужно определить заново
moh-istoriya-odnogo-psa,Мох. История одного пса,возраст,«7–12 лет» стоит у 399 книг — похоже на значение по умолчанию; проверить
proisshestvie-v-kuryatnike,Происшествие в курятнике,объем,Число страниц было 3726 — сбой импорта; объем чтения нужно определить заново
v-poiskah-volka,В поисках Волка,объем,Число страниц было 3726 — сбой импорта; объем чтения нужно определить заново
v-poiskah-volka,В поисках Волка,возраст,«7–12 лет» стоит у 399 книг — похоже на значение по умолчанию; проверить
yaroshtorm,Ярошторм,объем,Число страниц было 3726 — сбой импорта; объем чтения нужно определить заново
drug-nepohozhiy-na-drugih,"Друг, непохожий на других",объем,Число страниц было 3726 — сбой импорта; объем чтения нужно определить заново
drug-nepohozhiy-na-drugih,"Друг, непохожий на других",возраст,«7–12 лет» стоит у 399 книг — похоже на значение по умолчанию; проверить
tilda-yablochnoe-semechko-veter-priklyucheniy,Тильда Яблочное Семечко. Ветер приключений,объем,Число страниц было 3726 — сбой импорта; объем чтения нужно определить заново
istoriya-severnogo-kruga,История Северного круга,объем,Число страниц было 3726 — сбой импорта; объем чтения нужно определить заново
istoriya-severnogo-kruga,История Северного круга,возраст,«7–12 лет» стоит у 399 книг — похоже на значение по умолчанию; проверить
stertyy,Стёртый,объем,Число страниц было 3726 — сбой импорта; объем чтения нужно определить заново
ya-zabyla-vse-na-svete,Я забыла все на свете,объем,Число страниц было 3726 — сбой импорта; объем чтения нужно определить заново
istorii-dyadyushki-duba-kniga-1-vstrecha,Истории Дядюшки Дуба. Книга 1. Встреча,объем,Число страниц было 3726 — сбой импорта; объем чтения нужно определить заново
tilda-yablochnoe-semechko-kuda-propal-rupert,Тильда Яблочное Семечко. Куда пропал Руперт?,объем,Число страниц было 3726 — сбой импорта; объем чтения нужно определить заново
tilda-yablochnoe-semechko-kuda-propal-rupert,Тильда Яблочное Семечко. Куда пропал Руперт?,возраст,«7–12 лет» стоит у 399 книг — похоже на значение по умолчанию; проверить
hilda-i-taynoe-ubezhische,Хильда и тайное убежище,объем,Число страниц было 3726 — сбой импорта; объем чтения нужно определить заново
nika-prevraschaetsya,Ника превращается,объем,Число страниц было 3726 — сбой импорта; объем чтения нужно определить заново
myshonok-po-imeni-dzhulian,Мышонок по имени Джулиан,объем,Число страниц было 3726 — сбой импорта; объем чтения нужно определить заново
myshonok-po-imeni-dzhulian,Мышонок по имени Джулиан,возраст,«7–12 лет» стоит у 399 книг — похоже на значение по умолчанию; проверить
bolshoy-vopros-malenkogo-hameleona,Большой вопрос маленького хамелеона,объем,Число страниц было 3726 — сбой импорта; объем чтения нужно определить заново
ne-opazdyvay-medved,"Не опаздывай, Медведь!",объем,Число страниц было 3726 — сбой импорта; объем чтения нужно определить заново
ne-opazdyvay-medved,"Не опаздывай, Медведь!",возраст,«7–12 лет» стоит у 399 книг — похоже на значение по умолчанию; проверить
plemya-zippoli,Племя Зипполи,объем,Число страниц было 3726 — сбой импорта; объем чтения нужно определить заново
odnazhdy-lunnoy-nochyu,Однажды лунной ночью,объем,Число страниц было 3726 — сбой импорта; объем чтения нужно определить заново
sirius,Сириус,объем,Число страниц было 3726 — сбой импорта; объем чтения нужно определить заново
vzaperti,Взаперти,объем,Число страниц было 3726 — сбой импорта; объем чтения нужно определить заново
koshachiy-cherdak,Кошачий чердак,объем,Число страниц было 3726 — сбой импорта; объем чтения нужно определить заново
koshachiy-cherdak,Кошачий чердак,возраст,«7–12 лет» стоит у 399 книг — похоже на значение по умолчанию; проверить
rozhdestvo-i-novyy-god,Рождество и Новый год,объем,Число страниц было 3726 — сбой импорта; объем чтения нужно определить заново
rozhdestvo-i-novyy-god,Рождество и Новый год,возраст,«7–12 лет» стоит у 399 книг — похоже на значение по умолчанию; проверить
hilda-i-bolshoy-parad,Хильда и Большой парад,объем,Число страниц было 3726 — сбой импорта; объем чтения нужно определить заново
volk-po-imeni-strannik,Волк по имени Странник,объем,Число страниц было 3726 — сбой импорта; объем чтения нужно определить заново
volk-po-imeni-strannik,Волк по имени Странник,возраст,«7–12 лет» стоит у 399 книг — похоже на значение по умолчанию; проверить
pervyy-sneg,Первый снег,объем,Число страниц было 3726 — сбой импорта; объем чтения нужно определить заново
v-dome-slon,В доме слон!,объем,Число страниц было 3726 — сбой импорта; объем чтения нужно определить заново
privet-eto-my,"Привет, это мы!",объем,Число страниц было 3726 — сбой импорта; объем чтения нужно определить заново
a-u-nashey-koshki-est-babushka,А у нашей кошки есть бабушка?,объем,Число страниц было 3726 — сбой импорта; объем чтения нужно определить заново
slon,Слон,объем,Число страниц было 3726 — сбой импорта; объем чтения нужно определить заново
slon,Слон,возраст,«7–12 лет» стоит у 399 книг — похоже на значение по умолчанию; проверить
dusya-i-porosenok-bobik,Дуся и Поросёнок Бобик,объем,Число страниц было 3726 — сбой импорта; объем чтения нужно определить заново
tonkiy-mech,Тонкий меч,объем,Число страниц было 3726 — сбой импорта; объем чтения нужно определить заново
tonkiy-mech,Тонкий меч,возраст,«7–12 лет» стоит у 399 книг — похоже на значение по умолчанию; проверить
pes-proglotivshiy-mir,"Пёс, проглотивший мир",объем,Число страниц было 3726 — сбой импорта; объем чтения нужно определить заново
pes-proglotivshiy-mir,"Пёс, проглотивший мир",возраст,«7–12 лет» стоит у 399 книг — похоже на значение по умолчанию; проверить
iskrenne-vash-zhiraf,"Искренне ваш, Жираф",объем,Число страниц было 3726 — сбой импорта; объем чтения нужно определить заново
iskrenne-vash-zhiraf,"Искренне ваш, Жираф",возраст,«7–12 лет» стоит у 399 книг — похоже на значение по умолчанию; проверить
zagadka-propavshey-kamei,Загадка пропавшей камеи,объем,Число страниц было 3726 — сбой импорта; объем чтения нужно определить заново
zagadka-propavshey-kamei,Загадка пропавшей камеи,возраст,«7–12 лет» стоит у 399 книг — похоже на значение по умолчанию; проверить
luchshiy-podarok-dlya-mamy,Лучший подарок для мамы,объем,Число страниц было 3726 — сбой импорта; объем чтения нужно определить заново
luchshiy-podarok-dlya-mamy,Лучший подарок для мамы,возраст,«7–12 лет» стоит у 399 книг — похоже на значение по умолчанию; проверить
krasivaya-kniga-o-more,Красивая книга о море,объем,Число страниц было 3726 — сбой импорта; объем чтения нужно определить заново
krasivaya-kniga-o-more,Красивая книга о море,возраст,«7–12 лет» стоит у 399 книг — похоже на значение по умолчанию; проверить
spasenie-dikogo-robota,Спасение Дикого Робота,объем,Число страниц было 3726 — сбой импорта; объем чтения нужно определить заново
spasenie-dikogo-robota,Спасение Дикого Робота,возраст,«7–12 лет» стоит у 399 книг — похоже на значение по умолчанию; проверить
s-vozvrascheniem-tikki,"С возвращением, Тикки!",объем,Число страниц было 3726 — сбой импорта; объем чтения нужно определить заново
monti,Монти,объем,Число страниц было 3726 — сбой импорта; объем чтения нужно определить заново
hilda-i-nevidimyy-narodets,Хильда и невидимый народец,объем,Число страниц было 3726 — сбой импорта; объем чтения нужно определить заново
spokoynoy-nochi-miyuki,"Спокойной ночи, Миюки!",объем,Число страниц было 3726 — сбой импорта; объем чтения нужно определить заново
spokoynoy-nochi-miyuki,"Спокойной ночи, Миюки!",возраст,«7–12 лет» стоит у 399 книг — похоже на значение по умолчанию; проверить
miyuki-postoy,"Миюки, постой!",объем,Число страниц было 3726 — сбой импорта; объем чтения нужно определить заново
miyuki-postoy,"Миюки, постой!",возраст,«7–12 лет» стоит у 399 книг — похоже на значение по умолчанию; проверить
poteryal-myshonok-son,Потерял Мышонок сон...,объем,Число страниц было 3726 — сбой импорта; объем чтения нужно определить заново
pasha-i-papa-govoryat-o-zhivotnyh,Паша и папа говорят о животных,объем,Число страниц было 3726 — сбой импорта; объем чтения нужно определить заново
pasha-i-papa-govoryat-o-zhivotnyh,Паша и папа говорят о животных,возраст,«7–12 лет» стоит у 399 книг — похоже на значение по умолчанию; проверить
nochnye-rytsari,Ночные рыцари,объем,Число страниц было 3726 — сбой импорта; объем чтения нужно определить заново
nochnye-rytsari,Ночные рыцари,возраст,«7–12 лет» стоит у 399 книг — похоже на значение по умолчанию; проверить
zdravstvuyte-mister-hlad,"Здравствуйте, мистер Хлад",объем,Число страниц было 3726 — сбой импорта; объем чтения нужно определить заново
lyublyu-mama,Люблю. Мама,объем,Число страниц было 3726 — сбой импорта; объем чтения нужно определить заново
nastoyaschiy-korablik,Настоящий кораблик,объем,Число страниц было 3726 — сбой импорта; объем чтения нужно определить заново
nastoyaschiy-korablik,Настоящий кораблик,возраст,«7–12 лет» стоит у 399 книг — похоже на значение по умолчанию; проверить
365-pingvinov,365 пингвинов,объем,Число страниц было 3726 — сбой импорта; объем чтения нужно определить заново
365-pingvinov,365 пингвинов,возраст,«7–12 лет» стоит у 399 книг — похоже на значение по умолчанию; проверить
igrushechnye-rasskazy,Игрушечные рассказы,объем,Число страниц было 3726 — сбой импорта; объем чтения нужно определить заново
motsart-i-robinzon-volshebstvo-syrnoy-luny,Моцарт и Робинзон. Волшебство сырной луны,объем,Число страниц было 3726 — сбой импорта; объем чтения нужно определить заново
motsart-i-robinzon-volshebstvo-syrnoy-luny,Моцарт и Робинзон. Волшебство сырной луны,возраст,«7–12 лет» стоит у 399 книг — похоже на значение по умолчанию; проверить
motsart-i-robinzon-derzkiy-blinnyy-plan,Моцарт и Робинзон. Дерзкий блинный план,объем,Число страниц было 3726 — сбой импорта; объем чтения нужно определить заново
motsart-i-robinzon-derzkiy-blinnyy-plan,Моцарт и Робинзон. Дерзкий блинный план,возраст,«7–12 лет» стоит у 399 книг — похоже на значение по умолчанию; проверить
motsart-i-robinzon-pochti-neobitaemyy-ostrov,Моцарт и Робинзон. Почти необитаемый остров,объем,Число страниц было 3726 — сбой импорта; объем чтения нужно определить заново
motsart-i-robinzon-pochti-neobitaemyy-ostrov,Моцарт и Робинзон. Почти необитаемый остров,возраст,«7–12 лет» стоит у 399 книг — похоже на значение по умолчанию; проверить
prints-i-svintus,Принц и Свинтус,объем,Число страниц было 3726 — сбой импорта; объем чтения нужно определить заново
prints-i-svintus,Принц и Свинтус,возраст,«7–12 лет» стоит у 399 книг — похоже на значение по умолчанию; проверить
ya-ne-tvoya-mama,Я не твоя мама,объем,Число страниц было 3726 — сбой импорта; объем чтения нужно определить заново
dom,Дом,объем,Число страниц было 3726 — сбой импорта; объем чтения нужно определить заново
dom,Дом,возраст,«7–12 лет» стоит у 399 книг — похоже на значение по умолчанию; проверить
bayu-bay-do-utra,"Баю-бай, до утра!",объем,Число страниц было 3726 — сбой импорта; объем чтения нужно определить заново
vozvraschenie,Возвращение,объем,Число страниц было 3726 — сбой импорта; объем чтения нужно определить заново
vozvraschenie,Возвращение,возраст,«7–12 лет» стоит у 399 книг — похоже на значение по умолчанию; проверить
uroki-lva,Уроки льва,объем,Число страниц было 3726 — сбой импорта; объем чтения нужно определить заново
uroki-lva,Уроки льва,возраст,«7–12 лет» стоит у 399 книг — похоже на значение по умолчанию; проверить
dom-dlya-lis,Дом для лис,объем,Число страниц было 3726 — сбой импорта; объем чтения нужно определить заново
priklyuchenie,Приключение,объем,Число страниц было 3726 — сбой импорта; объем чтения нужно определить заново
priklyuchenie,Приключение,возраст,«7–12 лет» стоит у 399 книг — похоже на значение по умолчанию; проверить
chey-bok,Чей бок?,объем,Число страниц было 3726 — сбой импорта; объем чтения нужно определить заново
osennie-istorii-pro-miru-i-goshu,Осенние истории про Миру и Гошу,объем,Число страниц было 3726 — сбой импорта; объем чтения нужно определить заново
malenkiy-duh-schastya,Маленький дух счастья,объем,Число страниц было 3726 — сбой импорта; объем чтения нужно определить заново
malenkiy-duh-schastya,Маленький дух счастья,возраст,«7–12 лет» стоит у 399 книг — похоже на значение по умолчанию; проверить
hilda-i-tvig-progulka-pod-dozhdem,Хильда и Твиг. Прогулка под дождём,объем,Число страниц было 3726 — сбой импорта; объем чтения нужно определить заново
hilda-i-tvig-progulka-pod-dozhdem,Хильда и Твиг. Прогулка под дождём,возраст,«7–12 лет» стоит у 399 книг — похоже на значение по умолчанию; проверить
duh-chernilnitsy,Дух чернильницы,объем,Число страниц было 3726 — сбой импорта; объем чтения нужно определить заново
duh-chernilnitsy,Дух чернильницы,возраст,«7–12 лет» стоит у 399 книг — похоже на значение по умолчанию; проверить
zagadka-sekretnoy-komnaty-3,Загадка секретной комнаты (#3),объем,Число страниц было 3 — номер в серии; объем чтения нужно определить заново
zagadka-sekretnoy-komnaty-3,Загадка секретной комнаты (#3),возраст,«7–12 лет» стоит у 399 книг — похоже на значение по умолчанию; проверить
dnevnik-geroya-vzletaem-na-elitrah-kniga-14,Дневник героя. Взлетаем на элитрах! Книга 14,возраст,«7–12 лет» стоит у 399 книг — похоже на значение по умолчанию; проверить
yarmarka-zakrytyh-dverey-8,Ярмарка закрытых дверей (#8),возраст,«7–12 лет» стоит у 399 книг — похоже на значение по умолчанию; проверить
tayna-propavshey-zhemchuzhiny-1,Тайна пропавшей жемчужины (#1),объем,Число страниц было 1 — номер в серии; объем чтения нужно определить заново
pohischenie-v-kukuruznom-pole,Похищение в кукурузном поле,возраст,«7–12 лет» стоит у 399 книг — похоже на значение по умолчанию; проверить
vsadnik-bez-golovy-il-n-ustinova,Всадник без головы (ил. Н. Устинова),возраст,«7–12 лет» стоит у 399 книг — похоже на значение по умолчанию; проверить
tainstvennyy-shepot-2,Таинственный шепот (#2),объем,Число страниц было 2 — номер в серии; объем чтения нужно определить заново
tainstvennyy-shepot-2,Таинственный шепот (#2),возраст,«7–12 лет» стоит у 399 книг — похоже на значение по умолчанию; проверить
malenkiy-krasnyy-traktor-i-parovozik-il-f-gossensa,Маленький красный Трактор и паровозик (ил. Ф. Госсенса),объем,Число страниц было 5 — номер в серии; объем чтения нужно определить заново
krasnaya-shapochka-i-drugie-skazki-il-yu-goncharovoy,Красная Шапочка и другие сказки (ил. Ю. Гончаровой),возраст,«7–12 лет» стоит у 399 книг — похоже на значение по умолчанию; проверить
oliver-tvist-il-e-orehovoy,Оливер Твист (ил. Е. Ореховой),возраст,«7–12 лет» стоит у 399 книг — похоже на значение по умолчанию; проверить
priklyucheniya-karandasha-i-samodelkina-il-a-eliseeva,Приключения Карандаша и Самоделкина (ил. А. Елисеева),возраст,«7–12 лет» стоит у 399 книг — похоже на значение по умолчанию; проверить
volshebnaya-shkola-karandasha-i-samodelkina-il-a-eliseeva,Волшебная школа Карандаша и Самоделкина (ил. А. Елисеева),возраст,«7–12 лет» стоит у 399 книг — похоже на значение по умолчанию; проверить
operatsiya-prizrak-iz-kamina-7,Операция «Призрак из камина» (#7),объем,Число страниц было 7 — номер в серии; объем чтения нужно определить заново
operatsiya-prizrak-iz-kamina-7,Операция «Призрак из камина» (#7),возраст,«7–12 лет» стоит у 399 книг — похоже на значение по умолчанию; проверить
malenkaya-politseyskaya-mashinka-i-propavshee-morozhenoe-il-r-amtora,Маленькая полицейская машинка и пропавшее мороженое (ил. Р. Амтора),объем,Число страниц было 3 — номер в серии; объем чтения нужно определить заново
vse-deniskiny-rasskazy-il-n-balandinoy,Все Денискины рассказы (ил. Н. Баландиной),возраст,«7–12 лет» стоит у 399 книг — похоже на значение по умолчанию; проверить
dnevnik-bekona-iz-robloks-udaleno-kniga-7,Дневник Бекона из Роблокс. Удалено! Книга 7,объем,Число страниц было 7 — номер в серии; объем чтения нужно определить заново
dnevnik-bekona-iz-robloks-udaleno-kniga-7,Дневник Бекона из Роблокс. Удалено! Книга 7,возраст,«7–12 лет» стоит у 399 книг — похоже на значение по умолчанию; проверить
tayna-starogo-shkafa-4,Тайна старого шкафа (#4),объем,Число страниц было 4 — номер в серии; объем чтения нужно определить заново
tayna-starogo-shkafa-4,Тайна старого шкафа (#4),возраст,«7–12 лет» стоит у 399 книг — похоже на значение по умолчанию; проверить
yumoristicheskie-rasskazy,Юмористические рассказы,возраст,«7–12 лет» стоит у 399 книг — похоже на значение по умолчанию; проверить
lapy-dobra-i-kogti-zla,Лапы добра и когти зла,возраст,«7–12 лет» стоит у 399 книг — похоже на значение по умолчанию; проверить
vovkiny-rasskazy-edem-na-yug-vypusk-2-dlya-detey,Вовкины рассказы. Едем на Юг. Выпуск № 2 для детей,объем,Число страниц было 2 — номер в серии; объем чтения нужно определить заново
vovkiny-rasskazy-edem-na-yug-vypusk-2-dlya-detey,Вовкины рассказы. Едем на Юг. Выпуск № 2 для детей,возраст,«7–12 лет» стоит у 399 книг — похоже на значение по умолчанию; проверить
novogodniy-domik-dlya-myshki-il-r-harri,Новогодний домик для Мышки (ил. Р. Харри),возраст,«7–12 лет» стоит у 399 книг — похоже на значение по умолчанию; проверить
chto-sluchilos-na-rozhdestvo-il-k-hansen,Что случилось на Рождество (ил. К. Хансен),возраст,«7–12 лет» стоит у 399 книг — похоже на значение по умолчанию; проверить
korabl-prizrak-komiks,Корабль-призрак (комикс),возраст,«7–12 лет» стоит у 399 книг — похоже на значение по умолчанию; проверить
zlaya-kniga-2-novoe-oformlenie,Злая книга 2 (новое оформление),объем,Число страниц было 2 — номер в серии; объем чтения нужно определить заново
delo-ozhivshih-kukol-6,Дело оживших кукол (#6),объем,Число страниц было 6 — номер в серии; объем чтения нужно определить заново
legenda-o-proklyatom-komode-5,Легенда о проклятом комоде (#5),объем,Число страниц было 5 — номер в серии; объем чтения нужно определить заново
felina-naperstochek-i-volshebnaya-posylka,Фелина Наперсточек и волшебная посылка,возраст,«7–12 лет» стоит у 399 книг — похоже на значение по умолчанию; проверить
rozhdenie-magicheskih-suschestv-chast-1,Рождение магических существ. Часть 1,объем,Число страниц было 1 — номер в серии; объем чтения нужно определить заново
rozhdenie-magicheskih-suschestv-chast-1,Рождение магических существ. Часть 1,возраст,«7–12 лет» стоит у 399 книг — похоже на значение по умолчанию; проверить
semya-murashek-tayna-lagerya-buki,Семья Мурашек. Тайна «Лагеря Буки»,возраст,«7–12 лет» стоит у 399 книг — похоже на значение по умолчанию; проверить
semya-murashek-s-dnem-obmonstreniya,Семья Мурашек. С днем обмонстрения!,возраст,«7–12 лет» стоит у 399 книг — похоже на значение по умолчанию; проверить
tri-yunyh-detektiva-falshivyy-futbolist,Три юных детектива. Фальшивый футболист,возраст,«7–12 лет» стоит у 399 книг — похоже на значение по умолчанию; проверить
malenkaya-zlaya-kniga-kniga-advent-2,Маленькая злая книга. Книга-адвент 2,объем,Число страниц было 2 — номер в серии; объем чтения нужно определить заново
gore-ot-uma,Горе от ума,возраст,«7–12 лет» стоит у 399 книг — похоже на значение по умолчанию; проверить
deti-lesa-prevraschenie-karaga-1,Дети леса. Превращение Карага (#1),объем,Число страниц было 1 — номер в серии; объем чтения нужно определить заново
detektiv-iz-robloks-prizrak-goroda-blokvyu-middl-kniga-1,Детектив из Роблокс. Призрак города Блоквью Миддл. Книга 1,объем,Число страниц было 1 — номер в серии; объем чтения нужно определить заново
detektiv-iz-robloks-prizrak-goroda-blokvyu-middl-kniga-1,Детектив из Роблокс. Призрак города Блоквью Миддл. Книга 1,возраст,«7–12 лет» стоит у 399 книг — похоже на значение по умолчанию; проверить
volshebnik-izumrudnogo-goroda-il-a-vlasovoy-1,Волшебник Изумрудного города (ил. А. Власовой) (#1),объем,Число страниц было 1 — номер в серии; объем чтения нужно определить заново
volshebnik-izumrudnogo-goroda-il-a-vlasovoy-1,Волшебник Изумрудного города (ил. А. Власовой) (#1),возраст,«7–12 лет» стоит у 399 книг — похоже на значение по умолчанию; проверить
detektiv-iz-robloks-mezhdu-mirami-kniga-6,Детектив из Роблокс. Между мирами. Книга 6,объем,Число страниц было 6 — номер в серии; объем чтения нужно определить заново
detektiv-iz-robloks-mezhdu-mirami-kniga-6,Детектив из Роблокс. Между мирами. Книга 6,возраст,«7–12 лет» стоит у 399 книг — похоже на значение по умолчанию; проверить
strashnye-istorii-robloks-ne-igray-v-temnote,Страшные истории Роблокс. Не играй в темноте!,возраст,«7–12 лет» стоит у 399 книг — похоже на значение по умолчанию; проверить
winx-magiya-vokrug-volshebnaya-kniga-igr,Winx. Магия вокруг! Волшебная книга игр,возраст,«7–12 лет» стоит у 399 книг — похоже на значение по умолчанию; проверить
volshebnik-iz-strany-oz-il-syue-tszin,Волшебник из страны Оз (ил. Сюэ Цзинь),возраст,«7–12 лет» стоит у 399 книг — похоже на значение по умолчанию; проверить
deti-lesa-opasnaya-druzhba-2,Дети леса. Опасная дружба (#2),объем,Число страниц было 2 — номер в серии; объем чтения нужно определить заново
deti-lesa-mest-pumy-4,Дети леса. Месть пумы (#4),объем,Число страниц было 4 — номер в серии; объем чтения нужно определить заново
karandash-i-samodelkin-v-strane-piramid-il-yu-yakunina,Карандаш и Самоделкин в Стране пирамид (ил. Ю. Якунина),возраст,«7–12 лет» стоит у 399 книг — похоже на значение по умолчанию; проверить
agent-na-myagkih-lapah-1,Агент на мягких лапах (#1),объем,Число страниц было 1 — номер в серии; объем чтения нужно определить заново
agent-na-myagkih-lapah-1,Агент на мягких лапах (#1),возраст,«7–12 лет» стоит у 399 книг — похоже на значение по умолчанию; проверить
spasateli-bez-golovy,Спасатели без головы,возраст,«7–12 лет» стоит у 399 книг — похоже на значение по умолчанию; проверить
dnevnik-bekona-iz-robloks-minuta-slavy-kniga-4,Дневник Бекона из Роблокс. Минута славы. Книга 4,объем,Число страниц было 4 — номер в серии; объем чтения нужно определить заново
dnevnik-bekona-iz-robloks-minuta-slavy-kniga-4,Дневник Бекона из Роблокс. Минута славы. Книга 4,возраст,«7–12 лет» стоит у 399 книг — похоже на значение по умолчанию; проверить
zagadochnye-proisshestviya-v-volshebnom-lesu,Загадочные происшествия в волшебном лесу,возраст,«7–12 лет» стоит у 399 книг — похоже на значение по умолчанию; проверить
deti-lesa-tayna-holli-3,Дети леса. Тайна Холли (#3),объем,Число страниц было 3 — номер в серии; объем чтения нужно определить заново
myaumyau-tom-2-zhizn-horosha-pravda,Мяумяу. Том 2. Жизнь хороша… Правда?,объем,Число страниц было 2 — номер в серии; объем чтения нужно определить заново
myaumyau-tom-2-zhizn-horosha-pravda,Мяумяу. Том 2. Жизнь хороша… Правда?,возраст,«7–12 лет» стоит у 399 книг — похоже на значение по умолчанию; проверить
vedma-sladkoy-derevni,Ведьма сладкой деревни,возраст,«7–12 лет» стоит у 399 книг — похоже на значение по умолчанию; проверить
hroniki-narnii-il-p-beyns,Хроники Нарнии (ил. П. Бейнс),возраст,«7–12 лет» стоит у 399 книг — похоже на значение по умолчанию; проверить
detektiv-iz-robloks-tayna-propavshey-kapsuly-kniga-5,Детектив из Роблокс. Тайна пропавшей капсулы. Книга 5,объем,Число страниц было 5 — номер в серии; объем чтения нужно определить заново
detektiv-iz-robloks-tayna-propavshey-kapsuly-kniga-5,Детектив из Роблокс. Тайна пропавшей капсулы. Книга 5,возраст,«7–12 лет» стоит у 399 книг — похоже на значение по умолчанию; проверить
veselye-priklyucheniya-sobaki-dnevnik-foksa-mikki-il-a-eliseeva,Веселые приключения собаки. Дневник фокса Микки (ил. А. Елисеева),возраст,«7–12 лет» стоит у 399 книг — похоже на значение по умолчанию; проверить
veselye-priklyucheniya-sobaki-vsegda-vash-pes-buts-il-a-eliseeva,"Веселые приключения собаки. Всегда ваш, пес Бутс (ил. А. Елисеева)",возраст,«7–12 лет» стоит у 399 книг — похоже на значение по умолчанию; проверить
verhom-na-tykve-na-konkurs-urozhaya,Верхом на тыкве на конкурс урожая,возраст,«7–12 лет» стоит у 399 книг — похоже на значение по умолчанию; проверить
legendy-o-drakonah,Легенды о драконах,возраст,«7–12 лет» стоит у 399 книг — похоже на значение по умолчанию; проверить
deti-lesa-sekret-sfinksa-5,Дети леса. Секрет сфинкса (#5),объем,Число страниц было 5 — номер в серии; объем чтения нужно определить заново
zolotaya-kollektsiya-skazok-il-e-shafranskoy,Золотая коллекция сказок (ил. Е. Шафранской),возраст,«7–12 лет» стоит у 399 книг — похоже на значение по умолчанию; проверить
koldun-oro,Колдун Оро,возраст,«7–12 лет» стоит у 399 книг — похоже на значение по умолчанию; проверить
pravitel-podzemnogo-tsarstva,Правитель Подземного царства,возраст,«7–12 лет» стоит у 399 книг — похоже на значение по умолчанию; проверить
snezhnaya-koroleva-il-martiny-peluzo,Снежная королева (ил. Мартины Пелузо),возраст,«7–12 лет» стоит у 399 книг — похоже на значение по умолчанию; проверить
santa-klaus-i-ego-priklyucheniya-il-mirti,Санта-Клаус и его приключения (ил. Мирти),возраст,«7–12 лет» стоит у 399 книг — похоже на значение по умолчанию; проверить
tessa-tikkardi-i-sekret-vremeni,Тесса Тиккарди и секрет времени,возраст,«7–12 лет» стоит у 399 книг — похоже на значение по умолчанию; проверить
dnevnik-bekona-iz-robloks-novaya-shkola-kniga-1,Дневник Бекона из Роблокс. Новая школа. Книга 1,объем,Число страниц было 1 — номер в серии; объем чтения нужно определить заново
dnevnik-bekona-iz-robloks-novaya-shkola-kniga-1,Дневник Бекона из Роблокс. Новая школа. Книга 1,возраст,«7–12 лет» стоит у 399 книг — похоже на значение по умолчанию; проверить
skazki-i-rasskazy-il-a-egunovoy,Сказки и рассказы (ил. А. Егуновой),возраст,«7–12 лет» стоит у 399 книг — похоже на значение по умолчанию; проверить
piter-krolik-i-drugie-il-huamen-studio,Питер-кролик и другие (ил. Хуамен Студио),возраст,«7–12 лет» стоит у 399 книг — похоже на значение по умолчанию; проверить
kapriya-tayna-klyucha,Каприя. Тайна ключа,объем,Число страниц было 2 — номер в серии; объем чтения нужно определить заново
kapriya-tayna-klyucha,Каприя. Тайна ключа,возраст,«7–12 лет» стоит у 399 книг — похоже на значение по умолчанию; проверить
otvernuvshiesya-devochki,Отвернувшиеся девочки,возраст,«7–12 лет» стоит у 399 книг — похоже на значение по умолчанию; проверить
delo-1-nefritovyy-drakon,Дело №1. Нефритовый дракон,объем,Число страниц было 1 — номер в серии; объем чтения нужно определить заново
delo-1-nefritovyy-drakon,Дело №1. Нефритовый дракон,возраст,«7–12 лет» стоит у 399 книг — похоже на значение по умолчанию; проверить
tayna-zasnezhennogo-lesa,Тайна заснеженного леса,возраст,«7–12 лет» стоит у 399 книг — похоже на значение по умолчанию; проверить
deti-morya-vodnyy-zagovor-2,Дети моря. Водный заговор (#2),объем,Число страниц было 2 — номер в серии; объем чтения нужно определить заново
fentezi-sport-pole-dush,Фэнтези-спорт. Поле душ,возраст,«7–12 лет» стоит у 399 книг — похоже на значение по умолчанию; проверить
dnevnik-geroya-v-teni-strazha-kniga-13,Дневник героя. В тени Стража. Книга 13,возраст,«7–12 лет» стоит у 399 книг — похоже на значение по умолчанию; проверить
rikki-tikki-tavi-i-drugie-skazki-il-k-pavlovoy,Рикки-Тикки-Тави и другие сказки (ил. К. Павловой),возраст,«7–12 лет» стоит у 399 книг — похоже на значение по умолчанию; проверить
tayna-ozera-2,Тайна озера (#2),объем,Число страниц было 2 — номер в серии; объем чтения нужно определить заново
malenkiy-prints-ris-avtora-v-superoblozhke,Маленький принц (рис. автора) (в суперобложке),возраст,«7–12 лет» стоит у 399 книг — похоже на значение по умолчанию; проверить
deti-morya-sekrety-golubogo-rifa-5,Дети моря. Секреты «Голубого рифа» (#5),объем,Число страниц было 5 — номер в серии; объем чтения нужно определить заново
malenkiy-krasnyy-traktor-i-pyatnistaya-korova-il-f-gossensa,Маленький красный Трактор и пятнистая корова (ил. Ф. Госсенса),объем,Число страниц было 5 — номер в серии; объем чтения нужно определить заново
dnevnik-bekona-iz-robloks-pyatnitsa-koshmarnitsa-kniga-3,Дневник Бекона из Роблокс. Пятница-кошмарница. Книга 3,объем,Число страниц было 3 — номер в серии; объем чтения нужно определить заново
dnevnik-bekona-iz-robloks-pyatnitsa-koshmarnitsa-kniga-3,Дневник Бекона из Роблокс. Пятница-кошмарница. Книга 3,возраст,«7–12 лет» стоит у 399 книг — похоже на значение по умолчанию; проверить
deti-morya-opasnye-volny-3,Дети моря. Опасные волны (#3),объем,Число страниц было 3 — номер в серии; объем чтения нужно определить заново
sekret-elovyh-pisem-2,Секрет еловых писем (#2),объем,Число страниц было 2 — номер в серии; объем чтения нужно определить заново
sekret-elovyh-pisem-2,Секрет еловых писем (#2),возраст,«7–12 лет» стоит у 399 книг — похоже на значение по умолчанию; проверить
dnevnik-geroya-v-logove-suschnosti-kniga-11,Дневник героя. В логове Сущности! Книга 11,возраст,«7–12 лет» стоит у 399 книг — похоже на значение по умолчанию; проверить
chto-takoe-horosho-stihi-detyam-il-e-kuznetsovoy,Что такое хорошо? Стихи детям (ил. Е. Кузнецовой),возраст,«7–12 лет» стоит у 399 книг — похоже на значение по умолчанию; проверить
priklyucheniya-barona-myunhgauzena-il-n-ustinova,Приключения барона Мюнхгаузена (ил. Н. Устинова),возраст,«7–12 лет» стоит у 399 книг — похоже на значение по умолчанию; проверить
deti-morya-tayna-kita-oborotnya-4,Дети моря. Тайна кита-оборотня (#4),объем,Число страниц было 4 — номер в серии; объем чтения нужно определить заново
zagadka-serebryanogo-zmeya-3,Загадка Серебряного Змея (#3),объем,Число страниц было 3 — номер в серии; объем чтения нужно определить заново
zagadka-serebryanogo-zmeya-3,Загадка Серебряного Змея (#3),возраст,«7–12 лет» стоит у 399 книг — похоже на значение по умолчанию; проверить
puteshestvie-po-zvezdam-vypusk-4,Путешествие по звездам (выпуск 4),объем,Число страниц было 4 — номер в серии; объем чтения нужно определить заново
puteshestvie-po-zvezdam-vypusk-4,Путешествие по звездам (выпуск 4),возраст,«7–12 лет» стоит у 399 книг — похоже на значение по умолчанию; проверить
zagadka-sbezhavshego-seyfa-3,Загадка сбежавшего сейфа (#3),объем,Число страниц было 3 — номер в серии; объем чтения нужно определить заново
zagadka-sbezhavshego-seyfa-3,Загадка сбежавшего сейфа (#3),возраст,«7–12 лет» стоит у 399 книг — похоже на значение по умолчанию; проверить
skazki-gansa-hristiana-andersena-il-e-melnikovoy,Сказки Ганса Христиана Андерсена (ил. Е. Мельниковой),возраст,«7–12 лет» стоит у 399 книг — похоже на значение по умолчанию; проверить
alya-klyaksich-i-bukva-a-il-e-galdyaevoy,"Аля, Кляксич и буква А (ил. Е. Гальдяевой)",объем,Число страниц было 5 — номер в серии; объем чтения нужно определить заново
luchshie-skazki-i-rasskazy-dlya-detey-il-v-kanivtsa,Лучшие сказки и рассказы для детей (ил. В. Канивца),возраст,«7–12 лет» стоит у 399 книг — похоже на значение по умолчанию; проверить
hroniki-narnii-il-p-beyns-sin,Хроники Нарнии (ил. П. Бэйнс) (син.),возраст,«7–12 лет» стоит у 399 книг — похоже на значение по умолчанию; проверить
konek-gorbunok-il-i-egunova,Конек-горбунок (ил. И. Егунова),возраст,«7–12 лет» стоит у 399 книг — похоже на значение по умолчанию; проверить
chudovische-istoriya-nevozmozhnoy-lyubvi,Чудовище. История невозможной любви,возраст,«7–12 лет» стоит у 399 книг — похоже на значение по умолчанию; проверить
novogodnie-priklyucheniya-karandasha-i-samodelkina-il-yu-yakunina,Новогодние приключения Карандаша и Самоделкина (ил. Ю. Якунина),возраст,«7–12 лет» стоит у 399 книг — похоже на значение по умолчанию; проверить
veselye-priklyucheniya-nechistoy-sily-il-t-lyahovich,Веселые приключения нечистой силы (ил. Т. Ляхович),возраст,«7–12 лет» стоит у 399 книг — похоже на значение по умолчанию; проверить
poka-yubu-spit-kniga-1,Пока Юбу спит. Книга 1,объем,Число страниц было 1 — номер в серии; объем чтения нужно определить заново
poka-yubu-spit-kniga-1,Пока Юбу спит. Книга 1,возраст,«7–12 лет» стоит у 399 книг — похоже на значение по умолчанию; проверить
poka-yubu-spit-kniga-3,Пока Юбу спит. Книга 3,объем,Число страниц было 3 — номер в серии; объем чтения нужно определить заново
poka-yubu-spit-kniga-3,Пока Юбу спит. Книга 3,возраст,«7–12 лет» стоит у 399 книг — похоже на значение по умолчанию; проверить
poka-yubu-spit-kniga-2,Пока Юбу спит. Книга 2,объем,Число страниц было 2 — номер в серии; объем чтения нужно определить заново
poka-yubu-spit-kniga-2,Пока Юбу спит. Книга 2,возраст,«7–12 лет» стоит у 399 книг — похоже на значение по умолчанию; проверить
bryum-malenkaya-vedma-tom-2-les-zabludshih-dush,Брюм — маленькая ведьма. Том 2. Лес заблудших душ,объем,Число страниц было 2 — номер в серии; объем чтения нужно определить заново
bryum-malenkaya-vedma-tom-2-les-zabludshih-dush,Брюм — маленькая ведьма. Том 2. Лес заблудших душ,возраст,«7–12 лет» стоит у 399 книг — похоже на значение по умолчанию; проверить
shkola-chudo-veschey-neveroyatnaya-sumka-3,Школа чудо-вещей. Невероятная сумка (#3),объем,Число страниц было 3 — номер в серии; объем чтения нужно определить заново
skazki-i-istorii-il-l-alekseevoy,Сказки и истории (ил. Л. Алексеевой),возраст,«7–12 лет» стоит у 399 книг — похоже на значение по умолчанию; проверить
dnevnik-bekona-iz-robloks-krovatnye-boyni-kniga-2,Дневник Бекона из Роблокс. Кроватные бойни. Книга 2,объем,Число страниц было 2 — номер в серии; объем чтения нужно определить заново
dnevnik-bekona-iz-robloks-krovatnye-boyni-kniga-2,Дневник Бекона из Роблокс. Кроватные бойни. Книга 2,возраст,«7–12 лет» стоит у 399 книг — похоже на значение по умолчанию; проверить
detektiv-iz-robloks-poteryannaya-vo-vremeni-kniga-3,Детектив из Роблокс. Потерянная во времени. Книга 3,объем,Число страниц было 3 — номер в серии; объем чтения нужно определить заново
detektiv-iz-robloks-poteryannaya-vo-vremeni-kniga-3,Детектив из Роблокс. Потерянная во времени. Книга 3,возраст,«7–12 лет» стоит у 399 книг — похоже на значение по умолчанию; проверить
detektiv-iz-robloks-pohischennyy-kubok-kniga-2,Детектив из Роблокс. Похищенный кубок. Книга 2,объем,Число страниц было 2 — номер в серии; объем чтения нужно определить заново
detektiv-iz-robloks-pohischennyy-kubok-kniga-2,Детектив из Роблокс. Похищенный кубок. Книга 2,возраст,«7–12 лет» стоит у 399 книг — похоже на значение по умолчанию; проверить
lili-i-zapretnaya-magiya-1,Лили и запретная магия (#1),объем,Число страниц было 1 — номер в серии; объем чтения нужно определить заново
nochevka-s-grabitelyami-vypusk-1,Ночевка с грабителями (выпуск 1),объем,Число страниц было 1 — номер в серии; объем чтения нужно определить заново
nochevka-s-grabitelyami-vypusk-1,Ночевка с грабителями (выпуск 1),возраст,«7–12 лет» стоит у 399 книг — похоже на значение по умолчанию; проверить
zhizn-i-priklyucheniya-chudaka-il-a-vlasovoy,Жизнь и приключения чудака (ил. А. Власовой),возраст,«7–12 лет» стоит у 399 книг — похоже на значение по умолчанию; проверить
proklyatie-koshachego-papirusa-vypusk-2,Проклятие кошачьего папируса (выпуск 2),объем,Число страниц было 2 — номер в серии; объем чтения нужно определить заново
proklyatie-koshachego-papirusa-vypusk-2,Проклятие кошачьего папируса (выпуск 2),возраст,«7–12 лет» стоит у 399 книг — похоже на значение по умолчанию; проверить
tayna-privratnikov-2,Тайна привратников (#2),объем,Число страниц было 2 — номер в серии; объем чтения нужно определить заново
tayna-privratnikov-2,Тайна привратников (#2),возраст,«7–12 лет» стоит у 399 книг — похоже на значение по умолчанию; проверить
zamok-s-sekretom-vypusk-7,Замок с секретом (выпуск 7),объем,Число страниц было 7 — номер в серии; объем чтения нужно определить заново
zamok-s-sekretom-vypusk-7,Замок с секретом (выпуск 7),возраст,«7–12 лет» стоит у 399 книг — похоже на значение по умолчанию; проверить
starik-hottabych-il-v-kanivtsa,Старик Хоттабыч (ил. В. Канивца),возраст,«7–12 лет» стоит у 399 книг — похоже на значение по умолчанию; проверить
krugosvetnoe-puteshestvie-karandasha-i-samodelkina-il-yu-yakunina,Кругосветное путешествие Карандаша и Самоделкина (ил. Ю. Якунина),возраст,«7–12 лет» стоит у 399 книг — похоже на значение по умолчанию; проверить
otel-s-sekretom-1,Отель с секретом (#1),объем,Число страниц было 1 — номер в серии; объем чтения нужно определить заново
schelkunchik-i-myshinyy-korol-il-eleny-larussi,Щелкунчик и Мышиный король (ил. Елены Ларусси),возраст,«7–12 лет» стоит у 399 книг — похоже на значение по умолчанию; проверить
konek-gorbunok-il-a-eliseeva,Конек-горбунок (ил. А. Елисеева),возраст,«7–12 лет» стоит у 399 книг — похоже на значение по умолчанию; проверить
emmi-i-poslednie-elfy-tom-1-ubezhische,Эмми и последние эльфы. Том 1: Убежище,объем,Число страниц было 1 — номер в серии; объем чтения нужно определить заново
emmi-i-poslednie-elfy-tom-1-ubezhische,Эмми и последние эльфы. Том 1: Убежище,возраст,«7–12 лет» стоит у 399 книг — похоже на значение по умолчанию; проверить
emmi-i-poslednie-elfy-tom-2-vozvraschenie-korolevstva,Эмми и последние эльфы. Том 2: Возвращение королевства,объем,Число страниц было 2 — номер в серии; объем чтения нужно определить заново
emmi-i-poslednie-elfy-tom-2-vozvraschenie-korolevstva,Эмми и последние эльфы. Том 2: Возвращение королевства,возраст,«7–12 лет» стоит у 399 книг — похоже на значение по умолчанию; проверить
gid-po-risovaniyu-komiksov,Гид по рисованию комиксов,возраст,«7–12 лет» стоит у 399 книг — похоже на значение по умолчанию; проверить
missiya-halat-istoriya-lennarda,Миссия «Халат» (история Леннарда),возраст,«7–12 лет» стоит у 399 книг — похоже на значение по умолчанию; проверить
tri-bogatyrya-bogatyrskaya-kniga-priklyucheniy,Три богатыря. Богатырская книга приключений,возраст,«7–12 лет» стоит у 399 книг — похоже на значение по умолчанию; проверить
kot-mendzhi-i-sekret-volshebnoy-kreposti,Кот Мэнджи и секрет волшебной крепости,возраст,«7–12 лет» стоит у 399 книг — похоже на значение по умолчанию; проверить
krasnyy-kapyushonchik-tom-2-priklyuchenie-v-gorah,Красный Капюшончик. Том 2. Приключение в горах,объем,Число страниц было 2 — номер в серии; объем чтения нужно определить заново
krasnyy-kapyushonchik-tom-2-priklyuchenie-v-gorah,Красный Капюшончик. Том 2. Приключение в горах,возраст,«7–12 лет» стоит у 399 книг — похоже на значение по умолчанию; проверить
rapuntsel-samye-krasivye-skazki-il-a-simanchuka,Рапунцель. Самые красивые сказки (ил. А. Симанчука),возраст,«7–12 лет» стоит у 399 книг — похоже на значение по умолчанию; проверить
eho-kviktorn-i-zoloto-drakona-2,Эхо Квикторн и Золото Дракона (#2),объем,Число страниц было 2 — номер в серии; объем чтения нужно определить заново
eho-kviktorn-i-zoloto-drakona-2,Эхо Квикторн и Золото Дракона (#2),возраст,«7–12 лет» стоит у 399 книг — похоже на значение по умолчанию; проверить
nerealnye-kanikuly-3,Нереальные каникулы (# 3),объем,Число страниц было 3 — номер в серии; объем чтения нужно определить заново
shkola-chudo-veschey-letayuschiy-zont-2,Школа чудо-вещей. Летающий зонт (#2),объем,Число страниц было 2 — номер в серии; объем чтения нужно определить заново
shkola-chudo-veschey-ischeznuvshiy-podsvechnik-1,Школа чудо-вещей. Исчезнувший подсвечник (#1),объем,Число страниц было 1 — номер в серии; объем чтения нужно определить заново
davay-igrat,Давай играть,возраст,«7–12 лет» стоит у 399 книг — похоже на значение по умолчанию; проверить
taynyy-hod-v-buduschee,Тайный ход в будущее,возраст,«7–12 лет» стоит у 399 книг — похоже на значение по умолчанию; проверить
printsessa-buntarka-i-spasennoe-rozhdestvo-4-il-k-engelking,Принцесса-бунтарка и спасенное Рождество (#4) (ил. К. Энгелькинг),объем,Число страниц было 4 — номер в серии; объем чтения нужно определить заново
printsessa-buntarka-i-baron-lgunishka-3-il-k-engelking,Принцесса-бунтарка и барон-лгунишка (#3) (ил. К. Энгелькинг),объем,Число страниц было 3 — номер в серии; объем чтения нужно определить заново
hroniki-narnii-nachalo-istorii-chetyre-povesti-il-p-beyns,Хроники Нарнии: начало истории. Четыре повести (ил. П. Бэйнс),возраст,«7–12 лет» стоит у 399 книг — похоже на значение по умолчанию; проверить
hischnaya-kofeynya,Хищная кофейня,возраст,«7–12 лет» стоит у 399 книг — похоже на значение по умолчанию; проверить
chasy-zvezd-sdelka-s-chudovischem-1,Часы звезд. Сделка с чудовищем (#1),объем,Число страниц было 1 — номер в серии; объем чтения нужно определить заново
delo-o-nevidimke-7,Дело о невидимке (#7),объем,Число страниц было 7 — номер в серии; объем чтения нужно определить заново
spasti-odettu-6,Спасти Одетту (#6),объем,Число страниц было 6 — номер в серии; объем чтения нужно определить заново
spasti-odettu-6,Спасти Одетту (#6),возраст,«7–12 лет» стоит у 399 книг — похоже на значение по умолчанию; проверить
dnevnik-propavshey-sestry-1-novoe-oformlenie,Дневник пропавшей сестры (#1) (Новое оформление),объем,Число страниц было 1 — номер в серии; объем чтения нужно определить заново
dnevnik-propavshey-sestry-1-novoe-oformlenie,Дневник пропавшей сестры (#1) (Новое оформление),возраст,«7–12 лет» стоит у 399 книг — похоже на значение по умолчанию; проверить
ne-popadis-vypusk-3,Не попадись! (Выпуск 3),объем,Число страниц было 3 — номер в серии; объем чтения нужно определить заново
ne-popadis-vypusk-3,Не попадись! (Выпуск 3),возраст,«7–12 лет» стоит у 399 книг — похоже на значение по умолчанию; проверить
luchshie-druzya-i-puteshestvie-po-reke,Лучшие друзья и путешествие по реке,возраст,«7–12 лет» стоит у 399 книг — похоже на значение по умолчанию; проверить
pastuh-i-pastushka-zvezdopad,Пастух и пастушка. Звездопад,возраст,«7–12 лет» стоит у 399 книг — похоже на значение по умолчанию; проверить
eho-kviktorn-i-velikoe-zapredele-1,Эхо Квикторн и Великое Запределье (#1),объем,Число страниц было 1 — номер в серии; объем чтения нужно определить заново
eho-kviktorn-i-velikoe-zapredele-1,Эхо Квикторн и Великое Запределье (#1),возраст,«7–12 лет» стоит у 399 книг — похоже на значение по умолчанию; проверить
klan-volkov-1,Клан волков (#1),объем,Число страниц было 1 — номер в серии; объем чтения нужно определить заново
lili-i-magiya-drakona-2,Лили и магия дракона (#2),объем,Число страниц было 2 — номер в серии; объем чтения нужно определить заново
lili-i-magiya-drakona-2,Лили и магия дракона (#2),возраст,«7–12 лет» стоит у 399 книг — похоже на значение по умолчанию; проверить
lili-i-uznik-magii-3,Лили и узник магии (#3),объем,Число страниц было 3 — номер в серии; объем чтения нужно определить заново
lili-i-uznik-magii-3,Лили и узник магии (#3),возраст,«7–12 лет» стоит у 399 книг — похоже на значение по умолчанию; проверить
lili-i-magiya-peremen-4,Лили и магия перемен (#4),объем,Число страниц было 4 — номер в серии; объем чтения нужно определить заново
zolotoy-lug-rasskazy-o-zhivotnyh-il-dudarenko,Золотой луг. Рассказы о животных (ил. Дударенко),возраст,«7–12 лет» стоит у 399 книг — похоже на значение по умолчанию; проверить
tsarevny-alenka-i-zhivaya-voda,Царевны. Аленка и живая вода,возраст,«7–12 лет» стоит у 399 книг — похоже на значение по умолчанию; проверить
daresh-dolina-holodnogo-ognya-2,Дареш. Долина Холодного огня (#2),объем,Число страниц было 2 — номер в серии; объем чтения нужно определить заново
daresh-dolina-holodnogo-ognya-2,Дареш. Долина Холодного огня (#2),возраст,«7–12 лет» стоит у 399 книг — похоже на значение по умолчанию; проверить
rasskazy-o-zhivotnyh-il-s-yarovogo,Рассказы о животных (ил. С. Ярового),возраст,«7–12 лет» стоит у 399 книг — похоже на значение по умолчанию; проверить
vedminy-konfety,Ведьмины конфеты,объем,Число страниц было 2 — номер в серии; объем чтения нужно определить заново
grizli-il-v-kanivtsa,Гризли (ил. В. Канивца),возраст,«7–12 лет» стоит у 399 книг — похоже на значение по умолчанию; проверить
yadovityy-drug-7,Ядовитый друг (#7),объем,Число страниц было 7 — номер в серии; объем чтения нужно определить заново
yadovityy-drug-7,Ядовитый друг (#7),возраст,«7–12 лет» стоит у 399 книг — похоже на значение по умолчанию; проверить
lisiy-plan-6,Лисий план (#6),объем,Число страниц было 6 — номер в серии; объем чтения нужно определить заново
lisiy-plan-6,Лисий план (#6),возраст,«7–12 лет» стоит у 399 книг — похоже на значение по умолчанию; проверить
sokolinyy-pik-zov-vetra-2,Соколиный пик. Зов ветра (#2),объем,Число страниц было 2 — номер в серии; объем чтения нужно определить заново
taynyy-dnevnik-kota-borisa-vypusk-4,Тайный дневник кота Бориса (выпуск 4),объем,Число страниц было 4 — номер в серии; объем чтения нужно определить заново
taynyy-dnevnik-kota-borisa-vypusk-4,Тайный дневник кота Бориса (выпуск 4),возраст,«7–12 лет» стоит у 399 книг — похоже на значение по умолчанию; проверить
entoni-doroga-k-drakonu,Энтони: Дорога к дракону,возраст,«7–12 лет» стоит у 399 книг — похоже на значение по умолчанию; проверить
chudesa-sveta-dlya-detey-ot-6-do-12-let,Чудеса света для детей (от 6 до 12 лет),объем,Число страниц было 6 — номер в серии; объем чтения нужно определить заново
chudesa-sveta-dlya-detey-ot-6-do-12-let,Чудеса света для детей (от 6 до 12 лет),возраст,«7–12 лет» стоит у 399 книг — похоже на значение по умолчанию; проверить
korol-volk-4,Король-волк (#4),объем,Число страниц было 4 — номер в серии; объем чтения нужно определить заново
korol-volk-4,Король-волк (#4),возраст,«7–12 лет» стоит у 399 книг — похоже на значение по умолчанию; проверить
na-beregu-temnogo-morya-1,На берегу Темного моря (#1),объем,Число страниц было 1 — номер в серии; объем чтения нужно определить заново
na-beregu-temnogo-morya-1,На берегу Темного моря (#1),возраст,«7–12 лет» стоит у 399 книг — похоже на значение по умолчанию; проверить
chernaya-kareta-2,Черная Карета (#2),объем,Число страниц было 2 — номер в серии; объем чтения нужно определить заново
oshibka-saymona-5,Ошибка Саймона (#5),объем,Число страниц было 5 — номер в серии; объем чтения нужно определить заново
oshibka-saymona-5,Ошибка Саймона (#5),возраст,«7–12 лет» стоит у 399 книг — похоже на значение по умолчанию; проверить
chasy-zvezd-serebryanaya-koroleva-2,Часы звезд. Серебряная королева (#2),объем,Число страниц было 2 — номер в серии; объем чтения нужно определить заново
buterbrodnyy-vor-vypusk-3,Бутербродный вор (выпуск 3),объем,Число страниц было 3 — номер в серии; объем чтения нужно определить заново
buterbrodnyy-vor-vypusk-3,Бутербродный вор (выпуск 3),возраст,«7–12 лет» стоит у 399 книг — похоже на значение по умолчанию; проверить
rouz-i-magiya-zerkala-novoe-oformlenie-4,Роуз и магия зеркала (новое оформление) (#4),объем,Число страниц было 4 — номер в серии; объем чтения нужно определить заново
rouz-i-magiya-zerkala-novoe-oformlenie-4,Роуз и магия зеркала (новое оформление) (#4),возраст,«7–12 лет» стоит у 399 книг — похоже на значение по умолчанию; проверить
rouz-i-magiya-maski-novoe-oformlenie-3,Роуз и магия маски (новое оформление) (#3),объем,Число страниц было 3 — номер в серии; объем чтения нужно определить заново
rouz-i-magiya-maski-novoe-oformlenie-3,Роуз и магия маски (новое оформление) (#3),возраст,«7–12 лет» стоит у 399 книг — похоже на значение по умолчанию; проверить
rouz-i-tayna-magii-novoe-oformlenie-1,Роуз и тайна магии (новое оформление) (#1),объем,Число страниц было 1 — номер в серии; объем чтения нужно определить заново
rouz-i-tayna-magii-novoe-oformlenie-1,Роуз и тайна магии (новое оформление) (#1),возраст,«7–12 лет» стоит у 399 книг — похоже на значение по умолчанию; проверить
skazki-il-v-kanivtsa,Сказки (ил. В. Канивца),возраст,«7–12 лет» стоит у 399 книг — похоже на значение по умолчанию; проверить
prizrak-na-cherdake-vypusk-2,Призрак на чердаке (выпуск 2),объем,Число страниц было 2 — номер в серии; объем чтения нужно определить заново
edinorog-na-kuhne-3,Единорог на кухне (#3),объем,Число страниц было 3 — номер в серии; объем чтения нужно определить заново
edinorog-na-kuhne-3,Единорог на кухне (#3),возраст,«7–12 лет» стоит у 399 книг — похоже на значение по умолчанию; проверить
sekretnyy-klyuch-1,Секретный ключ (#1),объем,Число страниц было 1 — номер в серии; объем чтения нужно определить заново
sekretnyy-klyuch-1,Секретный ключ (#1),возраст,«7–12 лет» стоит у 399 книг — похоже на значение по умолчанию; проверить
prazdnik-saharnoy-vaty-vypusk-8,Праздник сахарной ваты (выпуск 8),возраст,«7–12 лет» стоит у 399 книг — похоже на значение по умолчанию; проверить
malenkaya-baba-yaga-malenkiy-vodyanoy-malenkoe-prividenie,Маленькая Баба-Яга. Маленький Водяной. Маленькое Привидение,возраст,«7–12 лет» стоит у 399 книг — похоже на значение по умолчанию; проверить
syschik-na-arene-5,Сыщик на арене (#5),объем,Число страниц было 5 — номер в серии; объем чтения нужно определить заново
syschik-na-arene-5,Сыщик на арене (#5),возраст,«7–12 лет» стоит у 399 книг — похоже на значение по умолчанию; проверить
shkola-dobra-i-zla-poslednee-dolgo-i-schastlivo-3,Школа Добра и Зла. Последнее «долго и счастливо» (#3),объем,Число страниц было 3 — номер в серии; объем чтения нужно определить заново
schenok-poppi-ili-sonnye-chary-vypusk-9,"Щенок Поппи, или Сонные чары (выпуск 9)",возраст,«7–12 лет» стоит у 399 книг — похоже на значение по умолчанию; проверить
ne-morgay-vypusk-1,Не моргай! (выпуск 1),объем,Число страниц было 1 — номер в серии; объем чтения нужно определить заново
skazki-ruslan-i-lyudmila-il-a-vlasovoy,Сказки. Руслан и Людмила (ил. А. Власовой),возраст,«7–12 лет» стоит у 399 книг — похоже на значение по умолчанию; проверить
frizhel-i-fluffi-tayna-propavshih-arbuzov-vypusk-1,Фрижель и Флуффи. Тайна пропавших арбузов. Выпуск 1,объем,Число страниц было 1 — номер в серии; объем чтения нужно определить заново
frizhel-i-fluffi-tayna-propavshih-arbuzov-vypusk-1,Фрижель и Флуффи. Тайна пропавших арбузов. Выпуск 1,возраст,«7–12 лет» стоит у 399 книг — похоже на значение по умолчанию; проверить
vokrug-sveta-v-vosemdesyat-dney,Вокруг света в восемьдесят дней,возраст,«7–12 лет» стоит у 399 книг — похоже на значение по умолчанию; проверить
sem-podzemnyh-koroley-il-v-kanivtsa-3,Семь подземных королей (ил. В. Канивца) (#3),объем,Число страниц было 3 — номер в серии; объем чтения нужно определить заново
sem-podzemnyh-koroley-il-v-kanivtsa-3,Семь подземных королей (ил. В. Канивца) (#3),возраст,«7–12 лет» стоит у 399 книг — похоже на значение по умолчанию; проверить
koshmarius-i-ischeznuvshee-zele-1,Кошмариус и исчезнувшее зелье (#1),объем,Число страниц было 1 — номер в серии; объем чтения нужно определить заново
koshmarius-i-ischeznuvshee-zele-1,Кошмариус и исчезнувшее зелье (#1),возраст,«7–12 лет» стоит у 399 книг — похоже на значение по умолчанию; проверить
naoborotnyy-mir,Наоборотный мир,объем,Число страниц было 1 — номер в серии; объем чтения нужно определить заново
naoborotnyy-mir,Наоборотный мир,возраст,«7–12 лет» стоит у 399 книг — похоже на значение по умолчанию; проверить
peschernyy-chelovek,Пещерный человек,возраст,«7–12 лет» стоит у 399 книг — похоже на значение по умолчанию; проверить
