url,title,author,publisher,age,themes,genres,description_len,issues_count,issues
https://n-e-n.ru/knigi/kniga/tri-porosenka/,Три поросёнка,Английская народная сказка; версия Джозефа Джейкобса,,3–6 лет,"животные, приключения, юмор",народная сказка,104,7,«почему рекомендуем»: шаблон ×870; «почему рекомендуем»: падеж («любит народная сказка»); автор: имя записано по-разному в разных карточках; название повторяется ×3 — проверить дубль; нет поля: издательство; нет поля: ISBN; нет поля: число страниц
https://n-e-n.ru/knigi/kniga/kogda-my-vstretimsya/,Когда мы встретимся,Ребекка Стед,,12–17 лет,"семья, школа",реалистическая проза,173,6,описание: обрезанная аннотация издательства; «почему рекомендуем»: шаблон ×122; автор: имя записано по-разному в разных карточках; нет поля: издательство; нет поля: ISBN; нет поля: число страниц
https://n-e-n.ru/knigi/kniga/ptitsa-v-kletke/,Птица в клетке,Робин Роу,,12–17 лет,"дружба, школа, животные, искусство, взросление",реалистическая проза,168,6,описание: обрезанная аннотация издательства; «почему рекомендуем»: шаблон ×122; автор: фамилия перед именем; нет поля: издательство; нет поля: ISBN; нет поля: число страниц
https://n-e-n.ru/knigi/kniga/aladdin-i-volshebnaya-lampa/,Аладдин и волшебная лампа,Сказитель Ханна Дияб; публикация Антуана Галлана,,7–11 лет,"приключения, волшебство","народная сказка, приключения",121,5,«почему рекомендуем»: шаблон ×870; «почему рекомендуем»: падеж («любит народная сказка»); нет поля: издательство; нет поля: ISBN; нет поля: число страниц
https://n-e-n.ru/knigi/kniga/bdv-ili-bolshoy-i-dobryy-velikan/,"БДВ, или Большой и Добрый Великан",Роальд Даль,,8–13 лет,"дружба, волшебство, приключения","фэнтези, приключения",105,5,«почему рекомендуем»: шаблон ×656; автор: имя записано по-разному в разных карточках; нет поля: издательство; нет поля: ISBN; нет поля: число страниц
https://n-e-n.ru/knigi/kniga/bezdna-chellendzhera/,Бездна Челленджера,Нил Шустерман,,12–17 лет,"школа, искусство",реалистическая проза,177,5,описание: обрезанная аннотация издательства; «почему рекомендуем»: шаблон ×870; нет поля: издательство; нет поля: ISBN; нет поля: число страниц
https://n-e-n.ru/knigi/kniga/beleet-parus-odinokiy/,Белеет парус одинокий,Валентин Катаев,МИФ.Детство,7–12 лет,"дружба, школа, животные, история, мифология, смелость","сказка, приключения",179,5,описание: обрезанная аннотация издательства; «почему рекомендуем»: шаблон ×870; автор: имя записано по-разному в разных карточках; название повторяется ×2 — проверить дубль; страницы: 3726 — сбой импорта
https://n-e-n.ru/knigi/kniga/bolshoy-vopros-malenkogo-hameleona/,Большой вопрос маленького хамелеона,Каролин Пеллиссье,МИФ.Детство,2–4 лет,"семья, животные, юмор, приключения","приключения, юмор",177,5,описание: обрезанная аннотация издательства; «почему рекомендуем»: шаблон ×656; возраст: «2–4 лет» → «2–4 года»; автор: фамилия перед именем; страницы: 3726 — сбой импорта
https://n-e-n.ru/knigi/kniga/vasilkovaya-zima/,Васильковая зима,Хегюм Ким,Поляндрия,2–7 лет,"животные, взросление, приключения",приключения,173,5,описание: обрезанная аннотация издательства; «почему рекомендуем»: шаблон ×870; автор: имя записано по-разному в разных карточках; нет поля: ISBN; нет поля: число страниц
https://n-e-n.ru/knigi/kniga/vernye-druzya/,Верные друзья,Мариам Кордес,,1–10 лет,"дружба, животные, отношения",реалистическая проза,177,5,описание: обрезанная аннотация издательства; «почему рекомендуем»: шаблон ×669; нет поля: издательство; нет поля: ISBN; нет поля: число страниц
https://n-e-n.ru/knigi/kniga/vladimir-krasnoe-solnyshko/,Владимир красное солнышко,Ф. В. Домбровский,Sovremennik,7–12 лет,"история, война",реалистическая проза,178,5,описание: обрезанная аннотация издательства; «почему рекомендуем»: шаблон ×669; «почему рекомендуем»: «о» вместо «об»; нет поля: ISBN; нет поля: число страниц
https://n-e-n.ru/knigi/kniga/volshebnaya-kist-ma-lyana/,Волшебная кисть Ма Ляна,Хун Сюньтао,,6–10 лет,"творчество, волшебство, история",литературная сказка,122,5,«почему рекомендуем»: шаблон ×656; «почему рекомендуем»: падеж («любит народная сказка»); нет поля: издательство; нет поля: ISBN; нет поля: число страниц
https://n-e-n.ru/knigi/kniga/volshebnik-izumrudnogo-goroda-il-a-vlasovoy-1/,Волшебник Изумрудного города (ил. А. Власовой) (#1),Александр Волков,Эксмо,7–12 лет,"дружба, природа, путешествия, волшебство, смелость","сказка, фэнтези",174,5,"описание: обрезанная аннотация издательства; «почему рекомендуем»: шаблон ×870; название: данные издания (иллюстратор, номер издания) внутри названия; автор: имя записано по-разному в разных карточках; страницы: 1 — похоже на номер в серии; объём считается неверно"
https://n-e-n.ru/knigi/kniga/vse-o-mumi-trollyah/,Все о Муми-троллях,Туве Янссон,,3–12 лет,"животные, юмор",юмор,176,5,описание: обрезанная аннотация издательства; «почему рекомендуем»: шаблон ×656; нет поля: издательство; нет поля: ISBN; нет поля: число страниц
https://n-e-n.ru/knigi/kniga/vse-skazki-i-stihi-dlya-detskogo-sada/,Все сказки и стихи для детского сада,З. Александрова; Александр Сергеевич Пушкин,,6–11 лет,"природа, волшебство","сказка, поэзия",179,5,описание: обрезанная аннотация издательства; «почему рекомендуем»: шаблон ×656; автор: имя записано по-разному в разных карточках; нет поля: издательство; нет поля: число страниц
https://n-e-n.ru/knigi/kniga/god-polnyy-chudes/,"Год, полный чудес",Шерил Б.Кляйн,,1–10 лет,"дружба, семья, искусство, взросление",реалистическая проза,175,5,описание: обрезанная аннотация издательства; «почему рекомендуем»: шаблон ×669; нет поля: издательство; нет поля: ISBN; нет поля: число страниц
https://n-e-n.ru/knigi/kniga/detektiv-samson/,Детектив Самсон,Катерина Горелик,,4–7 лет,"детектив, животные, юмор","книжка-картинка, детектив, книга-искалка",103,5,«почему рекомендуем»: шаблон ×870; «почему рекомендуем»: падеж («любит народная сказка»); автор: фамилия перед именем; нет поля: издательство; нет поля: ISBN
https://n-e-n.ru/knigi/kniga/druzhba-posle-ssory-novye-priklyucheniya-emo-i-chiki/,Дружба после ссоры… Новые приключения Эмо и Чики,"Грегг Релье, Джошуа Вайс",,3–14 лет,"дружба, животные, отношения, юмор, приключения, эмоции","приключения, юмор",177,5,описание: обрезанная аннотация издательства; «почему рекомендуем»: шаблон ×669; нет поля: издательство; нет поля: ISBN; нет поля: число страниц
https://n-e-n.ru/knigi/kniga/zavetnoe-zhelanie-krotika/,Заветное желание кротика,Сангын Ким,Поляндрия,2–7 лет,"семья, животные, путешествия, волшебство",фэнтези,179,5,описание: обрезанная аннотация издательства; «почему рекомендуем»: шаблон ×656; автор: имя записано по-разному в разных карточках; нет поля: ISBN; нет поля: число страниц
https://n-e-n.ru/knigi/kniga/zasypatelnye-skazki-pro-mashinki-bayu-bay-pozharnaya-mashinka/,"Засыпательные сказки про машинки. Баю-бай, пожарная машинка!",Ульева Елена,Clever,2–4 лет,искусство,сказка,178,5,описание: обрезанная аннотация издательства; «почему рекомендуем»: шаблон ×656; «почему рекомендуем»: «о» вместо «об»; возраст: «2–4 лет» → «2–4 года»; автор: фамилия перед именем
https://n-e-n.ru/knigi/kniga/zatonuvshiy-les/,Затонувший лес,Эмили Ллойд-Джонс,,9–16 лет,"животные, природа, волшебство","сказка, фэнтези, поэзия",180,5,описание: обрезанная аннотация издательства; «почему рекомендуем»: шаблон ×120; нет поля: издательство; нет поля: ISBN; нет поля: число страниц
https://n-e-n.ru/knigi/kniga/istorii-pro-pyarta/,Истории про Пярта,Анти Саар,,3–14 лет,"дружба, семья, животные, взросление, эмоции",реалистическая проза,172,5,описание: обрезанная аннотация издательства; «почему рекомендуем»: шаблон ×870; нет поля: издательство; нет поля: ISBN; нет поля: число страниц
https://n-e-n.ru/knigi/kniga/karandash-i-samodelkin-na-ostrove-neobychaynyh-priklyuheniy/,Карандаш и Самоделкин на острове необычайных приклюхений,В. Постников,Эксмо,6–11 лет,отношения,реалистическая проза,153,5,«почему рекомендуем»: шаблон ×656; «почему рекомендуем»: «о» вместо «об»; автор: имя записано по-разному в разных карточках; нет поля: ISBN; нет поля: число страниц
https://n-e-n.ru/knigi/kniga/klubok-zaklinaniy/,Клубок заклинаний,Мишель Харрисон,,9–16 лет,"дружба, животные, путешествия, волшебство, смелость",фэнтези,176,5,описание: обрезанная аннотация издательства; «почему рекомендуем»: шаблон ×120; нет поля: издательство; нет поля: ISBN; нет поля: число страниц
https://n-e-n.ru/knigi/kniga/knizhki-kartonki-malysh-musorovoz-edet-na-remont/,Книжки-картонки. Малыш мусоровоз едет на ремонт,Весова Юлия,Clever,3–3 лет,"дружба, животные, искусство, юмор","сказка, юмор, поэзия",176,5,описание: обрезанная аннотация издательства; «почему рекомендуем»: шаблон ×656; возраст: вырожденный диапазон 3–3 лет; возраст: «3–3 лет» → «3–3 года»; автор: фамилия перед именем
https://n-e-n.ru/knigi/kniga/knizhki-kartonki-malysh-musorovoz-ne-hochet-spat/,Книжки-картонки. Малыш мусоровоз не хочет спать,Весова Юлия,Clever,3–3 лет,"дружба, животные, искусство","сказка, поэзия",179,5,описание: обрезанная аннотация издательства; «почему рекомендуем»: шаблон ×656; возраст: вырожденный диапазон 3–3 лет; возраст: «3–3 лет» → «3–3 года»; автор: фамилия перед именем
https://n-e-n.ru/knigi/kniga/kogda-otdyhayut-angely/,Когда отдыхают ангелы,Марина Аромштам,,10–14 лет,"семья, школа, взросление","реалистическая проза, семейная история",126,5,«почему рекомендуем»: шаблон ×656; автор: фамилия перед именем; нет поля: издательство; нет поля: ISBN; нет поля: число страниц
https://n-e-n.ru/knigi/kniga/kolobok-skazka/,Колобок,Народная сказка,АСТ,2–4 лет,"животные, юмор",народная сказка,103,5,«почему рекомендуем»: шаблон ×37; «почему рекомендуем»: падеж («любит народная сказка»); возраст: «2–4 лет» → «2–4 года»; автор: имя записано по-разному в разных карточках; название повторяется ×2 — проверить дубль
https://n-e-n.ru/knigi/kniga/kradenoe-solntse/,Краденое солнце,Корней Чуковский,,3–7 лет,"животные, приключения","сказка, поэзия",77,5,«почему рекомендуем»: шаблон ×656; автор: имя записано по-разному в разных карточках; нет поля: издательство; нет поля: ISBN; нет поля: число страниц
https://n-e-n.ru/knigi/kniga/krasnaya-shapochka/,Красная Шапочка,Шарль Перро,,5–8 лет,"природа, приключения, семья",литературная сказка,87,5,«почему рекомендуем»: шаблон ×870; «почему рекомендуем»: падеж («любит народная сказка»); нет поля: издательство; нет поля: ISBN; нет поля: число страниц
https://n-e-n.ru/knigi/kniga/krotik-kotoryy-hotel-znat-kto-nadelal-emu-na-golovu/,"Кротик, который хотел знать, кто наделал ему на голову",Вернер Хольцварт,,3–7 лет,"животные, тело, юмор, детектив",юмор,113,5,«почему рекомендуем»: шаблон ×669; автор: фамилия перед именем; нет поля: издательство; нет поля: ISBN; нет поля: число страниц
https://n-e-n.ru/knigi/kniga/kto-uteshit-knyutta/,Кто утешит Кнютта,Туве Янссон,,3–12 лет,волшебство,сказка,178,5,описание: обрезанная аннотация издательства; «почему рекомендуем»: шаблон ×656; нет поля: издательство; нет поля: ISBN; нет поля: число страниц
https://n-e-n.ru/knigi/kniga/liliput-syn-velikana/,Лилипут-сын великана,Альберт Иванов,Alteĭ,6–11 лет,отношения,реалистическая проза,177,5,«почему рекомендуем»: шаблон ×656; «почему рекомендуем»: «о» вместо «об»; автор: имя записано по-разному в разных карточках; нет поля: ISBN; нет поля: число страниц
https://n-e-n.ru/knigi/kniga/magazin-dikovinnyh-sladostey-schaste-za-monetku/,Магазин диковинных сладостей «Счастье за монетку»,Рэйко Хиросима,Поляндрия,8–13 лет,волшебство,реалистическая проза,179,5,описание: обрезанная аннотация издательства; «почему рекомендуем»: шаблон ×122; автор: фамилия перед именем; нет поля: ISBN; нет поля: число страниц
https://n-e-n.ru/knigi/kniga/malenkaya-politseyskaya-mashinka-i-propavshee-morozhenoe-il-r-amtora/,Маленькая полицейская машинка и пропавшее мороженое (ил. Р. Амтора),Михаэль Энглер,Эксмо,3–4 лет,"семья, природа, путешествия, взросление, приключения, эмоции, ответственность, детектив","сказка, детектив, приключения",179,5,"описание: обрезанная аннотация издательства; «почему рекомендуем»: шаблон ×656; возраст: «3–4 лет» → «3–4 года»; название: данные издания (иллюстратор, номер издания) внутри названия; страницы: 3 — похоже на номер в серии; объём считается неверно"
https://n-e-n.ru/knigi/kniga/malenkiy-gruzovichok-knizhki-kartonki-gruzovichok-spasaet-novyy-god/,Маленький грузовичок. Книжки-картонки. Грузовичок спасает Новый год,Ульева Елена,Clever,3–3 лет,"дружба, семья, животные, природа, искусство",реалистическая проза,180,5,описание: обрезанная аннотация издательства; «почему рекомендуем»: шаблон ×669; возраст: вырожденный диапазон 3–3 лет; возраст: «3–3 лет» → «3–3 года»; автор: фамилия перед именем
https://n-e-n.ru/knigi/kniga/malenkiy-krasnyy-traktor-i-parovozik-il-f-gossensa/,Маленький красный Трактор и паровозик (ил. Ф. Госсенса),Натали Квинтарт,Эксмо,3–4 лет,"дружба, животные, природа, взросление, приключения","сказка, приключения",179,5,"описание: обрезанная аннотация издательства; «почему рекомендуем»: шаблон ×669; возраст: «3–4 лет» → «3–4 года»; название: данные издания (иллюстратор, номер издания) внутри названия; страницы: 5 — похоже на номер в серии; объём считается неверно"
https://n-e-n.ru/knigi/kniga/malenkiy-krasnyy-traktor-i-pyatnistaya-korova-il-f-gossensa/,Маленький красный Трактор и пятнистая корова (ил. Ф. Госсенса),Натали Квинтарт,Эксмо,3–4 лет,"дружба, взросление, приключения","сказка, приключения",179,5,"описание: обрезанная аннотация издательства; «почему рекомендуем»: шаблон ×870; возраст: «3–4 лет» → «3–4 года»; название: данные издания (иллюстратор, номер издания) внутри названия; страницы: 5 — похоже на номер в серии; объём считается неверно"
https://n-e-n.ru/knigi/kniga/malenkiy-musorovoz-knizhki-kartonki-malysh-musorovoz-boitsya-temnoty/,Маленький мусоровоз. Книжки-картонки. Малыш мусоровоз боится темноты,Весова Юлия,Clever,3–3 лет,"животные, искусство, взросление, юмор, страх","сказка, юмор, поэзия",178,5,описание: обрезанная аннотация издательства; «почему рекомендуем»: шаблон ×669; возраст: вырожденный диапазон 3–3 лет; возраст: «3–3 лет» → «3–3 года»; автор: фамилия перед именем
https://n-e-n.ru/knigi/kniga/malenkiy-musorovoz-knizhki-kartonki-malysh-musorovoz-vstrechaet-novyy/,Маленький мусоровоз. Книжки-картонки. Малыш мусоровоз встречает Новый год,Весова Юлия,Clever,3–3 лет,"семья, детский сад, животные, искусство, спорт","сказка, поэзия",177,5,описание: обрезанная аннотация издательства; «почему рекомендуем»: шаблон ×870; возраст: вырожденный диапазон 3–3 лет; возраст: «3–3 лет» → «3–3 года»; автор: фамилия перед именем
https://n-e-n.ru/knigi/kniga/malenkiy-musorovoz-knizhki-kartonki-malysh-musorovoz-zabludilsya-v/,Маленький мусоровоз. Книжки-картонки. Малыш мусоровоз заблудился в городе,Весова Юлия,Clever,3–3 лет,"школа, детский сад, животные, искусство, взросление","сказка, юмор, поэзия",180,5,описание: обрезанная аннотация издательства; «почему рекомендуем»: шаблон ×870; возраст: вырожденный диапазон 3–3 лет; возраст: «3–3 лет» → «3–3 года»; автор: фамилия перед именем
https://n-e-n.ru/knigi/kniga/malenkiy-musorovoz-knizhki-kartonki-malysh-musorovoz-idet-v-shkolu/,Маленький мусоровоз. Книжки-картонки. Малыш мусоровоз идёт в школу,Весова Юлия,Clever,3–3 лет,"школа, детский сад, животные, искусство, путешествия","сказка, юмор, поэзия",172,5,описание: обрезанная аннотация издательства; «почему рекомендуем»: шаблон ×870; возраст: вырожденный диапазон 3–3 лет; возраст: «3–3 лет» → «3–3 года»; автор: фамилия перед именем
https://n-e-n.ru/knigi/kniga/mishka-buryy-mishka-kto-tam-vperedi/,"Мишка, бурый мишка, кто там впереди?",Билл Мартин — младший,,1–4 лет,животные,поэзия,97,5,«почему рекомендуем»: шаблон ×870; возраст: «1–4 лет» → «1–4 года»; нет поля: издательство; нет поля: ISBN; нет поля: число страниц
https://n-e-n.ru/knigi/kniga/molli-i-shtormovoe-more/,Молли и штормовое море,Дойл Малахия,,1–10 лет,"семья, природа, путешествия, взросление, приключения, братья и сёстры",реалистическая проза,174,5,описание: обрезанная аннотация издательства; «почему рекомендуем»: шаблон ×669; нет поля: издательство; нет поля: ISBN; нет поля: число страниц
https://n-e-n.ru/knigi/kniga/momotaro/,Момотаро,Японская народная сказка,,6–10 лет,"приключения, дружба","народная сказка, приключения",102,5,«почему рекомендуем»: шаблон ×669; автор: имя записано по-разному в разных карточках; нет поля: издательство; нет поля: ISBN; нет поля: число страниц
https://n-e-n.ru/knigi/kniga/muley/,Мулей,Эрленд Лу,,12–17 лет,"семья, путешествия, приключения, смерть",реалистическая проза,175,5,описание: обрезанная аннотация издательства; «почему рекомендуем»: шаблон ×122; нет поля: издательство; нет поля: ISBN; нет поля: число страниц
https://n-e-n.ru/knigi/kniga/my-vstrechaem-novyi-god/,Мы встречаем Новыи год!,Илья Григорьевич Савченко,Азбука-Аттикус,6–11 лет,отношения,поэзия,142,5,«почему рекомендуем»: шаблон ×669; «почему рекомендуем»: «о» вместо «об»; опечатка: «Новыи» (потеряна «й»); автор: имя записано по-разному в разных карточках; нет поля: число страниц
https://n-e-n.ru/knigi/kniga/myshonok-kotoryy-tam/,"Мышонок, который там",Анастасия Коваленкова,,3–12 лет,"семья, школа, животные, путешествия, приключения, братья и сёстры, эмоции","сказка, приключения",179,5,описание: обрезанная аннотация издательства; «почему рекомендуем»: шаблон ×656; нет поля: издательство; нет поля: ISBN; нет поля: число страниц
https://n-e-n.ru/knigi/kniga/neveroyatno-opasnaya-sliz-ledyanye-myshki-sedobnye-kamni-i-esche-95/,"Невероятно! Опасная слизь, ледяные мышки, съедобные камни и еще 95 историй о мире вокруг нас","Ася Ванякина, Настя Троян",,3–14 лет,"животные, природа, наука, взросление, динозавры",научно-популярная литература,179,5,описание: обрезанная аннотация издательства; «почему рекомендуем»: шаблон ×656; нет поля: издательство; нет поля: ISBN; нет поля: число страниц
https://n-e-n.ru/knigi/kniga/nimona/,Нимона,Н. Д. Стивенсон,,13–17 лет,"дружба, самооценка, волшебство","фэнтези, приключения",118,5,«почему рекомендуем»: шаблон ×870; автор: имя записано по-разному в разных карточках; нет поля: издательство; нет поля: ISBN; нет поля: число страниц
https://n-e-n.ru/knigi/kniga/obschee-sobranie-geroev-povestey-rasskazov-stihotvoreniy-i-pes/,"Общее собрание героев повестей, рассказов, стихотворений и пьес",Едуард Успенский,Kometa,6–11 лет,животные,реалистическая проза,152,5,«почему рекомендуем»: шаблон ×669; автор: опечатка в имени; автор: имя записано по-разному в разных карточках; нет поля: ISBN; нет поля: число страниц
https://n-e-n.ru/knigi/kniga/ochen-golodnaya-gusenitsa/,Очень голодная гусеница,Эрик Карл,,2–5 лет,"животные, природа",книжка-картинка,84,5,«почему рекомендуем»: шаблон ×26; автор: имя записано по-разному в разных карточках; нет поля: издательство; нет поля: ISBN; нет поля: число страниц
https://n-e-n.ru/knigi/kniga/pingvikingi/,Пингвикинги,Антон Соя,,1–10 лет,"животные, природа, путешествия, приключения",приключения,180,5,описание: обрезанная аннотация издательства; «почему рекомендуем»: шаблон ×669; нет поля: издательство; нет поля: ISBN; нет поля: число страниц
https://n-e-n.ru/knigi/kniga/povestvovanie-o-chuvashah/,Повествование о чувашах,Елена Енькка,Chuvashskoe knizhnoe izd-vo,7–12 лет,история,реалистическая проза,174,5,описание: обрезанная аннотация издательства; «почему рекомендуем»: шаблон ×656; «почему рекомендуем»: «о» вместо «об»; нет поля: ISBN; нет поля: число страниц
https://n-e-n.ru/knigi/kniga/porosenok-petr-edet-v-gosti/,Поросёнок Пётр едет в гости,Людмила Стефановна Петрушевская,,7–12 лет,животные,реалистическая проза,121,5,«почему рекомендуем»: шаблон ×656; автор: имя записано по-разному в разных карточках; нет поля: издательство; нет поля: ISBN; нет поля: число страниц
https://n-e-n.ru/knigi/kniga/priklyucheniya-pinokkio/,Приключения Пиноккио,Карло Коллоди,,7–11 лет,"приключения, волшебство, школа, семья","литературная сказка, приключения",116,5,«почему рекомендуем»: шаблон ×656; «почему рекомендуем»: падеж («любит народная сказка»); нет поля: издательство; нет поля: ISBN; нет поля: число страниц
https://n-e-n.ru/knigi/kniga/saymon-i-programma-homo-sapiens/,Саймон и программа Homo sapiens,Бекки Алберталли,,14–17 лет,"отношения, школа, самооценка",реалистическая проза,118,5,«почему рекомендуем»: шаблон ×122; «почему рекомендуем»: «о» вместо «об»; нет поля: издательство; нет поля: ISBN; нет поля: число страниц
https://n-e-n.ru/knigi/kniga/sem-podzemnyh-koroley-il-v-kanivtsa-3/,Семь подземных королей (ил. В. Канивца) (#3),Александр Волков,Эксмо,7–12 лет,"семья, природа, волшебство, братья и сёстры","сказка, фэнтези",178,5,"описание: обрезанная аннотация издательства; «почему рекомендуем»: шаблон ×656; название: данные издания (иллюстратор, номер издания) внутри названия; автор: имя записано по-разному в разных карточках; страницы: 3 — похоже на номер в серии; объём считается неверно"
https://n-e-n.ru/knigi/kniga/skazka-v-russkoy-zhivopisi/,Сказка в русской живописи,Марина Казиева,Белый город,7–12 лет,искусство,сказка,172,5,описание: обрезанная аннотация издательства; «почему рекомендуем»: шаблон ×669; «почему рекомендуем»: «о» вместо «об»; нет поля: ISBN; нет поля: число страниц
https://n-e-n.ru/knigi/kniga/skazka-na-noch-horoshiy-den/,Сказка на ночь. Хороший день?,Галкина Анастасия,Clever,2–4 лет,искусство,сказка,179,5,описание: обрезанная аннотация издательства; «почему рекомендуем»: шаблон ×656; «почему рекомендуем»: «о» вместо «об»; возраст: «2–4 лет» → «2–4 года»; автор: фамилия перед именем
https://n-e-n.ru/knigi/kniga/skazki-dyadyushki-rimusa/,Сказки дядюшки Римуса,Джоэль Чандлер Харрис,,7–12 лет,"животные, юмор, культурное разнообразие, братья и сёстры",сказка,116,5,«почему рекомендуем»: шаблон ×870; автор: имя записано по-разному в разных карточках; нет поля: издательство; нет поля: ISBN; нет поля: число страниц
https://n-e-n.ru/knigi/kniga/smirennyy-voin/,Смиренный воин,Георгий Юдин,Russkiĭ mir,7–12 лет,отношения,реалистическая проза,180,5,описание: обрезанная аннотация издательства; «почему рекомендуем»: шаблон ×669; «почему рекомендуем»: «о» вместо «об»; нет поля: ISBN; нет поля: число страниц
https://n-e-n.ru/knigi/kniga/sonnye-skazki/,Сонные сказки,Ульева Елена,Clever,2–4 лет,"животные, искусство, волшебство, приключения, эмоции, страх","сказка, фэнтези",179,5,описание: обрезанная аннотация издательства; «почему рекомендуем»: шаблон ×669; возраст: «2–4 лет» → «2–4 года»; автор: фамилия перед именем; название повторяется ×3 — проверить дубль
https://n-e-n.ru/knigi/kniga/spat-kak-tigr/,"Спать, как тигр",Маша Лукашкина,,1–10 лет,"семья, искусство",реалистическая проза,178,5,описание: обрезанная аннотация издательства; «почему рекомендуем»: шаблон ×669; нет поля: издательство; нет поля: ISBN; нет поля: число страниц
https://n-e-n.ru/knigi/kniga/spokoynoy-nochi-luna/,"Спокойной ночи, Луна",Маргарет Уайз Браун,,2–5 лет,"семья, природа","книжка-картинка, стихотворная история",78,5,«почему рекомендуем»: шаблон ×37; «почему рекомендуем»: падеж («любит народная сказка»); автор: имя записано по-разному в разных карточках; нет поля: издательство; нет поля: ISBN
https://n-e-n.ru/knigi/kniga/starik-hottabych/,Старик Хоттабыч,Лазарь Лагин,,8–12 лет,"волшебство, дружба, культурное разнообразие","фэнтези, юмор",108,5,«почему рекомендуем»: шаблон ×870; автор: имя записано по-разному в разных карточках; нет поля: издательство; нет поля: ISBN; нет поля: число страниц
https://n-e-n.ru/knigi/kniga/stihi-mashi-rupasovoy/,Стихи Маши Рупасовой,Маша Рупасова,,3–12 лет,"семья, животные, братья и сёстры",поэзия,174,5,описание: обрезанная аннотация издательства; «почему рекомендуем»: шаблон ×870; нет поля: издательство; нет поля: ISBN; нет поля: число страниц
https://n-e-n.ru/knigi/kniga/taina-veschih-snov/,Таина вещих снов,Алексеи Биргер,Эксмо,6–11 лет,"приключения, братья и сёстры",детектив,174,5,"описание: обрезанная аннотация издательства; «почему рекомендуем»: шаблон ×669; автор: опечатка в имени; опечатка: «Алексеи», «Таина» (потеряна «й»); нет поля: число страниц"
https://n-e-n.ru/knigi/kniga/telefon/,Телефон,Корней Чуковский,,2–6 лет,"животные, юмор","юмор, поэзия",109,5,«почему рекомендуем»: шаблон ×26; автор: имя записано по-разному в разных карточках; нет поля: издательство; нет поля: ISBN; нет поля: число страниц
https://n-e-n.ru/knigi/kniga/troe-iz-prostokvashino/,Трое из Простоквашино,Едуард Успенский,Малыш,7–12 лет,животные,реалистическая проза,174,5,описание: обрезанная аннотация издательства; «почему рекомендуем»: шаблон ×870; автор: опечатка в имени; автор: имя записано по-разному в разных карточках; нет поля: число страниц
https://n-e-n.ru/knigi/kniga/cheburashka-krokodil-gena-shapoklyak-i-vse-vse-vse/,"Чебурашка, Крокодил Гена, Шапокляк и все-все-все",Едуард Успенский,АСТ,6–11 лет,отношения,реалистическая проза,154,5,«почему рекомендуем»: шаблон ×656; «почему рекомендуем»: «о» вместо «об»; автор: опечатка в имени; автор: имя записано по-разному в разных карточках; нет поля: число страниц
https://n-e-n.ru/knigi/kniga/chto-nuzhno-malenkoy-koshke/,Что нужно маленькой кошке,Наталья Шалошвили,,1–10 лет,животные,реалистическая проза,170,5,описание: обрезанная аннотация издательства; «почему рекомендуем»: шаблон ×669; нет поля: издательство; нет поля: ISBN; нет поля: число страниц
https://n-e-n.ru/knigi/kniga/shtora-nyanyushki-lagton/,Штора нянюшки Лагтон,Вирджиния Вулф,,5–15 лет,"животные, искусство",сказка,171,5,описание: обрезанная аннотация издательства; «почему рекомендуем»: шаблон ×656; нет поля: издательство; нет поля: ISBN; нет поля: число страниц
https://n-e-n.ru/knigi/kniga/schepotka-magii/,Щепотка магии,Мишель Харрисон,,9–16 лет,"дружба, животные, путешествия, волшебство, смелость",фэнтези,176,5,описание: обрезанная аннотация издательства; «почему рекомендуем»: шаблон ×122; нет поля: издательство; нет поля: ISBN; нет поля: число страниц
https://n-e-n.ru/knigi/kniga/enn-iz-zelenyh-mezoninov/,Энн из Зелёных Мезонинов,Люси Мод Монтгомери,,10–15 лет,"семья, школа, самооценка, братья и сёстры","семейная история, реалистическая проза",98,5,«почему рекомендуем»: шаблон ×870; автор: имя записано по-разному в разных карточках; нет поля: издательство; нет поля: ISBN; нет поля: число страниц
https://n-e-n.ru/knigi/kniga/365-pingvinov/,365 пингвинов,Жан-Люк Фроманталь,МИФ.Детство,7–12 лет,"семья, животные, природа, отношения, юмор","юмор, поэзия",177,4,описание: обрезанная аннотация издательства; «почему рекомендуем»: шаблон ×870; автор: фамилия перед именем; страницы: 3726 — сбой импорта
https://n-e-n.ru/knigi/kniga/elka-pryaniki-podarki/,"Ёлка, пряники, подарки",Ульф Нильсон,МИФ.Детство,7–12 лет,"семья, животные, взросление, волшебство, братья и сёстры","сказка, фэнтези",180,4,описание: обрезанная аннотация издательства; «почему рекомендуем»: шаблон ×656; автор: имя записано по-разному в разных карточках; страницы: 3726 — сбой импорта
https://n-e-n.ru/knigi/kniga/azbuka-dlya-buki/,Азбука для Буки,Андрей Усачёв,Азбука-Аттикус,6–11 лет,отношения,реалистическая проза,134,4,«почему рекомендуем»: шаблон ×669; «почему рекомендуем»: «о» вместо «об»; автор: имя записано по-разному в разных карточках; нет поля: число страниц
https://n-e-n.ru/knigi/kniga/alya-klyaksich-i-bukva-a-il-e-galdyaevoy/,"Аля, Кляксич и буква А (ил. Е. Гальдяевой)",Ирина Токмакова,Эксмо,7–10 лет,"семья, школа, животные, природа, взросление, братья и сёстры","сказка, поэзия",174,4,"описание: обрезанная аннотация издательства; «почему рекомендуем»: шаблон ×669; название: данные издания (иллюстратор, номер издания) внутри названия; страницы: 5 — похоже на номер в серии; объём считается неверно"
https://n-e-n.ru/knigi/kniga/amerikanets-kitayskogo-proishozhdeniya/,Американец китайского происхождения,Джин Луэн Ян,,13–17 лет,"культурное разнообразие, школа, самооценка","реалистическая проза, сказка",121,4,«почему рекомендуем»: шаблон ×870; нет поля: издательство; нет поля: ISBN; нет поля: число страниц
https://n-e-n.ru/knigi/kniga/amir-i-bezumnyy-ingredient/,Амир и безумный ингредиент,Шермин Яшар,МИФ.Детство,12–17 лет,"семья, школа, животные, природа, взросление, детектив","фэнтези, детектив, юмор",179,4,описание: обрезанная аннотация издательства; «почему рекомендуем»: шаблон ×120; автор: фамилия перед именем; страницы: 3726 — сбой импорта
https://n-e-n.ru/knigi/kniga/amulet-hranitelnitsa-kamnya/,Амулет. Хранительница камня,Кадзу Кибуиси,,9–14 лет,"семья, волшебство, приключения","фэнтези, приключения",113,4,«почему рекомендуем»: шаблон ×870; нет поля: издательство; нет поля: ISBN; нет поля: число страниц
https://n-e-n.ru/knigi/kniga/anya-iz-zelenyh-mezoninov/,Аня из Зеленых Мезонинов,Люси Монтгомери,МИФ.Детство,7–12 лет,"дружба, школа, животные, природа, взросление","приключения, юмор",173,4,описание: обрезанная аннотация издательства; «почему рекомендуем»: шаблон ×669; автор: имя записано по-разному в разных карточках; страницы: 3726 — сбой импорта
https://n-e-n.ru/knigi/kniga/aristotel-i-dante-otkryvayut-tayny-vselennoy/,Аристотель и Данте открывают тайны Вселенной,Бенджамин Алире Саэнс,,14–17 лет,"дружба, семья, взросление","реалистическая проза, семейная история",115,4,«почему рекомендуем»: шаблон ×120; нет поля: издательство; нет поля: ISBN; нет поля: число страниц
https://n-e-n.ru/knigi/kniga/bayu-bay-do-utra/,"Баю-бай, до утра!",Кассандра Вебб,МИФ.Детство,3–6 лет,"семья, животные, природа, братья и сёстры",поэзия,179,4,описание: обрезанная аннотация издательства; «почему рекомендуем»: шаблон ×656; автор: имя записано по-разному в разных карточках; страницы: 3726 — сбой импорта
https://n-e-n.ru/knigi/kniga/belaya-vorona-verona-mamina-pomoschnitsa/,Белая ворона Верона. Мамина помощница,Весова Юлия,Clever,2–4 лет,"семья, животные, природа, искусство, взросление","сказка, приключения, юмор",172,4,описание: обрезанная аннотация издательства; «почему рекомендуем»: шаблон ×669; возраст: «2–4 лет» → «2–4 года»; автор: фамилия перед именем
https://n-e-n.ru/knigi/kniga/belaya-vorona-verona-neugomonnaya-boltushka/,Белая ворона Верона. Неугомонная болтушка,Весова Юлия,Clever,2–4 лет,"дружба, семья, искусство, юмор","сказка, юмор",174,4,описание: обрезанная аннотация издательства; «почему рекомендуем»: шаблон ×669; возраст: «2–4 лет» → «2–4 года»; автор: фамилия перед именем
https://n-e-n.ru/knigi/kniga/beleet-parus-odinokiy-kataev/,Белеет парус одинокий,Валентин Петрович Катаев,АСТ,7–12 лет,"история, приключения",приключения,165,4,«почему рекомендуем»: шаблон ×669; «почему рекомендуем»: «о» вместо «об»; автор: имя записано по-разному в разных карточках; название повторяется ×2 — проверить дубль
https://n-e-n.ru/knigi/kniga/biblioteka-kota-mortimera/,Библиотека кота Мортимера,Ребекка Стед,МИФ.Детство,7–12 лет,"школа, животные, природа, взросление, приключения, детектив","детектив, приключения",175,4,описание: обрезанная аннотация издательства; «почему рекомендуем»: шаблон ×669; автор: имя записано по-разному в разных карточках; страницы: 3726 — сбой импорта
https://n-e-n.ru/knigi/kniga/bolshaya-malenkaya-devochka-kak-priruchit-gorod/,Большая маленькая девочка. Как приручить город,Мария Бершадская,КомпасГид,5–8 лет,"семья, школа, юмор","повесть, книжка-картинка",126,4,«почему рекомендуем»: шаблон ×870; «почему рекомендуем»: падеж («любит народная сказка»); нет поля: ISBN; нет поля: число страниц
https://n-e-n.ru/knigi/kniga/bolshaya-malenkaya-devochka-kniga-2-istorii-7-12-2-e-izd/,Большая маленькая девочка. Книга 2 (истории 7-12) (2-е изд.),Мария Бершадская,КомпасГид,4–9 лет,"семья, взросление, юмор, приключения","приключения, юмор",180,4,"описание: обрезанная аннотация издательства; «почему рекомендуем»: шаблон ×669; название: данные издания (иллюстратор, номер издания) внутри названия; нет поля: число страниц"
https://n-e-n.ru/knigi/kniga/bolshaya-skazochnaya-seriya-myagkaya-oblozhka-bolshaya-kniga-skazok-na/,Большая сказочная серия (мягкая обложка). Большая книга сказок на ночь про машинки,Ульева Елена,Clever,2–4 лет,"семья, животные, искусство, путешествия, братья и сёстры","сказка, поэзия, семейная история",177,4,описание: обрезанная аннотация издательства; «почему рекомендуем»: шаблон ×656; возраст: «2–4 лет» → «2–4 года»; автор: фамилия перед именем
https://n-e-n.ru/knigi/kniga/bolshaya-skazochnaya-seriya-myagkaya-oblozhka-bolshaya-kniga-skazok-pro-2/,Большая сказочная серия (мягкая обложка). Большая книга сказок про животных,Ульева Елена,Clever,2–4 лет,"дружба, семья, животные, природа, искусство, братья и сёстры, ответственность","сказка, приключения",178,4,описание: обрезанная аннотация издательства; «почему рекомендуем»: шаблон ×870; возраст: «2–4 лет» → «2–4 года»; автор: фамилия перед именем
https://n-e-n.ru/knigi/kniga/bolshaya-skazochnaya-seriya-bolshaya-kniga-priklyucheniy-mashinok/,Большая сказочная серия. Большая книга приключений машинок,Ульева Елена,Clever,2–4 лет,"дружба, животные, искусство, спорт, юмор","сказка, приключения, юмор",179,4,описание: обрезанная аннотация издательства; «почему рекомендуем»: шаблон ×656; возраст: «2–4 лет» → «2–4 года»; автор: фамилия перед именем
https://n-e-n.ru/knigi/kniga/bolshaya-skazochnaya-seriya-bolshaya-kniga-skazok-na-noch-pro-mashinki/,Большая сказочная серия. Большая книга сказок на ночь про машинки,Ульева Елена,Clever,2–4 лет,"семья, животные, искусство, спорт",сказка,177,4,описание: обрезанная аннотация издательства; «почему рекомендуем»: шаблон ×656; возраст: «2–4 лет» → «2–4 года»; автор: фамилия перед именем
https://n-e-n.ru/knigi/kniga/bolshaya-skazochnaya-seriya-bolshaya-kniga-stihov-pro-mashinki/,Большая сказочная серия. Большая книга стихов про машинки,Ульева Елена,Clever,2–4 лет,"семья, животные, искусство, спорт, юмор","сказка, приключения, юмор",180,4,описание: обрезанная аннотация издательства; «почему рекомендуем»: шаблон ×669; возраст: «2–4 лет» → «2–4 года»; автор: фамилия перед именем
https://n-e-n.ru/knigi/kniga/bolshoy-medvedik-malenkaya-myshka/,"Большой Медведик, маленькая мышка",Карма Уилсон,Поляндрия,2–4 лет,"дружба, животные, природа, искусство, юмор","приключения, юмор, поэзия",177,4,описание: обрезанная аннотация издательства; «почему рекомендуем»: шаблон ×870; возраст: «2–4 лет» → «2–4 года»; автор: имя записано по-разному в разных карточках
https://n-e-n.ru/knigi/kniga/borodino-stihotvoreniya-i-poemy-il-n-gavritskova/,Бородино. Стихотворения и поэмы (ил. Н. Гаврицкова),Михаил Лермонтов,Эксмо,11–15 лет,"семья, школа, природа, взросление, отношения, братья и сёстры","сказка, поэзия",176,4,"описание: обрезанная аннотация издательства; «почему рекомендуем»: шаблон ×870; название: данные издания (иллюстратор, номер издания) внутри названия; автор: имя записано по-разному в разных карточках"
https://n-e-n.ru/knigi/kniga/boun-iz-bounvilya/,Боун. Из Боунвиля,Джефф Смит,,9–14 лет,"дружба, волшебство, приключения, братья и сёстры","фэнтези, приключения",118,4,«почему рекомендуем»: шаблон ×669; нет поля: издательство; нет поля: ISBN; нет поля: число страниц
https://n-e-n.ru/knigi/kniga/bronzovaya-ptitsa/,Бронзовая птица,Анатолий Рыбаков,,9–14 лет,"дружба, история, приключения","детектив, историческая проза, приключения",112,4,«почему рекомендуем»: шаблон ×669; нет поля: издательство; нет поля: ISBN; нет поля: число страниц
https://n-e-n.ru/knigi/kniga/burya-i-chudnoy-otryad/,Буря и чудной отряд,Ирина Иванова,МИФ.Детство,7–12 лет,"семья, животные, природа, юмор, приключения, буллинг, творчество","фэнтези, научная фантастика, приключения",175,4,описание: обрезанная аннотация издательства; «почему рекомендуем»: шаблон ×870; автор: имя записано по-разному в разных карточках; страницы: 3726 — сбой импорта
https://n-e-n.ru/knigi/kniga/buterbrodnyy-vor-vypusk-3/,Бутербродный вор (выпуск 3),Холли Вебб,Эксмо,7–12 лет,"животные, волшебство, приключения",приключения,180,4,описание: обрезанная аннотация издательства; «почему рекомендуем»: шаблон ×656; автор: имя записано по-разному в разных карточках; страницы: 3 — похоже на номер в серии; объём считается неверно
https://n-e-n.ru/knigi/kniga/v-dome-slon/,В доме слон!,Линда Эшман,МИФ.Детство,2–4 лет,"семья, природа, взросление, отношения, юмор",юмор,177,4,описание: обрезанная аннотация издательства; «почему рекомендуем»: шаблон ×870; возраст: «2–4 лет» → «2–4 года»; страницы: 3726 — сбой импорта
https://n-e-n.ru/knigi/kniga/vedminy-konfety/,Ведьмины конфеты,Дж. Х. Рейнольдс,Эксмо,12–17 лет,"дружба, животные, природа, взросление, приключения","фэнтези, научная фантастика",173,4,описание: обрезанная аннотация издательства; «почему рекомендуем»: шаблон ×870; автор: имя записано по-разному в разных карточках; страницы: 2 — похоже на номер в серии; объём считается неверно
https://n-e-n.ru/knigi/kniga/vezhlivoe-slovo/,Вежливое слово,Е. Мошковская,,6–11 лет,отношения,поэзия,161,4,«почему рекомендуем»: шаблон ×656; «почему рекомендуем»: «о» вместо «об»; нет поля: издательство; нет поля: число страниц
https://n-e-n.ru/knigi/kniga/velvetovyy-krolik/,Вельветовый Кролик,Марджери Уильямс,,4–8 лет,"семья, самооценка, волшебство","сказка, семейная история",102,4,«почему рекомендуем»: шаблон ×669; нет поля: издательство; нет поля: ISBN; нет поля: число страниц
https://n-e-n.ru/knigi/kniga/verhom-na-kote-2-e-izd/,Верхом на коте (2-е изд.),Хворост Александра,КомпасГид,3–6 лет,"семья, животные, юмор, приключения","приключения, юмор",175,4,"описание: обрезанная аннотация издательства; «почему рекомендуем»: шаблон ×669; название: данные издания (иллюстратор, номер издания) внутри названия; автор: имя записано по-разному в разных карточках"
https://n-e-n.ru/knigi/kniga/veselii-schet/,Веселии щет,Оксана Иванова,publisher not identified,0–3 лет,юмор,юмор,144,4,«почему рекомендуем»: шаблон ×870; возраст: «0–3 лет» → «0–3 года»; автор: имя записано по-разному в разных карточках; нет поля: число страниц
https://n-e-n.ru/knigi/kniga/veselye-priklyucheniya-nechistoy-sily-il-t-lyahovich/,Веселые приключения нечистой силы (ил. Т. Ляхович),Валентин Постников,Эксмо,7–12 лет,"дружба, семья, природа, юмор, волшебство","сказка, приключения, юмор",178,4,"описание: обрезанная аннотация издательства; «почему рекомендуем»: шаблон ×669; название: данные издания (иллюстратор, номер издания) внутри названия; автор: имя записано по-разному в разных карточках"
https://n-e-n.ru/knigi/kniga/veselye-stihi-pozharnaya-mashinka/,Весёлые стихи. Пожарная машинка,Ульева Елена,Clever,2–3 лет,"семья, животные, природа, экология, искусство, эмоции","сказка, приключения, юмор",172,4,описание: обрезанная аннотация издательства; «почему рекомендуем»: шаблон ×656; возраст: «2–3 лет» → «2–3 года»; автор: фамилия перед именем
https://n-e-n.ru/knigi/kniga/veselye-stihi-politseyskaya-mashinka/,Весёлые стихи. Полицейская машинка,Ульева Елена,Clever,2–3 лет,"семья, животные, природа, искусство, спорт, эмоции","сказка, фэнтези, юмор",175,4,описание: обрезанная аннотация издательства; «почему рекомендуем»: шаблон ×669; возраст: «2–3 лет» → «2–3 года»; автор: фамилия перед именем
https://n-e-n.ru/knigi/kniga/veselye-stihi-skoraya-pomosch/,Весёлые стихи. Скорая помощь,Ульева Елена,Clever,2–3 лет,"семья, животные, искусство, спорт, юмор","сказка, приключения, юмор",176,4,описание: обрезанная аннотация издательства; «почему рекомендуем»: шаблон ×656; возраст: «2–3 лет» → «2–3 года»; автор: фамилия перед именем
https://n-e-n.ru/knigi/kniga/veselyy-dvoechnik/,Весёлый двоечник,Валентин Постников,,6–11 лет,юмор,юмор,169,4,«почему рекомендуем»: шаблон ×656; автор: имя записано по-разному в разных карточках; страницы: 2010 — похоже на год издания; нет поля: издательство
https://n-e-n.ru/knigi/kniga/vzaperti/,Взаперти,Люси Кристофер,МИФ.Детство,12–17 лет,"животные, природа, взросление, отношения, приключения, эмоции",реалистическая проза,179,4,описание: обрезанная аннотация издательства; «почему рекомендуем»: шаблон ×122; автор: имя записано по-разному в разных карточках; страницы: 3726 — сбой импорта
https://n-e-n.ru/knigi/kniga/vo-pervyh-i-vo-vtoryh/,Во-первых и во-вторых,Даниил Хармс,,7–12 лет,дружба,реалистическая проза,177,4,описание: обрезанная аннотация издательства; «почему рекомендуем»: шаблон ×870; нет поля: издательство; нет поля: число страниц
https://n-e-n.ru/knigi/kniga/volk-i-kozlyata/,Волк и козлята,Н. И. Котятова; Т. В. Баринова,,7–12 лет,животные,реалистическая проза,158,4,«почему рекомендуем»: шаблон ×669; название повторяется ×2 — проверить дубль; нет поля: издательство; нет поля: число страниц
https://n-e-n.ru/knigi/kniga/volk-po-imeni-strannik/,Волк по имени Странник,Розанна Перри,МИФ.Детство,7–12 лет,"животные, природа, путешествия, отношения, приключения, первая любовь",реалистическая проза,180,4,описание: обрезанная аннотация издательства; «почему рекомендуем»: шаблон ×669; автор: имя записано по-разному в разных карточках; страницы: 3726 — сбой импорта
https://n-e-n.ru/knigi/kniga/volshebnik-izumrudnogo-goroda-vneklassnoe-chtenie/,Волшебник Изумрудного города (Внеклассное чтение),Александр Мелентьевич Волков,МИФ.Детство,7–12 лет,"дружба, семья, школа, животные, природа, братья и сёстры, страх","сказка, фэнтези, приключения",173,4,описание: обрезанная аннотация издательства; «почему рекомендуем»: шаблон ×656; автор: имя записано по-разному в разных карточках; страницы: 3726 — сбой импорта
https://n-e-n.ru/knigi/kniga/volshebnik-izumrudnogo-goroda-vse-puteshestviya-v-volshebnoy-strane-il/,Волшебник Изумрудного города. Все путешествия в Волшебной стране (ил. В. Канивца),Александр Волков,Эксмо,3–6 лет,"дружба, семья, животные, природа, путешествия, смелость","сказка, фэнтези, детектив",178,4,"описание: обрезанная аннотация издательства; «почему рекомендуем»: шаблон ×669; название: данные издания (иллюстратор, номер издания) внутри названия; автор: имя записано по-разному в разных карточках"
https://n-e-n.ru/knigi/kniga/vremya-vsegda-horoshee/,Время всегда хорошее,Андрей Жвалевский; Евгения Пастернак,,11–15 лет,"школа, семья, техника","научная фантастика, реалистическая проза",108,4,«почему рекомендуем»: шаблон ×870; нет поля: издательство; нет поля: ISBN; нет поля: число страниц
https://n-e-n.ru/knigi/kniga/vse-deniskiny-rasskazy-il-n-balandinoy/,Все Денискины рассказы (ил. Н. Баландиной),Виктор Драгунский,Эксмо,7–12 лет,"животные, природа, отношения, юмор, приключения, эмоции","сказка, детектив, приключения",172,4,"описание: обрезанная аннотация издательства; «почему рекомендуем»: шаблон ×656; название: данные издания (иллюстратор, номер издания) внутри названия; автор: имя записано по-разному в разных карточках"
https://n-e-n.ru/knigi/kniga/vsya-vasha-nenavist/,Вся ваша ненависть,Энджи Томас,,15–17 лет,"семья, безопасность, самооценка",реалистическая проза,127,4,«почему рекомендуем»: шаблон ×870; нет поля: издательство; нет поля: ISBN; нет поля: число страниц
https://n-e-n.ru/knigi/kniga/vyuzhik-i-upavshaya-zvezda/,Вьюжик и упавшая звезда,Анна Монахова,Феникс,2–7 лет,"дружба, природа, волшебство, приключения, страх","сказка, фэнтези, приключения",171,4,описание: обрезанная аннотация издательства; «почему рекомендуем»: шаблон ×870; нет поля: ISBN; нет поля: число страниц
https://n-e-n.ru/knigi/kniga/gde-moya-mama/,Где моя мама?,Джулия Дональдсон,,2–6 лет,"животные, семья",сказка,103,4,«почему рекомендуем»: шаблон ×37; нет поля: издательство; нет поля: ISBN; нет поля: число страниц
https://n-e-n.ru/knigi/kniga/gde-to-v-snegu/,Где-то в снегу,Линде Фаас,Поляндрия,2–7 лет,"дружба, семья, животные, природа, взросление","сказка, фэнтези, юмор",177,4,описание: обрезанная аннотация издательства; «почему рекомендуем»: шаблон ×870; нет поля: ISBN; нет поля: число страниц
https://n-e-n.ru/knigi/kniga/golos-monstra/,Голос монстра,Патрик Несс,,12–17 лет,"семья, самооценка, волшебство","фэнтези, семейная история",116,4,«почему рекомендуем»: шаблон ×120; нет поля: издательство; нет поля: ISBN; нет поля: число страниц
https://n-e-n.ru/knigi/kniga/gorshok-kashi/,Горшок каши,Братья Гримм,Мелик-Пашаев,4–6 лет,"семья, животные, волшебство, братья и сёстры","сказка, фэнтези",177,4,описание: обрезанная аннотация издательства; «почему рекомендуем»: шаблон ×870; автор: имя записано по-разному в разных карточках; нет поля: число страниц
https://n-e-n.ru/knigi/kniga/gruffalo/,Груффало,Джулия Дональдсон,Алгоритм,3–6 лет,"животные, приключения, юмор","книжка-картинка, сказка",119,4,«почему рекомендуем»: шаблон ×870; «почему рекомендуем»: падеж («любит народная сказка»); страницы: 2020 — похоже на год издания; нет поля: ISBN
https://n-e-n.ru/knigi/kniga/dve-zimy/,Две зимы,Йолан Бертран,МИФ.Детство,7–12 лет,"семья, животные, природа, мифология, юмор, братья и сёстры, эмоции, смелость","сказка, фэнтези, приключения",175,4,описание: обрезанная аннотация издательства; «почему рекомендуем»: шаблон ×870; автор: имя записано по-разному в разных карточках; страницы: 3726 — сбой импорта
https://n-e-n.ru/knigi/kniga/devochka-medved/,Девочка-медведь,Софи Андерсон,МИФ.Детство,7–12 лет,"дружба, семья, животные, природа, мифология","сказка, детектив, приключения",175,4,описание: обрезанная аннотация издательства; «почему рекомендуем»: шаблон ×870; автор: имя записано по-разному в разных карточках; страницы: 3726 — сбой импорта
https://n-e-n.ru/knigi/kniga/deniskiny-rasskazy-vneklassnoe-chtenie/,Денискины рассказы (Внеклассное чтение),Виктор Драгунский,МИФ.Детство,7–12 лет,"дружба, школа, животные, мифология, взросление","сказка, приключения, юмор",179,4,описание: обрезанная аннотация издательства; «почему рекомендуем»: шаблон ×669; автор: имя записано по-разному в разных карточках; страницы: 3726 — сбой импорта
https://n-e-n.ru/knigi/kniga/detektiv-iz-robloks-mezhdu-mirami-kniga-6/,Детектив из Роблокс. Между мирами. Книга 6,Аррикин Букс,Эксмо,7–12 лет,"дружба, природа, история, приключения, война, детектив","детектив, приключения",177,4,описание: обрезанная аннотация издательства; «почему рекомендуем»: шаблон ×656; автор: фамилия перед именем; страницы: 6 — похоже на номер в серии; объём считается неверно
https://n-e-n.ru/knigi/kniga/detektiv-iz-robloks-poteryannaya-vo-vremeni-kniga-3/,Детектив из Роблокс. Потерянная во времени. Книга 3,Аррикин Букс,Эксмо,7–12 лет,"дружба, природа, детектив","фэнтези, научная фантастика, детектив",169,4,описание: обрезанная аннотация издательства; «почему рекомендуем»: шаблон ×656; автор: фамилия перед именем; страницы: 3 — похоже на номер в серии; объём считается неверно
https://n-e-n.ru/knigi/kniga/detektiv-iz-robloks-pohischennyy-kubok-kniga-2/,Детектив из Роблокс. Похищенный кубок. Книга 2,Аррикин Букс,Эксмо,7–12 лет,"дружба, школа, приключения, детектив","фэнтези, научная фантастика, детектив",177,4,описание: обрезанная аннотация издательства; «почему рекомендуем»: шаблон ×870; автор: фамилия перед именем; страницы: 2 — похоже на номер в серии; объём считается неверно
https://n-e-n.ru/knigi/kniga/detektiv-iz-robloks-prizrak-goroda-blokvyu-middl-kniga-1/,Детектив из Роблокс. Призрак города Блоквью Миддл. Книга 1,Аррикин Букс,Эксмо,7–12 лет,"дружба, школа, природа, страх, детектив",детектив,178,4,описание: обрезанная аннотация издательства; «почему рекомендуем»: шаблон ×669; автор: фамилия перед именем; страницы: 1 — похоже на номер в серии; объём считается неверно
https://n-e-n.ru/knigi/kniga/detektiv-iz-robloks-tayna-propavshey-kapsuly-kniga-5/,Детектив из Роблокс. Тайна пропавшей капсулы. Книга 5,Аррикин Букс,Эксмо,7–12 лет,"дружба, животные, природа, приключения, детектив","сказка, детектив, приключения",179,4,описание: обрезанная аннотация издательства; «почему рекомендуем»: шаблон ×656; автор: фамилия перед именем; страницы: 5 — похоже на номер в серии; объём считается неверно
https://n-e-n.ru/knigi/kniga/detskiy-etiket-v-skazkah-volshebnye-slova/,Детский этикет в сказках. Волшебные слова,Ульева Елена,Clever,2–3 лет,"дружба, школа, детский сад, животные, искусство, эмоции","сказка, фэнтези, юмор",178,4,описание: обрезанная аннотация издательства; «почему рекомендуем»: шаблон ×656; возраст: «2–3 лет» → «2–3 года»; автор: фамилия перед именем
https://n-e-n.ru/knigi/kniga/detskiy-etiket-v-skazkah-pro-volshebnye-slova/,Детский этикет в сказках. Про волшебные слова,Ульева Елена,Clever,2–4 лет,"дружба, семья, школа, животные, искусство, эмоции","сказка, фэнтези",177,4,описание: обрезанная аннотация издательства; «почему рекомендуем»: шаблон ×656; возраст: «2–4 лет» → «2–4 года»; автор: фамилия перед именем
https://n-e-n.ru/knigi/kniga/detskiy-etiket-v-skazkah-pro-horoshie-manery/,Детский этикет в сказках. Про хорошие манеры,Ульева Елена,Clever,2–4 лет,"дружба, семья, школа, животные, искусство","сказка, фэнтези",177,4,описание: обрезанная аннотация издательства; «почему рекомендуем»: шаблон ×656; возраст: «2–4 лет» → «2–4 года»; автор: фамилия перед именем
https://n-e-n.ru/knigi/kniga/dzhelsomino-v-strane-lzhetsov/,Джельсомино в Стране лжецов,Джанни Родари,,7–11 лет,"самооценка, безопасность, искусство","сказка, приключения",118,4,«почему рекомендуем»: шаблон ×656; нет поля: издательство; нет поля: ISBN; нет поля: число страниц
https://n-e-n.ru/knigi/kniga/dikiy-robot-paperback/,Дикий робот (Paperback),Питер Браун,МИФ.Детство,7–12 лет,"дружба, семья, животные, взросление",сказка,177,4,описание: обрезанная аннотация издательства; «почему рекомендуем»: шаблон ×870; автор: фамилия перед именем; страницы: 3726 — сбой импорта
https://n-e-n.ru/knigi/kniga/dnevnik-bekona-iz-robloks-krovatnye-boyni-kniga-2/,Дневник Бекона из Роблокс. Кроватные бойни. Книга 2,Аррикин Букс,Эксмо,7–12 лет,"дружба, животные, история, приключения, война","фэнтези, научная фантастика, приключения",180,4,описание: обрезанная аннотация издательства; «почему рекомендуем»: шаблон ×656; автор: фамилия перед именем; страницы: 2 — похоже на номер в серии; объём считается неверно
https://n-e-n.ru/knigi/kniga/dnevnik-bekona-iz-robloks-minuta-slavy-kniga-4/,Дневник Бекона из Роблокс. Минута славы. Книга 4,Аррикин Букс,Эксмо,7–12 лет,"дружба, школа, животные, приключения","фэнтези, научная фантастика, приключения",179,4,описание: обрезанная аннотация издательства; «почему рекомендуем»: шаблон ×669; автор: фамилия перед именем; страницы: 4 — похоже на номер в серии; объём считается неверно
https://n-e-n.ru/knigi/kniga/dnevnik-bekona-iz-robloks-novaya-shkola-kniga-1/,Дневник Бекона из Роблокс. Новая школа. Книга 1,Аррикин Букс,Эксмо,7–12 лет,"дружба, школа, приключения","фэнтези, научная фантастика, приключения",173,4,описание: обрезанная аннотация издательства; «почему рекомендуем»: шаблон ×870; автор: фамилия перед именем; страницы: 1 — похоже на номер в серии; объём считается неверно
https://n-e-n.ru/knigi/kniga/dnevnik-bekona-iz-robloks-pyatnitsa-koshmarnitsa-kniga-3/,Дневник Бекона из Роблокс. Пятница-кошмарница. Книга 3,Аррикин Букс,Эксмо,7–12 лет,"дружба, животные","фэнтези, научная фантастика",176,4,описание: обрезанная аннотация издательства; «почему рекомендуем»: шаблон ×669; автор: фамилия перед именем; страницы: 3 — похоже на номер в серии; объём считается неверно
https://n-e-n.ru/knigi/kniga/dnevnik-bekona-iz-robloks-udaleno-kniga-7/,Дневник Бекона из Роблокс. Удалено! Книга 7,Аррикин Букс,Эксмо,7–12 лет,"дружба, школа, животные, приключения","фэнтези, научная фантастика, детектив",176,4,описание: обрезанная аннотация издательства; «почему рекомендуем»: шаблон ×669; автор: фамилия перед именем; страницы: 7 — похоже на номер в серии; объём считается неверно
https://n-e-n.ru/knigi/kniga/dobraya-akula/,Добрая акула,Елена Репетур,Белая ворона,3–6 лет,"семья, школа, животные",реалистическая проза,174,4,описание: обрезанная аннотация издательства; «почему рекомендуем»: шаблон ×669; нет поля: ISBN; нет поля: число страниц
https://n-e-n.ru/knigi/kniga/dom/,Дом,Селин Клер,МИФ.Детство,7–12 лет,"дружба, семья, школа, животные, природа, доброта","сказка, фэнтези",180,4,описание: обрезанная аннотация издательства; «почему рекомендуем»: шаблон ×669; автор: фамилия перед именем; страницы: 3726 — сбой импорта
https://n-e-n.ru/knigi/kniga/dom-p-5-e-izd/,Дом П (5-е изд.),Юлия Кузнецова,КомпасГид,7–12 лет,"семья, искусство, юмор, приключения, эмоции","приключения, юмор",177,4,"описание: обрезанная аннотация издательства; «почему рекомендуем»: шаблон ×656; название: данные издания (иллюстратор, номер издания) внутри названия; автор: имя записано по-разному в разных карточках"
https://n-e-n.ru/knigi/kniga/dom-v-kotorom/,"Дом, в котором…",Мариам Петросян,,15–17 лет,"дружба, самооценка, отношения","фэнтези, реалистическая проза",99,4,«почему рекомендуем»: шаблон ×120; нет поля: издательство; нет поля: ISBN; нет поля: число страниц
https://n-e-n.ru/knigi/kniga/dochurka-gruffalo/,Дочурка Груффало,Джулия Дональдсон,Машины Творения,3–6 лет,"животные, приключения, юмор","книжка-картинка, сказка",100,4,«почему рекомендуем»: шаблон ×37; «почему рекомендуем»: падеж («любит народная сказка»); страницы: 2020 — похоже на год издания; нет поля: ISBN
https://n-e-n.ru/knigi/kniga/drug-detstva/,Друг детства,В. Драгунский,Оникс,6–11 лет,"дружба, семья",семейная история,47,4,«почему рекомендуем»: шаблон ×656; автор: имя записано по-разному в разных карточках; нет поля: ISBN; нет поля: число страниц
https://n-e-n.ru/knigi/kniga/drug-nepohozhiy-na-drugih/,"Друг, непохожий на других",Оливер Шерц,МИФ.Детство,7–12 лет,"дружба, семья, животные, природа, взросление, братья и сёстры","детектив, юмор",176,4,описание: обрезанная аннотация издательства; «почему рекомендуем»: шаблон ×656; автор: фамилия перед именем; страницы: 3726 — сбой импорта
https://n-e-n.ru/knigi/kniga/dusya-i-porosenok-bobik/,Дуся и Поросёнок Бобик,Юстина Беднарек,МИФ.Детство,2–5 лет,"дружба, семья, животные, приключения, страх","сказка, приключения",173,4,описание: обрезанная аннотация издательства; «почему рекомендуем»: шаблон ×656; автор: фамилия перед именем; страницы: 3726 — сбой импорта
https://n-e-n.ru/knigi/kniga/edinorog-na-kuhne-3/,Единорог на кухне (#3),Кинселла Софи,Эксмо,7–12 лет,"семья, животные, природа, юмор, волшебство, братья и сёстры","сказка, фэнтези, юмор",177,4,описание: обрезанная аннотация издательства; «почему рекомендуем»: шаблон ×656; автор: имя записано по-разному в разных карточках; страницы: 3 — похоже на номер в серии; объём считается неверно
https://n-e-n.ru/knigi/kniga/elka-yulka/,Елка Юлька,Оливье Таллек,Самокат,2–7 лет,"животные, волшебство, страх","сказка, фэнтези",178,4,описание: обрезанная аннотация издательства; «почему рекомендуем»: шаблон ×656; нет поля: ISBN; нет поля: число страниц
https://n-e-n.ru/knigi/kniga/zheltyy-kayak/,Жёлтый каяк,Нина Лейден,Поляндрия,2–4 лет,"дружба, природа, искусство, путешествия, морские приключения, страх",приключения,172,4,описание: обрезанная аннотация издательства; «почему рекомендуем»: шаблон ×870; возраст: «2–4 лет» → «2–4 года»; автор: фамилия перед именем
https://n-e-n.ru/knigi/kniga/zagadka-serebryanogo-zmeya-3/,Загадка Серебряного Змея (#3),Лина Джонс,Эксмо,7–12 лет,"дружба, семья, детектив",детектив,179,4,описание: обрезанная аннотация издательства; «почему рекомендуем»: шаблон ×669; автор: фамилия перед именем; страницы: 3 — похоже на номер в серии; объём считается неверно
https://n-e-n.ru/knigi/kniga/zagadka-pochtovogo-golubya/,Загадка почтового голубя,Антон Иванов,Азбука-Аттикус,7–12 лет,отношения,детектив,146,4,«почему рекомендуем»: шаблон ×656; «почему рекомендуем»: «о» вместо «об»; автор: имя записано по-разному в разных карточках; нет поля: число страниц
https://n-e-n.ru/knigi/kniga/zapovednik-skazok/,Заповедник сказок,К. Булычев,,6–11 лет,волшебство,фэнтези,175,4,«почему рекомендуем»: шаблон ×669; автор: имя записано по-разному в разных карточках; нет поля: издательство; нет поля: число страниц
https://n-e-n.ru/knigi/kniga/zasypatelnye-skazki-pro-mashinki-bayu-bay-politseyskaya-mashinka/,"Засыпательные сказки про машинки. Баю-бай, полицейская машинка!",Ульева Елена,Clever,2–4 лет,"искусство, юмор, приключения","сказка, приключения, юмор",179,4,описание: обрезанная аннотация издательства; «почему рекомендуем»: шаблон ×870; возраст: «2–4 лет» → «2–4 года»; автор: фамилия перед именем
https://n-e-n.ru/knigi/kniga/zasypatelnye-skazki-pro-mashinki-bayu-bay-ekskavator/,"Засыпательные сказки про машинки. Баю-бай, экскаватор!",Ульева Елена,Clever,2–4 лет,"дружба, искусство",сказка,178,4,описание: обрезанная аннотация издательства; «почему рекомендуем»: шаблон ×656; возраст: «2–4 лет» → «2–4 года»; автор: фамилия перед именем
https://n-e-n.ru/knigi/kniga/zasypatelnye-skazki-pro-mashinki-knizhki-kartonki-bayu-bay/,"Засыпательные сказки про машинки. Книжки-картонки. Баю-бай, полицейская машинка!",Ульева Елена,Clever,2–3 лет,"искусство, приключения",сказка,179,4,описание: обрезанная аннотация издательства; «почему рекомендуем»: шаблон ×870; возраст: «2–3 лет» → «2–3 года»; автор: фамилия перед именем
https://n-e-n.ru/knigi/kniga/zasypatelnye-skazki-maminy-skazki-na-noch/,Засыпательные сказки. Мамины сказки на ночь,Ульева Елена,Clever,2–4 лет,"семья, животные, космос, искусство, страх",сказка,176,4,описание: обрезанная аннотация издательства; «почему рекомендуем»: шаблон ×870; возраст: «2–4 лет» → «2–4 года»; автор: фамилия перед именем
https://n-e-n.ru/knigi/kniga/zato-sam-rasskazy-dlya-pervogo-chteniya-1-stupen-3-4-bukvy/,Зато сам! Рассказы для первого чтения. 1 ступень (3-4 буквы),Татьяна Руссита,МИФ.Детство,3–4 лет,"дружба, семья, школа, животные, природа",реалистическая проза,179,4,описание: обрезанная аннотация издательства; «почему рекомендуем»: шаблон ×656; возраст: «3–4 лет» → «3–4 года»; страницы: 3726 — сбой импорта
https://n-e-n.ru/knigi/kniga/zayushkina-izbushka-kotyatova/,Заюшкина избушка,Н. И. Котятова; Т. В. Баринова,Эксмо,0–3 лет,животные,реалистическая проза,138,4,«почему рекомендуем»: шаблон ×37; возраст: «0–3 лет» → «0–3 года»; название повторяется ×2 — проверить дубль; нет поля: число страниц
https://n-e-n.ru/knigi/kniga/zayushkina-izbushka/,Заюшкина избушка,Ольга Капица; Татьяна Серова,Альпина.Дети,5–9 лет,"животные, искусство",сказка,174,4,описание: обрезанная аннотация издательства; «почему рекомендуем»: шаблон ×656; автор: имя записано по-разному в разных карточках; название повторяется ×2 — проверить дубль
https://n-e-n.ru/knigi/kniga/zvezdnye-skazki-izuchaem-kosmos/,Звёздные сказки. Изучаем космос,Ульева Елена,Clever,2–4 лет,"семья, животные, космос, искусство","сказка, научная фантастика",176,4,описание: обрезанная аннотация издательства; «почему рекомендуем»: шаблон ×656; возраст: «2–4 лет» → «2–4 года»; автор: фамилия перед именем
https://n-e-n.ru/knigi/kniga/ziggi-i-lunnoe-predstavlenie/,Зигги и лунное представление,Кристина Литтен,Поляндрия,3–7 лет,искусство,реалистическая проза,172,4,описание: обрезанная аннотация издательства; «почему рекомендуем»: шаблон ×656; «почему рекомендуем»: «о» вместо «об»; автор: фамилия перед именем
https://n-e-n.ru/knigi/kniga/zolotaya-kollektsiya-skazok-il-e-shafranskoy/,Золотая коллекция сказок (ил. Е. Шафранской),Братья Гримм; Шарль Перро,Эксмо,7–12 лет,"дружба, семья, школа, животные, природа, братья и сёстры","сказка, фэнтези, научная фантастика",180,4,"описание: обрезанная аннотация издательства; «почему рекомендуем»: шаблон ×870; название: данные издания (иллюстратор, номер издания) внутри названия; автор: имя записано по-разному в разных карточках"
https://n-e-n.ru/knigi/kniga/zolotoy-lug-rasskazy-o-zhivotnyh-il-dudarenko/,Золотой луг. Рассказы о животных (ил. Дударенко),Михаил Пришвин,Эксмо,7–12 лет,"школа, животные, природа, волшебство, эмоции, творчество",сказка,173,4,"описание: обрезанная аннотация издательства; «почему рекомендуем»: шаблон ×870; название: данные издания (иллюстратор, номер издания) внутри названия; автор: имя записано по-разному в разных карточках"
https://n-e-n.ru/knigi/kniga/i-kto-to-skazal-privet/,И кто-то сказал «Привет»,Нихан Темиз,Поляндрия,2–6 лет,"дружба, животные",реалистическая проза,179,4,описание: обрезанная аннотация издательства; «почему рекомендуем»: шаблон ×669; нет поля: ISBN; нет поля: число страниц
https://n-e-n.ru/knigi/kniga/igrushechnye-rasskazy/,Игрушечные рассказы,Женя Кац,МИФ.Детство,2–3 лет,"семья, животные, отношения, приключения, братья и сёстры",приключения,178,4,описание: обрезанная аннотация издательства; «почему рекомендуем»: шаблон ×669; возраст: «2–3 лет» → «2–3 года»; страницы: 3726 — сбой импорта
https://n-e-n.ru/knigi/kniga/izlom-vremeni/,Излом времени,Мадлен Ленгл,,10–15 лет,"семья, наука, самооценка","научная фантастика, фэнтези",121,4,«почему рекомендуем»: шаблон ×870; нет поля: издательство; нет поля: ISBN; нет поля: число страниц
https://n-e-n.ru/knigi/kniga/istoriya-severnogo-kruga/,История Северного круга,Фрида Нильсон,МИФ.Детство,7–12 лет,"дружба, семья, школа, животные, мифология, смерть",сказка,180,4,описание: обрезанная аннотация издательства; «почему рекомендуем»: шаблон ×870; автор: имя записано по-разному в разных карточках; страницы: 3726 — сбой импорта
https://n-e-n.ru/knigi/kniga/istoriya-pro-porosenka/,История про поросёнка,Г. Цыферов,Малыш,6–11 лет,отношения,реалистическая проза,150,4,«почему рекомендуем»: шаблон ×669; «почему рекомендуем»: «о» вместо «об»; нет поля: ISBN; нет поля: число страниц
https://n-e-n.ru/knigi/kniga/kak-ezhik-s-medvezhonkom-protirali-zvezdy/,Как Ёжик с Медвежонком протирали звезды,С. Г. Козлов,,6–11 лет,"дружба, природа",реалистическая проза,141,4,«почему рекомендуем»: шаблон ×669; автор: имя записано по-разному в разных карточках; нет поля: издательство; нет поля: число страниц
https://n-e-n.ru/knigi/kniga/kak-poymat-tishinu-i-drugie-istorii-pro-ulku-2-e-izd/,Как поймать тишину и другие истории про Ульку (2-е изд.),Чернышова Евгения,КомпасГид,4–9 лет,"семья, школа, животные, природа, искусство, эмоции",приключения,178,4,"описание: обрезанная аннотация издательства; «почему рекомендуем»: шаблон ×26; название: данные издания (иллюстратор, номер издания) внутри названия; автор: фамилия перед именем"
https://n-e-n.ru/knigi/kniga/kapriya-tayna-klyucha/,Каприя. Тайна ключа,Мартина Д`Антиокия,Эксмо,7–12 лет,"дружба, семья, школа, волшебство, приключения","сказка, фэнтези, научная фантастика",180,4,описание: обрезанная аннотация издательства; «почему рекомендуем»: шаблон ×870; автор: фамилия перед именем; страницы: 2 — похоже на номер в серии; объём считается неверно
https://n-e-n.ru/knigi/kniga/karandash-i-samodelkin-v-strane-piramid-il-yu-yakunina/,Карандаш и Самоделкин в Стране пирамид (ил. Ю. Якунина),Валентин Постников,Эксмо,7–12 лет,"дружба, животные, история, путешествия, отношения","сказка, фэнтези, приключения",176,4,"описание: обрезанная аннотация издательства; «почему рекомендуем»: шаблон ×669; название: данные издания (иллюстратор, номер издания) внутри названия; автор: имя записано по-разному в разных карточках"
https://n-e-n.ru/knigi/kniga/karandash-i-samodelkin-v-derevne-kozyavkino-il-yu-yakunina/,Карандаш и Самоделкин в деревне Козявкино (ил. Ю. Якунина),Валентин Постников,Эксмо,9–10 лет,"дружба, природа, отношения, юмор, волшебство","сказка, фэнтези, детектив",179,4,"описание: обрезанная аннотация издательства; «почему рекомендуем»: шаблон ×669; название: данные издания (иллюстратор, номер издания) внутри названия; автор: имя записано по-разному в разных карточках"
https://n-e-n.ru/knigi/kniga/kartofelnaya-sobaka/,Картофельная собака,Юрий Коваль,Самокат,5–15 лет,"семья, животные, взросление, отношения, приключения, братья и сёстры",реалистическая проза,177,4,описание: обрезанная аннотация издательства; «почему рекомендуем»: шаблон ×669; нет поля: ISBN; нет поля: число страниц
https://n-e-n.ru/knigi/kniga/kit-na-plyazhe/,Кит на пляже,Винко Мёдерндорфер,МИФ.Детство,12–17 лет,"дружба, семья, школа, животные, природа, эмоции, страх","сказка, детектив",179,4,описание: обрезанная аннотация издательства; «почему рекомендуем»: шаблон ×122; автор: фамилия перед именем; страницы: 3726 — сбой импорта
https://n-e-n.ru/knigi/kniga/kniga-perevertysh-babushka-menya-lyubit-dedushka-menya-lyubit/,Книга-перевертыш. Бабушка меня любит. Дедушка меня любит,Ульева Елена,Clever,2–4 лет,"семья, животные, искусство, отношения, юмор, эмоции","сказка, юмор, семейная история",172,4,описание: обрезанная аннотация издательства; «почему рекомендуем»: шаблон ×656; возраст: «2–4 лет» → «2–4 года»; автор: фамилия перед именем
https://n-e-n.ru/knigi/kniga/kniga-perevertysh-mama-menya-lyubit-papa-menya-lyubit/,Книга-перевертыш. Мама меня любит. Папа меня любит,Ульева Елена,Clever,2–4 лет,"семья, животные, искусство, отношения, эмоции","сказка, семейная история",179,4,описание: обрезанная аннотация издательства; «почему рекомендуем»: шаблон ×870; возраст: «2–4 лет» → «2–4 года»; автор: фамилия перед именем
https://n-e-n.ru/knigi/kniga/knizhki-kartinki-detskiy-sad-dlya-zveryat/,Книжки-картинки. Детский сад для зверят,Весова Юлия,Clever,2–4 лет,"семья, детский сад, животные, природа, искусство","юмор, поэзия",178,4,описание: обрезанная аннотация издательства; «почему рекомендуем»: шаблон ×870; возраст: «2–4 лет» → «2–4 года»; автор: фамилия перед именем
https://n-e-n.ru/knigi/kniga/knizhki-kartinki-kto-sel-moe-pechene/,Книжки-картинки. Кто съел моё печенье?,Астнер Люси,Clever,2–4 лет,"дружба, животные, природа, искусство, юмор, детектив","сказка, детектив, юмор",175,4,описание: обрезанная аннотация издательства; «почему рекомендуем»: шаблон ×870; возраст: «2–4 лет» → «2–4 года»; автор: фамилия перед именем
https://n-e-n.ru/knigi/kniga/knizhki-kartinki-noch-pered-rozhdestvom/,Книжки-картинки. Ночь перед Рождеством,Ричардсон Стив; Клемент К. Мур,Clever,2–4 лет,"семья, школа, животные, природа, экология, творчество","сказка, фэнтези, приключения",173,4,описание: обрезанная аннотация издательства; «почему рекомендуем»: шаблон ×669; возраст: «2–4 лет» → «2–4 года»; автор: имя записано по-разному в разных карточках
https://n-e-n.ru/knigi/kniga/knizhki-kartinki-pora-na-gorshok/,Книжки-картинки. Пора на горшок!,Кордерой Трейси,Clever,2–3 лет,"дружба, семья, школа, животные, искусство, братья и сёстры, эмоции","сказка, приключения, юмор",175,4,описание: обрезанная аннотация издательства; «почему рекомендуем»: шаблон ×669; возраст: «2–3 лет» → «2–3 года»; автор: имя записано по-разному в разных карточках
https://n-e-n.ru/knigi/kniga/knizhki-kartinki-pochitay-so-mnoy-malysh/,"Книжки-картинки. Почитай со мной, малыш!",Эмерсон Перри,Clever,2–4 лет,"дружба, семья, животные, искусство, отношения, братья и сёстры","сказка, приключения, юмор",174,4,описание: обрезанная аннотация издательства; «почему рекомендуем»: шаблон ×669; возраст: «2–4 лет» → «2–4 года»; автор: имя записано по-разному в разных карточках
https://n-e-n.ru/knigi/kniga/knizhki-kartinki-samyy-smelyy-hameleon/,Книжки-картинки. Самый смелый хамелеон,Райтмейер Андреа,Clever,3–5 лет,"искусство, страх",реалистическая проза,177,4,описание: обрезанная аннотация издательства; «почему рекомендуем»: шаблон ×656; «почему рекомендуем»: «о» вместо «об»; автор: фамилия перед именем
https://n-e-n.ru/knigi/kniga/knizhki-kartinki-slonenok-idet-v-detskiy-sad/,Книжки-картинки. Слоненок идет в детский сад,Симбирская Юлия,Clever,2–4 лет,"детский сад, животные, природа, искусство, взросление, страх","сказка, фэнтези, юмор",179,4,описание: обрезанная аннотация издательства; «почему рекомендуем»: шаблон ×870; возраст: «2–4 лет» → «2–4 года»; автор: фамилия перед именем
https://n-e-n.ru/knigi/kniga/knizhki-kartonki-zima-v-lesu/,Книжки-картонки. Зима в лесу,Липпа Хенрике; Штаар Катарина,Clever,2–3 лет,"семья, животные, природа, искусство, юмор","сказка, юмор, поэзия",180,4,описание: обрезанная аннотация издательства; «почему рекомендуем»: шаблон ×870; возраст: «2–3 лет» → «2–3 года»; автор: имя записано по-разному в разных карточках
https://n-e-n.ru/knigi/kniga/knizhnyy-vor/,Книжный вор,Маркус Зусак,,13–17 лет,"семья, история, искусство","историческая проза, семейная история",125,4,«почему рекомендуем»: шаблон ×120; нет поля: издательство; нет поля: ISBN; нет поля: число страниц
https://n-e-n.ru/knigi/kniga/kogda-medvedik-prosypaetsya/,Когда Медведик просыпается,Карма Уилсон,Поляндрия,2–4 лет,"дружба, животные, природа, искусство, юмор","приключения, юмор, поэзия",174,4,описание: обрезанная аннотация издательства; «почему рекомендуем»: шаблон ×870; возраст: «2–4 лет» → «2–4 года»; автор: имя записано по-разному в разных карточках
https://n-e-n.ru/knigi/kniga/kolobok/,Колобок,Константин Ушинский; Екатерина Полторак,Альпина.Дети,5–9 лет,"семья, животные, природа, искусство, юмор","сказка, юмор",174,4,описание: обрезанная аннотация издательства; «почему рекомендуем»: шаблон ×870; автор: имя записано по-разному в разных карточках; название повторяется ×2 — проверить дубль
https://n-e-n.ru/knigi/kniga/kolobok-protiv-debilenko/,Колобок против Дебиленко,Е дуард Николаевич Успенскии,Mir Rebenka,6–11 лет,"отношения, детектив",реалистическая проза,180,4,описание: обрезанная аннотация издательства; «почему рекомендуем»: шаблон ×656; «почему рекомендуем»: «о» вместо «об»; нет поля: число страниц
https://n-e-n.ru/knigi/kniga/komissar-gordon-pervoe-delo/,Комиссар Гордон. Первое дело,Ульф Нильсон,Самокат,2–3 лет,"семья, школа, животные, природа, искусство, детектив","сказка, детектив, приключения, юмор",178,4,описание: обрезанная аннотация издательства; «почему рекомендуем»: шаблон ×870; возраст: «2–3 лет» → «2–3 года»; автор: имя записано по-разному в разных карточках
https://n-e-n.ru/knigi/kniga/konek-gorbunok-il-a-eliseeva/,Конек-горбунок (ил. А. Елисеева),Петр Ершов,Эксмо,7–12 лет,"животные, природа, путешествия, волшебство, приключения","сказка, фэнтези, приключения",178,4,"описание: обрезанная аннотация издательства; «почему рекомендуем»: шаблон ×656; название: данные издания (иллюстратор, номер издания) внутри названия; автор: имя записано по-разному в разных карточках"
https://n-e-n.ru/knigi/kniga/konek-gorbunok-il-i-egunova/,Конек-горбунок (ил. И. Егунова),П. П. Ершов,Эксмо,7–12 лет,"семья, животные, природа, волшебство, приключения, братья и сёстры","сказка, фэнтези, приключения",179,4,"описание: обрезанная аннотация издательства; «почему рекомендуем»: шаблон ×656; название: данные издания (иллюстратор, номер издания) внутри названия; автор: имя записано по-разному в разных карточках"
https://n-e-n.ru/knigi/kniga/korduroy/,Кордурой,Дон Фриман,,3–7 лет,"дружба, самооценка","семейная история, приключения",96,4,«почему рекомендуем»: шаблон ×669; нет поля: издательство; нет поля: ISBN; нет поля: число страниц
https://n-e-n.ru/knigi/kniga/kot-v-sapogah/,Кот в сапогах,Н. И. Котятова; Т. В. Баринова,,7–12 лет,животные,сказка,179,4,описание: обрезанная аннотация издательства; «почему рекомендуем»: шаблон ×656; нет поля: издательство; нет поля: число страниц
https://n-e-n.ru/knigi/kniga/krabat-ili-legendy-staroy-melnitsy/,"Крабат, или Легенды старой мельницы",Отфрид Пройслер,,12–16 лет,"дружба, волшебство, безопасность, смерть",фэнтези,120,4,«почему рекомендуем»: шаблон ×122; нет поля: издательство; нет поля: ISBN; нет поля: число страниц
https://n-e-n.ru/knigi/kniga/krasivaya-kniga-o-more/,Красивая книга о море,Никола Дэвис,МИФ.Детство,7–12 лет,"природа, история, отношения, первая любовь, эмоции",поэзия,174,4,описание: обрезанная аннотация издательства; «почему рекомендуем»: шаблон ×870; автор: имя записано по-разному в разных карточках; страницы: 3726 — сбой импорта
https://n-e-n.ru/knigi/kniga/krolik-piter/,Кролик Питер,Беатрис Поттер,,3–7 лет,"животные, семья, приключения",сказка,98,4,«почему рекомендуем»: шаблон ×870; нет поля: издательство; нет поля: ISBN; нет поля: число страниц
https://n-e-n.ru/knigi/kniga/krugosvetnoe-puteshestvie-karandasha-i-samodelkina-il-yu-yakunina/,Кругосветное путешествие Карандаша и Самоделкина (ил. Ю. Якунина),Валентин Постников,Эксмо,7–12 лет,"дружба, животные, история, путешествия, отношения","сказка, фэнтези, детектив",176,4,"описание: обрезанная аннотация издательства; «почему рекомендуем»: шаблон ×656; название: данные издания (иллюстратор, номер издания) внутри названия; автор: имя записано по-разному в разных карточках"
https://n-e-n.ru/knigi/kniga/kto-skazal-myau/,Кто сказал «мяу»?,Владимир Сутеев,,2–6 лет,"животные, приключения",сказка,96,4,«почему рекомендуем»: шаблон ×26; нет поля: издательство; нет поля: ISBN; нет поля: число страниц
https://n-e-n.ru/knigi/kniga/legendy-byli-i-skazki-kryma-dlya-detey/,"Легенды, были и сказки Крыма для детей",Е. В. Белоусов,Bibleks,7–12 лет,волшебство,сказка,170,4,«почему рекомендуем»: шаблон ×656; автор: имя записано по-разному в разных карточках; нет поля: ISBN; нет поля: число страниц
https://n-e-n.ru/knigi/kniga/les-vverh-tormashkami/,Лес Вверх Тормашками,Клемантин Ферри,МИФ.Детство,7–12 лет,"дружба, семья, животные, природа, волшебство, принятие себя, смелость","сказка, фэнтези",177,4,описание: обрезанная аннотация издательства; «почему рекомендуем»: шаблон ×870; автор: фамилия перед именем; страницы: 3726 — сбой импорта
https://n-e-n.ru/knigi/kniga/lili-i-zapretnaya-magiya-1/,Лили и запретная магия (#1),Холли Вебб,Эксмо,12–17 лет,"животные, история, взросление, волшебство, приключения","сказка, фэнтези, научная фантастика",180,4,описание: обрезанная аннотация издательства; «почему рекомендуем»: шаблон ×122; автор: имя записано по-разному в разных карточках; страницы: 1 — похоже на номер в серии; объём считается неверно
https://n-e-n.ru/knigi/kniga/lili-i-magiya-drakona-2/,Лили и магия дракона (#2),Холли Вебб,Эксмо,7–12 лет,"семья, животные, природа, волшебство, приключения, братья и сёстры","сказка, фэнтези, научная фантастика",177,4,описание: обрезанная аннотация издательства; «почему рекомендуем»: шаблон ×870; автор: имя записано по-разному в разных карточках; страницы: 2 — похоже на номер в серии; объём считается неверно
https://n-e-n.ru/knigi/kniga/lili-i-magiya-peremen-4/,Лили и магия перемен (#4),Холли Вебб,Эксмо,12–17 лет,"животные, взросление, волшебство, приключения, эмоции","сказка, фэнтези, научная фантастика",173,4,описание: обрезанная аннотация издательства; «почему рекомендуем»: шаблон ×120; автор: имя записано по-разному в разных карточках; страницы: 4 — похоже на номер в серии; объём считается неверно
https://n-e-n.ru/knigi/kniga/lili-i-uznik-magii-3/,Лили и узник магии (#3),Холли Вебб,Эксмо,7–12 лет,"семья, природа, волшебство, приключения, братья и сёстры","фэнтези, научная фантастика, приключения",179,4,описание: обрезанная аннотация издательства; «почему рекомендуем»: шаблон ×669; автор: имя записано по-разному в разных карточках; страницы: 3 — похоже на номер в серии; объём считается неверно
https://n-e-n.ru/knigi/kniga/luchshie-skazki-i-rasskazy-dlya-detey-il-v-kanivtsa/,Лучшие сказки и рассказы для детей (ил. В. Канивца),Лев Толстой,Эксмо,7–12 лет,"семья, школа, животные, природа, волшебство, братья и сёстры",сказка,178,4,"описание: обрезанная аннотация издательства; «почему рекомендуем»: шаблон ×870; название: данные издания (иллюстратор, номер издания) внутри названия; автор: фамилия перед именем"
https://n-e-n.ru/knigi/kniga/magazinchik-moego-dedushki/,Магазинчик моего дедушки,Шермин Яшар,МИФ.Детство,7–12 лет,"дружба, семья, животные, природа, взросление",юмор,175,4,описание: обрезанная аннотация издательства; «почему рекомендуем»: шаблон ×870; автор: фамилия перед именем; страницы: 3726 — сбой импорта
https://n-e-n.ru/knigi/kniga/madam-badubeda/,Мадам Бадубеда,Софи Даль,МИФ.Детство,7–12 лет,"дружба, животные, взросление, приключения, детектив","детектив, приключения",177,4,описание: обрезанная аннотация издательства; «почему рекомендуем»: шаблон ×870; автор: имя записано по-разному в разных карточках; страницы: 3726 — сбой импорта
https://n-e-n.ru/knigi/kniga/malenkaya-baba-yaga/,Маленькая Баба-Яга,Отфрид Пройслер,,6–10 лет,"волшебство, самооценка, дружба","фэнтези, юмор",107,4,«почему рекомендуем»: шаблон ×656; нет поля: издательство; нет поля: ISBN; нет поля: число страниц
https://n-e-n.ru/knigi/kniga/malenkiy-gruzovichok-gruzovichok-zlitsya/,Маленький грузовичок. Грузовичок злится,Ульева Елена,Clever,2–4 лет,"семья, животные, искусство, эмоции",сказка,178,4,описание: обрезанная аннотация издательства; «почему рекомендуем»: шаблон ×669; возраст: «2–4 лет» → «2–4 года»; автор: фамилия перед именем
https://n-e-n.ru/knigi/kniga/malenkiy-gruzovichok-knizhki-kartinki-gruzovichok-zlitsya/,Маленький грузовичок. Книжки-картинки. Грузовичок злится,Ульева Елена,Clever,2–4 лет,"животные, искусство, приключения, эмоции","сказка, приключения",170,4,описание: обрезанная аннотация издательства; «почему рекомендуем»: шаблон ×656; возраст: «2–4 лет» → «2–4 года»; автор: фамилия перед именем
https://n-e-n.ru/knigi/kniga/malenkiy-gruzovichok-knizhki-kartonki-gruzovichok-spokoynoy-nochi/,"Маленький грузовичок. Книжки-картонки. Грузовичок, спокойной ночи!",Ульева Елена,Clever,2–3 лет,"семья, животные, искусство, спорт",сказка,179,4,описание: обрезанная аннотация издательства; «почему рекомендуем»: шаблон ×656; возраст: «2–3 лет» → «2–3 года»; автор: фамилия перед именем
https://n-e-n.ru/knigi/kniga/malenkiy-krasnyy-traktor-i-bespokoynye-sosedi-il-f-gossensa/,Маленький красный Трактор и беспокойные соседи (ил. Ф. Госсенса),Натали Квинтарт,Эксмо,3–4 лет,"дружба, животные, природа, приключения","сказка, приключения",179,4,"описание: обрезанная аннотация издательства; «почему рекомендуем»: шаблон ×656; возраст: «3–4 лет» → «3–4 года»; название: данные издания (иллюстратор, номер издания) внутри названия"
https://n-e-n.ru/knigi/kniga/malenkiy-krasnyy-traktor-i-zimnie-chudesa-il-f-gossensa/,Маленький красный Трактор и зимние чудеса (ил. Ф. Госсенса),Натали Квинтарт,Эксмо,3–4 лет,"дружба, животные, природа, взросление, юмор","сказка, приключения, юмор",177,4,"описание: обрезанная аннотация издательства; «почему рекомендуем»: шаблон ×669; возраст: «3–4 лет» → «3–4 года»; название: данные издания (иллюстратор, номер издания) внутри названия"
https://n-e-n.ru/knigi/kniga/malenkiy-krasnyy-traktor-i-korablik-il-f-gossensa/,Маленький красный Трактор и кораблик (ил. Ф. Госсенса),Натали Квинтарт,Эксмо,3–4 лет,"дружба, природа, путешествия, приключения","сказка, приключения",177,4,"описание: обрезанная аннотация издательства; «почему рекомендуем»: шаблон ×656; возраст: «3–4 лет» → «3–4 года»; название: данные издания (иллюстратор, номер издания) внутри названия"
https://n-e-n.ru/knigi/kniga/malenkiy-krasnyy-traktor-i-lesnoe-priklyuchenie-il-f-gossensa/,Маленький красный Трактор и лесное приключение (ил. Ф. Госсенса),Натали Квинтарт,Эксмо,3–4 лет,"дружба, животные, природа, путешествия, приключения, страх","сказка, приключения",172,4,"описание: обрезанная аннотация издательства; «почему рекомендуем»: шаблон ×656; возраст: «3–4 лет» → «3–4 года»; название: данные издания (иллюстратор, номер издания) внутри названия"
https://n-e-n.ru/knigi/kniga/malenkiy-krasnyy-traktor-i-novogodnyaya-elka-il-f-gossensa/,Маленький красный Трактор и новогодняя елка (ил. Ф. Госсенса),Натали Квинтарт,Эксмо,3–4 лет,"дружба, природа, приключения","сказка, приключения",177,4,"описание: обрезанная аннотация издательства; «почему рекомендуем»: шаблон ×669; возраст: «3–4 лет» → «3–4 года»; название: данные издания (иллюстратор, номер издания) внутри названия"
https://n-e-n.ru/knigi/kniga/malenkiy-krasnyy-traktor-i-novyy-drug-il-f-gossensa/,Маленький красный Трактор и новый друг (ил. Ф. Госсенса),Натали Квинтарт,Эксмо,3–4 лет,"дружба, животные, природа, приключения",приключения,177,4,"описание: обрезанная аннотация издательства; «почему рекомендуем»: шаблон ×870; возраст: «3–4 лет» → «3–4 года»; название: данные издания (иллюстратор, номер издания) внутри названия"
https://n-e-n.ru/knigi/kniga/malenkiy-krasnyy-traktor-i-olenenok-il-f-gossensa/,Маленький красный Трактор и олененок (ил. Ф. Госсенса),Натали Квинтарт,Эксмо,3–4 лет,"дружба, семья, животные, природа, путешествия","сказка, приключения",173,4,"описание: обрезанная аннотация издательства; «почему рекомендуем»: шаблон ×656; возраст: «3–4 лет» → «3–4 года»; название: данные издания (иллюстратор, номер издания) внутри названия"
https://n-e-n.ru/knigi/kniga/malenkiy-krasnyy-traktor-i-pobeda-nad-strahom-il-f-gossensa/,Маленький красный Трактор и победа над страхом (ил. Ф. Госсенса),Натали Квинтарт,Эксмо,3–4 лет,"дружба, семья, животные, природа, приключения, страх","сказка, приключения",179,4,"описание: обрезанная аннотация издательства; «почему рекомендуем»: шаблон ×669; возраст: «3–4 лет» → «3–4 года»; название: данные издания (иллюстратор, номер издания) внутри названия"
https://n-e-n.ru/knigi/kniga/malenkiy-krasnyy-traktor-i-samolet-il-f-gossensa/,Маленький красный Трактор и самолет (ил. Ф. Госсенса),Натали Квинтарт,Эксмо,3–4 лет,"дружба, животные, природа, приключения","сказка, приключения",178,4,"описание: обрезанная аннотация издательства; «почему рекомендуем»: шаблон ×870; возраст: «3–4 лет» → «3–4 года»; название: данные издания (иллюстратор, номер издания) внутри названия"
https://n-e-n.ru/knigi/kniga/malenkiy-krasnyy-traktor-i-sekret-nastoyaschego-schastya-il-r-amtora/,Маленький красный Трактор и секрет настоящего счастья (ил. Р. Амтора),Михаэль Энглер,Эксмо,3–4 лет,"дружба, природа, путешествия, взросление, приключения, страх","сказка, приключения",180,4,"описание: обрезанная аннотация издательства; «почему рекомендуем»: шаблон ×656; возраст: «3–4 лет» → «3–4 года»; название: данные издания (иллюстратор, номер издания) внутри названия"
https://n-e-n.ru/knigi/kniga/malenkiy-krasnyy-traktor-i-chestnyy-postupok-il-f-gossensa/,Маленький красный Трактор и честный поступок (ил. Ф. Госсенса),Натали Квинтарт,Эксмо,3–4 лет,"дружба, школа, животные, природа, приключения, страх","сказка, приключения",179,4,"описание: обрезанная аннотация издательства; «почему рекомендуем»: шаблон ×870; возраст: «3–4 лет» → «3–4 года»; название: данные издания (иллюстратор, номер издания) внутри названия"
https://n-e-n.ru/knigi/kniga/malenkiy-krasnyy-traktor-s-dnem-rozhdeniya-il-f-gossensa/,"Маленький красный Трактор, с днем рождения! (ил. Ф. Госсенса)",Натали Квинтарт,Эксмо,3–4 лет,"дружба, животные, природа, юмор","сказка, юмор",179,4,"описание: обрезанная аннотация издательства; «почему рекомендуем»: шаблон ×870; возраст: «3–4 лет» → «3–4 года»; название: данные издания (иллюстратор, номер издания) внутри названия"
https://n-e-n.ru/knigi/kniga/malenkiy-musorovoz-knizhki-kartonki-malysh-musorovoz-ischet-druga/,Маленький мусоровоз. Книжки-картонки. Малыш мусоровоз ищет друга,Весова Юлия,Clever,2–3 лет,"дружба, семья, животные, природа, искусство","сказка, приключения, юмор",178,4,описание: обрезанная аннотация издательства; «почему рекомендуем»: шаблон ×656; возраст: «2–3 лет» → «2–3 года»; автор: фамилия перед именем
https://n-e-n.ru/knigi/kniga/malenkiy-musorovoz-malysh-musorovoz-ne-hochet-spat/,Маленький мусоровоз. Малыш Мусоровоз не хочет спать,Весова Юлия,Clever,2–4 лет,"семья, животные, искусство, спорт, взросление","сказка, приключения, юмор",179,4,описание: обрезанная аннотация издательства; «почему рекомендуем»: шаблон ×870; возраст: «2–4 лет» → «2–4 года»; автор: фамилия перед именем
https://n-e-n.ru/knigi/kniga/malenkiy-musorovoz-malysh-musorovoz-boitsya-temnoty/,Маленький мусоровоз. Малыш мусоровоз боится темноты,Весова Юлия,Clever,2–4 лет,"дружба, семья, животные, искусство, юмор, страх","сказка, приключения, юмор",179,4,описание: обрезанная аннотация издательства; «почему рекомендуем»: шаблон ×656; возраст: «2–4 лет» → «2–4 года»; автор: фамилия перед именем
https://n-e-n.ru/knigi/kniga/malenkiy-musorovoz-malysh-musorovoz-zabludilsya-v-gorode/,Маленький мусоровоз. Малыш мусоровоз заблудился в городе,Весова Юлия,Clever,2–4 лет,"семья, животные, искусство, путешествия, юмор","сказка, приключения, юмор",174,4,описание: обрезанная аннотация издательства; «почему рекомендуем»: шаблон ×870; возраст: «2–4 лет» → «2–4 года»; автор: фамилия перед именем
https://n-e-n.ru/knigi/kniga/malenkiy-musorovoz-malysh-musorovoz-ne-hochet-est/,Маленький мусоровоз. Малыш мусоровоз не хочет есть,Весова Юлия,Clever,2–4 лет,"животные, искусство, спорт, юмор","юмор, поэзия",167,4,описание: обрезанная аннотация издательства; «почему рекомендуем»: шаблон ×870; возраст: «2–4 лет» → «2–4 года»; автор: фамилия перед именем
https://n-e-n.ru/knigi/kniga/malenkiy-musorovoz-malysh-musorovoz-ne-hochet-mytsya/,Маленький мусоровоз. Малыш мусоровоз не хочет мыться,Весова Юлия,Clever,2–4 лет,"дружба, животные, искусство, юмор","сказка, юмор, поэзия",175,4,описание: обрезанная аннотация издательства; «почему рекомендуем»: шаблон ×870; возраст: «2–4 лет» → «2–4 года»; автор: фамилия перед именем
https://n-e-n.ru/knigi/kniga/malenkiy-musorovoz-malysh-musorovoz-spasaet-gorod-ot-snega/,Маленький мусоровоз. Малыш мусоровоз спасает город от снега,Весова Юлия,Clever,2–4 лет,"животные, искусство, юмор, приключения","сказка, юмор, поэзия",170,4,описание: обрезанная аннотация издательства; «почему рекомендуем»: шаблон ×870; возраст: «2–4 лет» → «2–4 года»; автор: фамилия перед именем
https://n-e-n.ru/knigi/kniga/malenkiy-musorovoz-sborniki-skazok-malysh-musorovoz-veselye/,Маленький мусоровоз. Сборники сказок. Малыш мусоровоз. Весёлые приключения,Весова Юлия,Clever,2–4 лет,"семья, животные, искусство, спорт, юмор","сказка, приключения, юмор",180,4,описание: обрезанная аннотация издательства; «почему рекомендуем»: шаблон ×656; возраст: «2–4 лет» → «2–4 года»; автор: фамилия перед именем
https://n-e-n.ru/knigi/kniga/malenkiy-musorovoz-sborniki-skazok-malysh-musorovoz-sonnye-istorii/,Маленький мусоровоз. Сборники сказок. Малыш мусоровоз. Сонные истории,Весова Юлия,Clever,2–4 лет,"дружба, семья, животные, искусство, спорт, страх","сказка, юмор, поэзия",175,4,описание: обрезанная аннотация издательства; «почему рекомендуем»: шаблон ×669; возраст: «2–4 лет» → «2–4 года»; автор: фамилия перед именем
https://n-e-n.ru/knigi/kniga/malenkiy-prints/,Маленький принц,Клаудиа Бордин,МИФ.Детство,7–12 лет,"дружба, школа, природа",сказка,178,4,описание: обрезанная аннотация издательства; «почему рекомендуем»: шаблон ×669; название повторяется ×2 — проверить дубль; страницы: 3726 — сбой импорта
https://n-e-n.ru/knigi/kniga/malchik-volk-zov-tayny/,Мальчик-волк. Зов тайны,Юлия Иванова,МИФ.Детство,8–12 лет,"дружба, семья, школа, животные, природа, эмоции, принятие себя","фэнтези, детектив, приключения",173,4,описание: обрезанная аннотация издательства; «почему рекомендуем»: шаблон ×656; автор: имя записано по-разному в разных карточках; страницы: 3726 — сбой импорта
https://n-e-n.ru/knigi/kniga/medvedik-schitaet/,Медведик считает,Карма Уилсон,Поляндрия,2–4 лет,"дружба, животные, природа, искусство, юмор","приключения, юмор, поэзия",171,4,описание: обрезанная аннотация издательства; «почему рекомендуем»: шаблон ×669; возраст: «2–4 лет» → «2–4 года»; автор: имя записано по-разному в разных карточках
https://n-e-n.ru/knigi/kniga/medvedik-uznaet-tsveta/,Медведик узнаёт цвета,Карма Уилсон,Поляндрия,2–4 лет,"дружба, животные, природа, искусство, юмор","приключения, юмор, поэзия",170,4,описание: обрезанная аннотация издательства; «почему рекомендуем»: шаблон ×870; возраст: «2–4 лет» → «2–4 года»; автор: имя записано по-разному в разных карточках
https://n-e-n.ru/knigi/kniga/meydelin-finn-i-sobaka-iz-priyuta/,Мейделин Финн и собака из приюта,Лиза Папп,Поляндрия,3–12 лет,животные,реалистическая проза,179,4,описание: обрезанная аннотация издательства; «почему рекомендуем»: шаблон ×870; нет поля: ISBN; нет поля: число страниц
https://n-e-n.ru/knigi/kniga/missiya-dikogo-robota/,Миссия дикого робота,Питер Браун,МИФ.Детство,5–10 лет,"семья, животные, природа, путешествия, взросление, буллинг",приключения,180,4,описание: обрезанная аннотация издательства; «почему рекомендуем»: шаблон ×669; автор: фамилия перед именем; страницы: 3726 — сбой импорта
https://n-e-n.ru/knigi/kniga/mishka-tishka-i-horoshie-manery/,Мишка Тишка и хорошие манеры,Ульева Елена,Clever,2–4 лет,"дружба, семья, животные, природа, экология, братья и сёстры, эмоции","сказка, семейная история",178,4,описание: обрезанная аннотация издательства; «почему рекомендуем»: шаблон ×870; возраст: «2–4 лет» → «2–4 года»; автор: фамилия перед именем
https://n-e-n.ru/knigi/kniga/moi-druzya-prizraki-2-e-izd/,Мои друзья — призраки 2-е изд.,Мансо Анна,КомпасГид,6–10 лет,"дружба, семья, школа, животные, природа, эмоции, страх","сказка, фэнтези, научная фантастика",177,4,"описание: обрезанная аннотация издательства; «почему рекомендуем»: шаблон ×656; название: данные издания (иллюстратор, номер издания) внутри названия; автор: имя записано по-разному в разных карточках"
https://n-e-n.ru/knigi/kniga/moy-dom-na-kolesah/,Мой дом на колёсах,Наталья Дурова,Дрофа,7–12 лет,животные,реалистическая проза,176,4,описание: обрезанная аннотация издательства; «почему рекомендуем»: шаблон ×870; нет поля: ISBN; нет поля: число страниц
https://n-e-n.ru/knigi/kniga/monti/,Монти,Екатерина Трухан,МИФ.Детство,3–6 лет,"животные, природа, путешествия, приключения",приключения,175,4,описание: обрезанная аннотация издательства; «почему рекомендуем»: шаблон ×656; автор: фамилия перед именем; страницы: 3726 — сбой импорта
https://n-e-n.ru/knigi/kniga/moya-bolshaya/,Моя большая,Сибий Делакруа,Поляндрия,3–6 лет,"отношения, эмоции",реалистическая проза,176,4,описание: обрезанная аннотация издательства; «почему рекомендуем»: шаблон ×870; нет поля: ISBN; нет поля: число страниц
https://n-e-n.ru/knigi/kniga/my-igrali-s-ognem/,Мы играли с огнём,Кэтрин Бартер,МИФ.Детство,12–17 лет,"семья, животные, природа, космос, история, братья и сёстры, смерть","сказка, фэнтези, детектив",178,4,описание: обрезанная аннотация издательства; «почему рекомендуем»: шаблон ×122; автор: фамилия перед именем; страницы: 3726 — сбой импорта
https://n-e-n.ru/knigi/kniga/my-idem-ohotitsya-na-medvedya/,Мы идём охотиться на медведя,Майкл Розен,,2–6 лет,"семья, природа, приключения","поэзия, приключения",86,4,«почему рекомендуем»: шаблон ×26; нет поля: издательство; нет поля: ISBN; нет поля: число страниц
https://n-e-n.ru/knigi/kniga/nad-propastyu-vo-rzhi/,Над пропастью во ржи,Джером Д. Сэлинджер,,15–17 лет,"взросление, самооценка, отношения",реалистическая проза,119,4,«почему рекомендуем»: шаблон ×870; нет поля: издательство; нет поля: ISBN; нет поля: число страниц
https://n-e-n.ru/knigi/kniga/nastoyaschiy-korablik/,Настоящий кораблик,Марина Аромштам,МИФ.Детство,7–12 лет,"семья, животные, природа, путешествия, взросление",сказка,176,4,описание: обрезанная аннотация издательства; «почему рекомендуем»: шаблон ×656; автор: фамилия перед именем; страницы: 3726 — сбой импорта
https://n-e-n.ru/knigi/kniga/ne-opazdyvay-medved/,"Не опаздывай, Медведь!",Жан-Люк Фроманталь,МИФ.Детство,7–12 лет,"семья, школа, животные, природа, взросление","приключения, юмор, поэзия",175,4,описание: обрезанная аннотация издательства; «почему рекомендуем»: шаблон ×870; автор: фамилия перед именем; страницы: 3726 — сбой импорта
https://n-e-n.ru/knigi/kniga/novaya-skazka/,Новая сказка,Дмитрий Цветков,Terra,6–11 лет,волшебство,сказка,178,4,описание: обрезанная аннотация издательства; «почему рекомендуем»: шаблон ×870; нет поля: ISBN; нет поля: число страниц
https://n-e-n.ru/knigi/kniga/novogodnie-priklyucheniya-karandasha-i-samodelkina-il-yu-yakunina/,Новогодние приключения Карандаша и Самоделкина (ил. Ю. Якунина),Валентин Постников,Эксмо,7–12 лет,"дружба, юмор, волшебство, приключения","сказка, фэнтези, приключения",176,4,"описание: обрезанная аннотация издательства; «почему рекомендуем»: шаблон ×669; название: данные издания (иллюстратор, номер издания) внутри названия; автор: имя записано по-разному в разных карточках"
https://n-e-n.ru/knigi/kniga/novye-priklyucheniya-shustrika-i-tishki/,Новые приключения Шустрика и Тишки,Эрвин Мозер,Мелик-Пашаев,4–10 лет,"животные, волшебство, приключения","сказка, приключения",174,4,описание: обрезанная аннотация издательства; «почему рекомендуем»: шаблон ×669; автор: фамилия перед именем; нет поля: число страниц
https://n-e-n.ru/knigi/kniga/novyy-god-medvedika/,Новый год Медведика,Карма Уилсон,Поляндрия,2–4 лет,"дружба, животные, природа, искусство, юмор","приключения, юмор, поэзия",175,4,описание: обрезанная аннотация издательства; «почему рекомендуем»: шаблон ×870; возраст: «2–4 лет» → «2–4 года»; автор: имя записано по-разному в разных карточках
https://n-e-n.ru/knigi/kniga/nochevka-s-grabitelyami-vypusk-1/,Ночевка с грабителями (выпуск 1),Холли Вебб,Эксмо,7–12 лет,"животные, волшебство, приключения",приключения,179,4,описание: обрезанная аннотация издательства; «почему рекомендуем»: шаблон ×870; автор: имя записано по-разному в разных карточках; страницы: 1 — похоже на номер в серии; объём считается неверно
https://n-e-n.ru/knigi/kniga/o-glupom-myshonke/,О глупом мышонке,Самуил Маршак,Мелик-Пашаев,2–3 лет,"искусство, волшебство",сказка,170,4,описание: обрезанная аннотация издательства; «почему рекомендуем»: шаблон ×656; «почему рекомендуем»: «о» вместо «об»; возраст: «2–3 лет» → «2–3 года»
https://n-e-n.ru/knigi/kniga/obezyanki-mladshego-vozrasta/,Обезьянки младшего возраста,Григорий Остер,Росмэн,6–11 лет,отношения,реалистическая проза,137,4,«почему рекомендуем»: шаблон ×669; «почему рекомендуем»: «о» вместо «об»; нет поля: ISBN; нет поля: число страниц
https://n-e-n.ru/knigi/kniga/odin-za-vseh-i-vse-za-odnogo/,Один за всех и все за одного,Бригит Венингер,Нигма,3–12 лет,"дружба, семья, животные, природа, юмор",юмор,180,4,описание: обрезанная аннотация издательства; «почему рекомендуем»: шаблон ×669; нет поля: ISBN; нет поля: число страниц
https://n-e-n.ru/knigi/kniga/odnazhdy-lunnoy-nochyu/,Однажды лунной ночью,Занна Дэвидсон,МИФ.Детство,2–4 лет,"животные, природа, путешествия, взросление, волшебство, эмоции","сказка, фэнтези, приключения",174,4,описание: обрезанная аннотация издательства; «почему рекомендуем»: шаблон ×656; возраст: «2–4 лет» → «2–4 года»; страницы: 3726 — сбой импорта
https://n-e-n.ru/knigi/kniga/otel-s-sekretom-1/,Отель с секретом (#1),Карина Розенфельд,Эксмо,7–10 лет,"дружба, животные, природа, история, волшебство, смелость","сказка, фэнтези, научная фантастика",177,4,описание: обрезанная аннотация издательства; «почему рекомендуем»: шаблон ×669; автор: фамилия перед именем; страницы: 1 — похоже на номер в серии; объём считается неверно
https://n-e-n.ru/knigi/kniga/otpusk-krokodila-geny/,Отпуск крокодила Гены,Едуард Успенский,АСТ,6–11 лет,отношения,реалистическая проза,142,4,«почему рекомендуем»: шаблон ×656; «почему рекомендуем»: «о» вместо «об»; автор: опечатка в имени; автор: имя записано по-разному в разных карточках
https://n-e-n.ru/knigi/kniga/papa-mama-i-ya/,"Папа, мама, и я",В. Драгунский,,7–12 лет,семья,реалистическая проза,180,4,«почему рекомендуем»: шаблон ×870; автор: имя записано по-разному в разных карточках; нет поля: издательство; нет поля: число страниц
https://n-e-n.ru/knigi/kniga/pervyy-sneg/,Первый снег,Екатерина Трухан,МИФ.Детство,3–6 лет,"животные, природа, путешествия, юмор, приключения, эмоции","приключения, юмор, поэзия",176,4,описание: обрезанная аннотация издательства; «почему рекомендуем»: шаблон ×669; автор: фамилия перед именем; страницы: 3726 — сбой импорта
https://n-e-n.ru/knigi/kniga/petushok-zolotoy-grebeshok/,Петушок – золотой гребешок,Русская народная сказка,Мелик-Пашаев,2–3 лет,"животные, искусство, волшебство",сказка,173,4,описание: обрезанная аннотация издательства; «почему рекомендуем»: шаблон ×656; возраст: «2–3 лет» → «2–3 года»; автор: имя записано по-разному в разных карточках
https://n-e-n.ru/knigi/kniga/petya-i-potap-chizhikov/,Петя и Потап,В. Чижиков,Дрофа,6–11 лет,"культурное разнообразие, волшебство",сказка,142,4,«почему рекомендуем»: шаблон ×870; автор: имя записано по-разному в разных карточках; название повторяется ×2 — проверить дубль; нет поля: ISBN
https://n-e-n.ru/knigi/kniga/petya-i-potap/,Петя и Потап,Виктор Чижиков,Мелик-Пашаев,4–6 лет,"дружба, семья, животные, природа, космос",сказка,178,4,описание: обрезанная аннотация издательства; «почему рекомендуем»: шаблон ×669; автор: имя записано по-разному в разных карточках; название повторяется ×2 — проверить дубль
https://n-e-n.ru/knigi/kniga/peschernyy-chelovek/,Пещерный человек,Терри Пратчетт,Поляндрия,7–12 лет,волшебство,фэнтези,179,4,описание: обрезанная аннотация издательства; «почему рекомендуем»: шаблон ×870; нет поля: ISBN; нет поля: число страниц
https://n-e-n.ru/knigi/kniga/pinella-propella/,Пинелла Пропелла,Катрин Ципсе,МИФ.Детство,3–6 лет,"дружба, семья, школа, животные, природа, принятие себя",приключения,178,4,описание: обрезанная аннотация издательства; «почему рекомендуем»: шаблон ×656; автор: фамилия перед именем; страницы: 3726 — сбой импорта
https://n-e-n.ru/knigi/kniga/povtorenie-proydennogo/,Повторение пройденного,Тамара Крюкова,,7–12 лет,"школа, путешествия",приключения,180,4,описание: обрезанная аннотация издательства; «почему рекомендуем»: шаблон ×870; нет поля: издательство; нет поля: число страниц
https://n-e-n.ru/knigi/kniga/poemy/,Поемы,Александр Сергеевич Пушкин,Детская литература,7–12 лет,отношения,поэзия,32,4,«почему рекомендуем»: шаблон ×656; «почему рекомендуем»: «о» вместо «об»; автор: имя записано по-разному в разных карточках; нет поля: число страниц
https://n-e-n.ru/knigi/kniga/pozharnaya-mashinka-i-vera-v-sebya-il-r-amtora/,Пожарная машинка и вера в себя (ил. Р. Амтора),Михаэль Энглер,Эксмо,3–4 лет,"семья, животные, природа, приключения, братья и сёстры",сказка,179,4,"описание: обрезанная аннотация издательства; «почему рекомендуем»: шаблон ×656; возраст: «3–4 лет» → «3–4 года»; название: данные издания (иллюстратор, номер издания) внутри названия"
https://n-e-n.ru/knigi/kniga/poigray-s-mimi/,Поиграй с Мими,Анна Пермякова,Самокат,2–6 лет,"семья, животные, взросление, братья и сёстры",реалистическая проза,175,4,описание: обрезанная аннотация издательства; «почему рекомендуем»: шаблон ×669; нет поля: ISBN; нет поля: число страниц
https://n-e-n.ru/knigi/kniga/poka-yubu-spit-kniga-1/,Пока Юбу спит. Книга 1,Паулина Паласиос,Эксмо,7–12 лет,"семья, школа, волшебство","сказка, фэнтези",176,4,описание: обрезанная аннотация издательства; «почему рекомендуем»: шаблон ×656; автор: фамилия перед именем; страницы: 1 — похоже на номер в серии; объём считается неверно
https://n-e-n.ru/knigi/kniga/poka-yubu-spit-kniga-2/,Пока Юбу спит. Книга 2,Паулина Паласиос,Эксмо,7–12 лет,"школа, волшебство","сказка, фэнтези",180,4,описание: обрезанная аннотация издательства; «почему рекомендуем»: шаблон ×669; автор: фамилия перед именем; страницы: 2 — похоже на номер в серии; объём считается неверно
https://n-e-n.ru/knigi/kniga/poka-yubu-spit-kniga-3/,Пока Юбу спит. Книга 3,Паулина Паласиос,Эксмо,7–12 лет,"школа, волшебство, страх","сказка, фэнтези, детектив",175,4,описание: обрезанная аннотация издательства; «почему рекомендуем»: шаблон ×870; автор: фамилия перед именем; страницы: 3 — похоже на номер в серии; объём считается неверно
https://n-e-n.ru/knigi/kniga/pomoschnik-bibliotekarya-113/,Помощник библиотекаря № 113,Стюарт Уилсон,МИФ.Детство,12–17 лет,"дружба, животные, природа, взросление, волшебство, смерть, детектив, фантастика","сказка, фэнтези, научная фантастика",173,4,описание: обрезанная аннотация издательства; «почему рекомендуем»: шаблон ×870; автор: имя записано по-разному в разных карточках; страницы: 3726 — сбой импорта
https://n-e-n.ru/knigi/kniga/postup-haosa-nozh-kotorogo-net/,"Поступь хаоса. Нож, которого нет",Патрик Несс,,14–17 лет,"дружба, безопасность, взросление","научная фантастика, приключения",112,4,«почему рекомендуем»: шаблон ×120; нет поля: издательство; нет поля: ISBN; нет поля: число страниц
https://n-e-n.ru/knigi/kniga/pohischenie-prodavtsa-priklyucheniy/,Похищение продавца приключений,Г. М. Садовников,Planeta detskva,6–11 лет,приключения,фэнтези,167,4,описание: обрезанная аннотация издательства; «почему рекомендуем»: шаблон ×870; нет поля: ISBN; нет поля: число страниц
https://n-e-n.ru/knigi/kniga/poyuschee-derevo/,Поющее дерево,Леонид Яхнин,Новое литературное обозрение,6–11 лет,природа,реалистическая проза,180,4,описание: обрезанная аннотация издательства; «почему рекомендуем»: шаблон ×656; нет поля: ISBN; нет поля: число страниц
https://n-e-n.ru/knigi/kniga/pravdivaya-istoriya-kolobka/,Правдивая история колобка,Андрей Усачёв,Росмэн,6–11 лет,отношения,реалистическая проза,166,4,«почему рекомендуем»: шаблон ×656; «почему рекомендуем»: «о» вместо «об»; автор: имя записано по-разному в разных карточках; нет поля: число страниц
https://n-e-n.ru/knigi/kniga/priklyucheniya-tosi-bosi-tosya-bosya-priklyucheniya-malenkoy-fantazerki/,Приключения Тоси-Боси. Тося-Бося. Приключения маленькой фантазерки,Весова Юлия,Clever,2–4 лет,"семья, животные, искусство, юмор, приключения, творчество","сказка, приключения, юмор",177,4,описание: обрезанная аннотация издательства; «почему рекомендуем»: шаблон ×656; возраст: «2–4 лет» → «2–4 года»; автор: фамилия перед именем
https://n-e-n.ru/knigi/kniga/priklyucheniya-traktorenka-traktorenok-chinit-koleso/,Приключения Тракторенка. Тракторенок чинит колесо,Ульева Елена,Clever,2–4 лет,"семья, животные, природа, искусство, спорт, братья и сёстры, страх","сказка, приключения",178,4,описание: обрезанная аннотация издательства; «почему рекомендуем»: шаблон ×656; возраст: «2–4 лет» → «2–4 года»; автор: фамилия перед именем
https://n-e-n.ru/knigi/kniga/priklyucheniya-chipollino/,Приключения Чиполлино,Джанни Родари,,6–11 лет,"дружба, безопасность, приключения","сказка, приключения",89,4,«почему рекомендуем»: шаблон ×669; нет поля: издательство; нет поля: ISBN; нет поля: число страниц
https://n-e-n.ru/knigi/kniga/priklyucheniya-elektronika/,Приключения Электроника,Евгений Велтистов,,8–13 лет,"школа, техника, самооценка, война","научная фантастика, приключения",110,4,«почему рекомендуем»: шаблон ×669; нет поля: издательство; нет поля: ISBN; нет поля: число страниц
https://n-e-n.ru/knigi/kniga/priklyucheniya-barona-myunhgauzena-il-i-egunova/,Приключения барона Мюнхгаузена (ил. И. Егунова),Рудольф Распе,Эксмо,9–12 лет,"семья, школа, природа, путешествия, взросление, братья и сёстры, эмоции","сказка, приключения, юмор",178,4,"описание: обрезанная аннотация издательства; «почему рекомендуем»: шаблон ×669; название: данные издания (иллюстратор, номер издания) внутри названия; автор: имя записано по-разному в разных карточках"
https://n-e-n.ru/knigi/kniga/priklyucheniya-barona-myunhgauzena-il-n-ustinova/,Приключения барона Мюнхгаузена (ил. Н. Устинова),Рудольф Эрих Распе,Эксмо,7–12 лет,"животные, природа, история, волшебство, приключения","сказка, приключения",171,4,"описание: обрезанная аннотация издательства; «почему рекомендуем»: шаблон ×656; название: данные издания (иллюстратор, номер издания) внутри названия; автор: имя записано по-разному в разных карточках"
https://n-e-n.ru/knigi/kniga/prints-i-svintus/,Принц и Свинтус,Питер Бентли,МИФ.Детство,7–12 лет,"школа, животные, юмор","юмор, поэзия",173,4,описание: обрезанная аннотация издательства; «почему рекомендуем»: шаблон ×669; автор: фамилия перед именем; страницы: 3726 — сбой импорта
https://n-e-n.ru/knigi/kniga/printsessa-buntarka-i-baron-lgunishka-3-il-k-engelking/,Принцесса-бунтарка и барон-лгунишка (#3) (ил. К. Энгелькинг),Аннет Рёдер,Эксмо,7–10 лет,"дружба, школа, путешествия, взросление, юмор, смелость","сказка, приключения, юмор",178,4,"описание: обрезанная аннотация издательства; «почему рекомендуем»: шаблон ×656; название: данные издания (иллюстратор, номер издания) внутри названия; страницы: 3 — похоже на номер в серии; объём считается неверно"
https://n-e-n.ru/knigi/kniga/printsessa-buntarka-i-spasennoe-rozhdestvo-4-il-k-engelking/,Принцесса-бунтарка и спасенное Рождество (#4) (ил. К. Энгелькинг),Аннет Рёдер,Эксмо,7–10 лет,"дружба, школа, животные, природа, путешествия","сказка, фэнтези, детектив",174,4,"описание: обрезанная аннотация издательства; «почему рекомендуем»: шаблон ×656; название: данные издания (иллюстратор, номер издания) внутри названия; страницы: 4 — похоже на номер в серии; объём считается неверно"
https://n-e-n.ru/knigi/kniga/pro-lisa-i-porosenka/,Про Лиса и Поросенка,Бьёрн Рёрвик,Самокат,4–8 лет,"дружба, животные, природа, приключения",реалистическая проза,174,4,описание: обрезанная аннотация издательства; «почему рекомендуем»: шаблон ×870; нет поля: ISBN; нет поля: число страниц
https://n-e-n.ru/knigi/kniga/pro-mashinu/,Про машину,Валентин Берестов,Мелик-Пашаев,2–3 лет,волшебство,поэзия,178,4,описание: обрезанная аннотация издательства; «почему рекомендуем»: шаблон ×669; возраст: «2–3 лет» → «2–3 года»; нет поля: число страниц
https://n-e-n.ru/knigi/kniga/proklyatie-koshachego-papirusa-vypusk-2/,Проклятие кошачьего папируса (выпуск 2),Холли Вебб,Эксмо,7–12 лет,"дружба, семья, животные, природа, история, братья и сёстры, творчество",приключения,179,4,описание: обрезанная аннотация издательства; «почему рекомендуем»: шаблон ×656; автор: имя записано по-разному в разных карточках; страницы: 2 — похоже на номер в серии; объём считается неверно
https://n-e-n.ru/knigi/kniga/propavshaya-bukva-9-e-izd/,Пропавшая буква (9-е изд.),Раскатов М.,КомпасГид,4–9 лет,"семья, школа, приключения",приключения,180,4,"описание: обрезанная аннотация издательства; «почему рекомендуем»: шаблон ×669; название: данные издания (иллюстратор, номер издания) внутри названия; автор: фамилия перед именем"
https://n-e-n.ru/knigi/kniga/puteshestvie-alisy-il-l-gamartsa/,Путешествие Алисы (ил. Л. Гамарца),Кир Булычев,Эксмо,10–14 лет,"семья, школа, животные, природа, космос, братья и сёстры","научная фантастика, приключения, поэзия",175,4,"описание: обрезанная аннотация издательства; «почему рекомендуем»: шаблон ×120; название: данные издания (иллюстратор, номер издания) внутри названия; автор: имя записано по-разному в разных карточках"
https://n-e-n.ru/knigi/kniga/raznotsvetnye-slony/,Разноцветные слоны,Франческо Питто,Поляндрия,2–4 лет,"семья, животные, искусство",поэзия,177,4,описание: обрезанная аннотация издательства; «почему рекомендуем»: шаблон ×870; возраст: «2–4 лет» → «2–4 года»; автор: фамилия перед именем
https://n-e-n.ru/knigi/kniga/rapuntsel-samye-krasivye-skazki-il-a-simanchuka/,Рапунцель. Самые красивые сказки (ил. А. Симанчука),Вильгельм Гримм,Эксмо,7–12 лет,"школа, животные, природа, путешествия, юмор","сказка, фэнтези, юмор",177,4,"описание: обрезанная аннотация издательства; «почему рекомендуем»: шаблон ×669; название: данные издания (иллюстратор, номер издания) внутри названия; автор: имя записано по-разному в разных карточках"
https://n-e-n.ru/knigi/kniga/rasskazy-byanki/,Рассказы,Виталий Бянки,Стрекоза,6–11 лет,животные,реалистическая проза,115,4,«почему рекомендуем»: шаблон ×870; название повторяется ×2 — проверить дубль; нет поля: ISBN; нет поля: число страниц
https://n-e-n.ru/knigi/kniga/rasskazy-o-zhivotnyh-il-s-yarovogo/,Рассказы о животных (ил. С. Ярового),Михаил Пришвин,Эксмо,7–12 лет,"животные, природа","сказка, детектив",173,4,"описание: обрезанная аннотация издательства; «почему рекомендуем»: шаблон ×656; название: данные издания (иллюстратор, номер издания) внутри названия; автор: имя записано по-разному в разных карточках"
https://n-e-n.ru/knigi/kniga/rouz-i-magiya-zerkala-novoe-oformlenie-4/,Роуз и магия зеркала (новое оформление) (#4),Холли Вебб,Эксмо,7–12 лет,"дружба, семья, школа, животные, взросление","сказка, фэнтези, детектив",179,4,описание: обрезанная аннотация издательства; «почему рекомендуем»: шаблон ×870; автор: имя записано по-разному в разных карточках; страницы: 4 — похоже на номер в серии; объём считается неверно
https://n-e-n.ru/knigi/kniga/rouz-i-magiya-maski-novoe-oformlenie-3/,Роуз и магия маски (новое оформление) (#3),Холли Вебб,Эксмо,7–12 лет,"дружба, семья, животные, природа, взросление","сказка, фэнтези, детектив",175,4,описание: обрезанная аннотация издательства; «почему рекомендуем»: шаблон ×656; автор: имя записано по-разному в разных карточках; страницы: 3 — похоже на номер в серии; объём считается неверно
https://n-e-n.ru/knigi/kniga/rouz-i-tayna-magii-novoe-oformlenie-1/,Роуз и тайна магии (новое оформление) (#1),Холли Вебб,Эксмо,7–12 лет,"школа, животные, природа, взросление, волшебство","сказка, фэнтези, научная фантастика",172,4,описание: обрезанная аннотация издательства; «почему рекомендуем»: шаблон ×870; автор: имя записано по-разному в разных карточках; страницы: 1 — похоже на номер в серии; объём считается неверно
https://n-e-n.ru/knigi/kniga/s-vozvrascheniem-tikki/,"С возвращением, Тикки!",Карлес Порта,МИФ.Детство,6–8 лет,"дружба, природа, взросление, юмор, волшебство, творчество","сказка, фэнтези, юмор",179,4,описание: обрезанная аннотация издательства; «почему рекомендуем»: шаблон ×669; автор: фамилия перед именем; страницы: 3726 — сбой импорта
https://n-e-n.ru/knigi/kniga/samoe-pervoe-novogodnee-derevo/,Самое первое новогоднее дерево,Овила Фонтен,Белая ворона,2–7 лет,"семья, животные, природа, история, искусство, братья и сёстры, эмоции",сказка,180,4,описание: обрезанная аннотация издательства; «почему рекомендуем»: шаблон ×656; нет поля: ISBN; нет поля: число страниц
https://n-e-n.ru/knigi/kniga/samostoyatelnyy-malysh-bayu-bay-malyshi/,"Самостоятельный малыш. Баю-бай, малыши!",Ульева Елена,Clever,2–4 лет,"животные, природа, искусство, взросление",сказка,176,4,описание: обрезанная аннотация издательства; «почему рекомендуем»: шаблон ×870; возраст: «2–4 лет» → «2–4 года»; автор: фамилия перед именем
https://n-e-n.ru/knigi/kniga/samostoyatelnyy-malysh-myshonok-misha-idet-na-gorshok/,Самостоятельный малыш. Мышонок Миша идёт на горшок,Ульева Елена,Clever,2–3 лет,"школа, животные, искусство, взросление","сказка, поэзия",177,4,описание: обрезанная аннотация издательства; «почему рекомендуем»: шаблон ×656; возраст: «2–3 лет» → «2–3 года»; автор: фамилия перед именем
https://n-e-n.ru/knigi/kniga/samostoyatelnyy-malysh-myshonok-misha-lozhitsya-spat/,Самостоятельный малыш. Мышонок Миша ложится спать,Ульева Елена,Clever,2–3 лет,"семья, школа, животные, искусство, взросление, братья и сёстры","сказка, поэзия",176,4,описание: обрезанная аннотация издательства; «почему рекомендуем»: шаблон ×669; возраст: «2–3 лет» → «2–3 года»; автор: фамилия перед именем
https://n-e-n.ru/knigi/kniga/sekretnyy-klyuch-1/,Секретный ключ (#1),Лина Джонс,Эксмо,7–12 лет,"семья, природа, отношения, детектив",детектив,177,4,описание: обрезанная аннотация издательства; «почему рекомендуем»: шаблон ×870; автор: фамилия перед именем; страницы: 1 — похоже на номер в серии; объём считается неверно
https://n-e-n.ru/knigi/kniga/semeynye-skazki-knizhki-kartinki-myagkaya-oblozhka-mama-vsegda-ryadom/,Семейные сказки. Книжки-картинки (мягкая обложка). Мама всегда рядом,Ульева Елена,Clever,2–4 лет,"семья, животные, искусство, путешествия, волшебство, братья и сёстры","сказка, фэнтези, семейная история",168,4,описание: обрезанная аннотация издательства; «почему рекомендуем»: шаблон ×870; возраст: «2–4 лет» → «2–4 года»; автор: фамилия перед именем
https://n-e-n.ru/knigi/kniga/semeynye-skazki-knizhki-kartinki-mama-vsegda-ryadom/,Семейные сказки. Книжки-картинки. Мама всегда рядом,Ульева Елена,Clever,2–4 лет,"семья, животные, искусство, волшебство, творчество","сказка, фэнтези, семейная история",174,4,описание: обрезанная аннотация издательства; «почему рекомендуем»: шаблон ×669; возраст: «2–4 лет» → «2–4 года»; автор: фамилия перед именем
https://n-e-n.ru/knigi/kniga/semeynye-skazki-knizhki-kartinki-mamino-serdechko/,Семейные сказки. Книжки-картинки. Мамино сердечко,Ульева Елена,Clever,2–4 лет,"семья, животные, искусство, отношения, эмоции","сказка, семейная история",176,4,описание: обрезанная аннотация издательства; «почему рекомендуем»: шаблон ×870; возраст: «2–4 лет» → «2–4 года»; автор: фамилия перед именем
https://n-e-n.ru/knigi/kniga/semeynye-skazki-knizhki-kartinki-papa-vsegda-ryadom/,Семейные сказки. Книжки-картинки. Папа всегда рядом,Ульева Елена,Clever,2–4 лет,"семья, животные, искусство, творчество","сказка, семейная история",168,4,описание: обрезанная аннотация издательства; «почему рекомендуем»: шаблон ×669; возраст: «2–4 лет» → «2–4 года»; автор: фамилия перед именем
https://n-e-n.ru/knigi/kniga/semeynye-skazki-knizhki-kartinki-samaya-luchshaya-babushka-na-svete/,Семейные сказки. Книжки-картинки. Самая лучшая бабушка на свете,Ульева Елена,Clever,2–4 лет,"семья, животные, космос, искусство, отношения","сказка, поэзия, семейная история",177,4,описание: обрезанная аннотация издательства; «почему рекомендуем»: шаблон ×656; возраст: «2–4 лет» → «2–4 года»; автор: фамилия перед именем
https://n-e-n.ru/knigi/kniga/semeynye-skazki-knizhki-kartinki-samaya-luchshaya-mama-na-svete/,Семейные сказки. Книжки-картинки. Самая лучшая мама на свете,Ульева Елена,Clever,2–4 лет,"семья, животные, искусство, отношения","сказка, поэзия, семейная история",179,4,описание: обрезанная аннотация издательства; «почему рекомендуем»: шаблон ×656; возраст: «2–4 лет» → «2–4 года»; автор: фамилия перед именем
https://n-e-n.ru/knigi/kniga/semeynye-skazki-knizhki-kartinki-samyy-luchshiy-dedushka-na-svete/,Семейные сказки. Книжки-картинки. Самый лучший дедушка на свете,Ульева Елена,Clever,2–4 лет,"семья, школа, животные, природа, искусство","сказка, поэзия, семейная история",179,4,описание: обрезанная аннотация издательства; «почему рекомендуем»: шаблон ×870; возраст: «2–4 лет» → «2–4 года»; автор: фамилия перед именем
https://n-e-n.ru/knigi/kniga/semeynye-skazki-knizhki-kartinki-samyy-luchshiy-papa-na-svete/,Семейные сказки. Книжки-картинки. Самый лучший папа на свете,Ульева Елена,Clever,2–4 лет,"семья, животные, природа, искусство, путешествия","сказка, семейная история",171,4,описание: обрезанная аннотация издательства; «почему рекомендуем»: шаблон ×870; возраст: «2–4 лет» → «2–4 года»; автор: фамилия перед именем
https://n-e-n.ru/knigi/kniga/semeynye-skazki-knizhki-kartinki-uyutnye-skazki-dlya-chteniya-pered-snom/,Семейные сказки. Книжки-картинки. Уютные сказки для чтения перед сном,Ульева Елена,Clever,2–4 лет,"семья, животные, космос, искусство, эмоции","сказка, семейная история",178,4,описание: обрезанная аннотация издательства; «почему рекомендуем»: шаблон ×669; возраст: «2–4 лет» → «2–4 года»; автор: фамилия перед именем
https://n-e-n.ru/knigi/kniga/semeynye-skazki-knizhki-kartonki-kak-medvezhonok-poteryalsya/,Семейные сказки. Книжки-картонки. Как медвежонок потерялся,Ульева Елена,Clever,2–3 лет,"семья, животные, искусство, самооценка, приключения, братья и сёстры, эмоции","сказка, семейная история",175,4,описание: обрезанная аннотация издательства; «почему рекомендуем»: шаблон ×870; возраст: «2–3 лет» → «2–3 года»; автор: фамилия перед именем
https://n-e-n.ru/knigi/kniga/semeynye-skazki-knizhki-kartonki-podarok-dlya-kotenka/,Семейные сказки. Книжки-картонки. Подарок для котенка,Ульева Елена,Clever,2–3 лет,"семья, животные, природа, экология, искусство, братья и сёстры, эмоции","сказка, юмор, семейная история",173,4,описание: обрезанная аннотация издательства; «почему рекомендуем»: шаблон ×870; возраст: «2–3 лет» → «2–3 года»; автор: фамилия перед именем
https://n-e-n.ru/knigi/kniga/semeynye-skazki-moy-dedushka-samyy-luchshiy/,Семейные сказки. Мой дедушка самый лучший,Ульева Елена,Clever,2–4 лет,"семья, школа, животные, искусство, взросление, эмоции","сказка, семейная история",180,4,описание: обрезанная аннотация издательства; «почему рекомендуем»: шаблон ×669; возраст: «2–4 лет» → «2–4 года»; автор: фамилия перед именем
https://n-e-n.ru/knigi/kniga/semeynye-skazki-moy-papa-samyy-luchshiy-podarochnoe/,Семейные сказки. Мой папа самый лучший (подарочное),Ульева Елена,Clever,2–4 лет,"семья, животные, искусство, отношения","сказка, семейная история",175,4,описание: обрезанная аннотация издательства; «почему рекомендуем»: шаблон ×656; возраст: «2–4 лет» → «2–4 года»; автор: фамилия перед именем
https://n-e-n.ru/knigi/kniga/semeynye-skazki-moya-babushka-samaya-luchshaya/,Семейные сказки. Моя бабушка самая лучшая,Ульева Елена,Clever,2–4 лет,"семья, школа, животные, искусство, морские приключения, эмоции","сказка, семейная история",180,4,описание: обрезанная аннотация издательства; «почему рекомендуем»: шаблон ×870; возраст: «2–4 лет» → «2–4 года»; автор: фамилия перед именем
https://n-e-n.ru/knigi/kniga/silviya-i-ptichka/,Сильвия и Птичка,Кэтрин Рейнер,Поляндрия,3–6 лет,дружба,реалистическая проза,108,4,«почему рекомендуем»: шаблон ×669; автор: фамилия перед именем; нет поля: ISBN; нет поля: число страниц
https://n-e-n.ru/knigi/kniga/skazka-na-noch-zasypatelnye-skazki-pro-zveryat/,Сказка на ночь. Засыпательные сказки про зверят,Мендес Наталия,Clever,2–4 лет,"дружба, семья, животные, природа, искусство, эмоции","сказка, юмор, поэзия",179,4,описание: обрезанная аннотация издательства; «почему рекомендуем»: шаблон ×669; возраст: «2–4 лет» → «2–4 года»; автор: фамилия перед именем
https://n-e-n.ru/knigi/kniga/skazka-na-noch-zasypatelnye-skazki-pro-mashinki/,Сказка на ночь. Засыпательные сказки про машинки,Мендес Наталия,Clever,2–4 лет,"животные, искусство","сказка, поэзия",174,4,описание: обрезанная аннотация издательства; «почему рекомендуем»: шаблон ×669; возраст: «2–4 лет» → «2–4 года»; автор: фамилия перед именем
https://n-e-n.ru/knigi/kniga/skazka-na-noch-kolybelnaya-ovechki/,Сказка на ночь. Колыбельная овечки,Войцеховский Борис,Clever,2–4 лет,"дружба, искусство",сказка,176,4,описание: обрезанная аннотация издательства; «почему рекомендуем»: шаблон ×656; возраст: «2–4 лет» → «2–4 года»; автор: фамилия перед именем
https://n-e-n.ru/knigi/kniga/skazka-na-noch-spokoynoy-nochi-pozharnaya-mashinka-karton/,"Сказка на ночь. Спокойной ночи, пожарная машинка! (картон)",Мендес Наталия,Clever,2–3 лет,"дружба, семья, детский сад, животные, искусство","сказка, поэзия",169,4,описание: обрезанная аннотация издательства; «почему рекомендуем»: шаблон ×870; возраст: «2–3 лет» → «2–3 года»; автор: фамилия перед именем
https://n-e-n.ru/knigi/kniga/skazka-na-noch-spokoynoy-nochi-politseyskaya-mashinka-karton/,"Сказка на ночь. Спокойной ночи, полицейская машинка! (картон)",Мендес Наталия,Clever,2–3 лет,"дружба, семья, животные, природа, искусство, эмоции","сказка, приключения, поэзия",176,4,описание: обрезанная аннотация издательства; «почему рекомендуем»: шаблон ×870; возраст: «2–3 лет» → «2–3 года»; автор: фамилия перед именем
https://n-e-n.ru/knigi/kniga/skazka-o-tsare-saltane-o-syne-ego-slavnom-i-moguchem-bogatere-knyaze/,"Сказка о царе Салтане, о сыне его славном и могучем богатере князе Гвидоне Салтановиче и о прекрасной царевне Лебеди",Александр Сергеевич Пушкин,Самовар,7–12 лет,волшебство,"сказка, поэзия",162,4,«почему рекомендуем»: шаблон ×656; автор: имя записано по-разному в разных карточках; нет поля: ISBN; нет поля: число страниц
https://n-e-n.ru/knigi/kniga/skazki-mihalkov/,Сказки,Сергей Владимирович Михалков,Izdatelʹstvo ACT,6–11 лет,животные,сказка,105,4,«почему рекомендуем»: шаблон ×870; автор: имя записано по-разному в разных карточках; название повторяется ×6 — проверить дубль; нет поля: число страниц
https://n-e-n.ru/knigi/kniga/skazki/,Сказки,Ольга Капица; Константин Ушинский; Алексей Толстой,Альпина.Дети,3–7 лет,"семья, животные, искусство, волшебство","сказка, фэнтези",179,4,описание: обрезанная аннотация издательства; «почему рекомендуем»: шаблон ×870; автор: имя записано по-разному в разных карточках; название повторяется ×6 — проверить дубль
https://n-e-n.ru/knigi/kniga/skazki-afanasev/,Сказки,Александр Афанасьев; Алексей Толстой,Альпина.Дети,7–12 лет,"семья, животные, искусство, волшебство","сказка, фэнтези",179,4,описание: обрезанная аннотация издательства; «почему рекомендуем»: шаблон ×669; автор: имя записано по-разному в разных карточках; название повторяется ×6 — проверить дубль
https://n-e-n.ru/knigi/kniga/skazki-gansa-hristiana-andersena-il-e-melnikovoy/,Сказки Ганса Христиана Андерсена (ил. Е. Мельниковой),Г.-Х. Андерсен,Эксмо,7–12 лет,"школа, животные, волшебство","сказка, фэнтези",180,4,"описание: обрезанная аннотация издательства; «почему рекомендуем»: шаблон ×656; название: данные издания (иллюстратор, номер издания) внутри названия; автор: имя записано по-разному в разных карточках"
https://n-e-n.ru/knigi/kniga/skazki-dyadyushki-rimusa-il-i-petelinoy/,Сказки дядюшки Римуса (ил. И. Петелиной),Джоэль Харрис,Эксмо,3–6 лет,"дружба, семья, животные, взросление, юмор, братья и сёстры","сказка, юмор",179,4,"описание: обрезанная аннотация издательства; «почему рекомендуем»: шаблон ×870; название: данные издания (иллюстратор, номер издания) внутри названия; автор: имя записано по-разному в разных карточках"
https://n-e-n.ru/knigi/kniga/skazki-i-istorii-il-l-alekseevoy/,Сказки и истории (ил. Л. Алексеевой),Г.-Х. Андерсен,Эксмо,7–12 лет,"школа, животные, волшебство",сказка,175,4,"описание: обрезанная аннотация издательства; «почему рекомендуем»: шаблон ×656; название: данные издания (иллюстратор, номер издания) внутри названия; автор: имя записано по-разному в разных карточках"
https://n-e-n.ru/knigi/kniga/skazki-i-rasskazy-il-a-egunovoy/,Сказки и рассказы (ил. А. Егуновой),Лев Толстой,Эксмо,7–12 лет,"школа, животные, природа, волшебство, развод родителей, творчество","сказка, поэзия",167,4,"описание: обрезанная аннотация издательства; «почему рекомендуем»: шаблон ×669; название: данные издания (иллюстратор, номер издания) внутри названия; автор: фамилия перед именем"
https://n-e-n.ru/knigi/kniga/skazki-na-noch-dlya-malyshey-dobryh-snov-malysh/,"Сказки на ночь для малышей. Добрых снов, малыш!",Ульева Елена,Clever,2–4 лет,"семья, животные, космос, искусство, путешествия, эмоции, страх",сказка,177,4,описание: обрезанная аннотация издательства; «почему рекомендуем»: шаблон ×870; возраст: «2–4 лет» → «2–4 года»; автор: фамилия перед именем
https://n-e-n.ru/knigi/kniga/skazki-pro-vremena-goda-bolshaya-kniga-skazok-pro-vremena-goda/,Сказки про времена года. Большая книга сказок про времена года,Ульева Елена,Clever,2–4 лет,"животные, природа, искусство, юмор","сказка, юмор",173,4,описание: обрезанная аннотация издательства; «почему рекомендуем»: шаблон ×669; возраст: «2–4 лет» → «2–4 года»; автор: фамилия перед именем
https://n-e-n.ru/knigi/kniga/skazki-pro-emotsii-pochemu-mne-strashno/,Сказки про эмоции. Почему мне страшно?,Ульева Елена,Clever,2–4 лет,"семья, школа, детский сад, животные, экология, братья и сёстры, эмоции, страх",сказка,178,4,описание: обрезанная аннотация издательства; «почему рекомендуем»: шаблон ×870; возраст: «2–4 лет» → «2–4 года»; автор: фамилия перед именем
https://n-e-n.ru/knigi/kniga/skazki-obnimashki-moi-emotsii-skazki-dlya-chteniya-pered-snom/,Сказки-обнимашки. Мои эмоции. Сказки для чтения перед сном,Ульева Елена,Clever,3–5 лет,"искусство, взросление, волшебство, эмоции, страх","сказка, фэнтези",180,4,описание: обрезанная аннотация издательства; «почему рекомендуем»: шаблон ×669; «почему рекомендуем»: «о» вместо «об»; автор: фамилия перед именем
https://n-e-n.ru/knigi/kniga/skazki-ruslan-i-lyudmila-il-a-vlasovoy/,Сказки. Руслан и Людмила (ил. А. Власовой),А. С. Пушкин,Эксмо,7–12 лет,"семья, школа, животные, волшебство, приключения","сказка, фэнтези, научная фантастика",178,4,"описание: обрезанная аннотация издательства; «почему рекомендуем»: шаблон ×870; название: данные издания (иллюстратор, номер издания) внутри названия; автор: имя записано по-разному в разных карточках"
https://n-e-n.ru/knigi/kniga/slon/,Слон,Фрида Нильсон,МИФ.Детство,7–12 лет,"дружба, семья, животные, природа, юмор",юмор,176,4,описание: обрезанная аннотация издательства; «почему рекомендуем»: шаблон ×656; автор: имя записано по-разному в разных карточках; страницы: 3726 — сбой импорта
https://n-e-n.ru/knigi/kniga/snegovik-morpurgo/,Снеговик,Майкл Морпурго,Поляндрия,7–9 лет,"искусство, волшебство","сказка, фэнтези",179,4,описание: обрезанная аннотация издательства; «почему рекомендуем»: шаблон ×669; «почему рекомендуем»: «о» вместо «об»; название повторяется ×2 — проверить дубль
https://n-e-n.ru/knigi/kniga/snegovik/,Снеговик,Рэймонд Бриггс,Поляндрия,3–7 лет,"искусство, волшебство",фэнтези,169,4,описание: обрезанная аннотация издательства; «почему рекомендуем»: шаблон ×669; «почему рекомендуем»: «о» вместо «об»; название повторяется ×2 — проверить дубль
https://n-e-n.ru/knigi/kniga/snezhnaya-koroleva-il-martiny-peluzo/,Снежная королева (ил. Мартины Пелузо),Г.-Х. Андерсен,Эксмо,7–12 лет,"дружба, школа, животные, природа, путешествия",сказка,180,4,"описание: обрезанная аннотация издательства; «почему рекомендуем»: шаблон ×669; название: данные издания (иллюстратор, номер издания) внутри названия; автор: имя записано по-разному в разных карточках"
https://n-e-n.ru/knigi/kniga/snezhnyy-den/,Снежный день,Эзра Джек Китс,,2–6 лет,"природа, приключения, культурное разнообразие",реалистическая проза,101,4,«почему рекомендуем»: шаблон ×37; нет поля: издательство; нет поля: ISBN; нет поля: число страниц
https://n-e-n.ru/knigi/kniga/sokolinyy-pik-zov-vetra-2/,Соколиный пик. Зов ветра (#2),Хайко Вольц,Эксмо,12–17 лет,"животные, мифология, взросление, волшебство, приключения","сказка, фэнтези, научная фантастика",175,4,описание: обрезанная аннотация издательства; «почему рекомендуем»: шаблон ×120; автор: фамилия перед именем; страницы: 2 — похоже на номер в серии; объём считается неверно
https://n-e-n.ru/knigi/kniga/sonnye-skazki-gregori/,Сонные сказки,Элис Грегори,МИФ.Детство,3–6 лет,"семья, животные, природа, юмор","сказка, юмор",175,4,описание: обрезанная аннотация издательства; «почему рекомендуем»: шаблон ×870; название повторяется ×3 — проверить дубль; страницы: 3726 — сбой импорта
https://n-e-n.ru/knigi/kniga/sonnye-skazki-pro-mashinki-bayu-bay-traktor/,"Сонные сказки про машинки. Баю-бай, трактор!",Ульева Елена,Clever,2–3 лет,"семья, животные, природа, искусство","сказка, поэзия",172,4,описание: обрезанная аннотация издательства; «почему рекомендуем»: шаблон ×656; возраст: «2–3 лет» → «2–3 года»; автор: фамилия перед именем
https://n-e-n.ru/knigi/kniga/sonnye-skazki-pro-mashinki-knizhki-kartonki-bayu-bay-pozharnaya-mashinka/,"Сонные сказки про машинки. Книжки-картонки. Баю-бай, пожарная машинка!",Ульева Елена,Clever,2–4 лет,искусство,сказка,174,4,описание: обрезанная аннотация издательства; «почему рекомендуем»: шаблон ×870; возраст: «2–4 лет» → «2–4 года»; автор: фамилия перед именем
https://n-e-n.ru/knigi/kniga/sonnye-skazki-pro-mashinki-knizhki-kartonki-bayu-bay-traktor/,"Сонные сказки про машинки. Книжки-картонки. Баю-бай, трактор!",Ульева Елена,Clever,2–4 лет,"семья, животные, искусство",сказка,166,4,описание: обрезанная аннотация издательства; «почему рекомендуем»: шаблон ×656; возраст: «2–4 лет» → «2–4 года»; автор: фамилия перед именем
https://n-e-n.ru/knigi/kniga/sonnye-skazki-pro-mashinki-knizhki-kartonki-bayu-bay-ekskavator/,"Сонные сказки про машинки. Книжки-картонки. Баю-бай, экскаватор!",Ульева Елена,Clever,2–4 лет,"дружба, искусство",сказка,173,4,описание: обрезанная аннотация издательства; «почему рекомендуем»: шаблон ×669; возраст: «2–4 лет» → «2–4 года»; автор: фамилия перед именем
https://n-e-n.ru/knigi/kniga/spasenie-dikogo-robota/,Спасение Дикого Робота,Питер Браун,МИФ.Детство,7–12 лет,"животные, взросление, приключения",приключения,167,4,описание: обрезанная аннотация издательства; «почему рекомендуем»: шаблон ×870; автор: фамилия перед именем; страницы: 3726 — сбой импорта
https://n-e-n.ru/knigi/kniga/spokoynoy-nochi-miyuki/,"Спокойной ночи, Миюки!",Никола Дэвис,МИФ.Детство,7–12 лет,"семья, животные, природа, мифология, взросление, братья и сёстры","сказка, фэнтези",176,4,описание: обрезанная аннотация издательства; «почему рекомендуем»: шаблон ×669; автор: имя записано по-разному в разных карточках; страницы: 3726 — сбой импорта
https://n-e-n.ru/knigi/kniga/starik-hottabych-il-v-kanivtsa/,Старик Хоттабыч (ил. В. Канивца),Л. Лагин,Эксмо,7–12 лет,"дружба, школа, животные, история, отношения","сказка, фэнтези, приключения",167,4,"описание: обрезанная аннотация издательства; «почему рекомендуем»: шаблон ×656; название: данные издания (иллюстратор, номер издания) внутри названия; автор: имя записано по-разному в разных карточках"
https://n-e-n.ru/knigi/kniga/stihi-dlya-malyshey-kto-zhivet-zdes/,Стихи для малышей. Кто живет здесь?,Симбирская Юлия,Clever,2–3 лет,"семья, школа, детский сад, животные, природа","сказка, юмор, поэзия",177,4,описание: обрезанная аннотация издательства; «почему рекомендуем»: шаблон ×656; возраст: «2–3 лет» → «2–3 года»; автор: фамилия перед именем
https://n-e-n.ru/knigi/kniga/stihi-dlya-malyshey-kto-moya-mama/,Стихи для малышей. Кто моя мама?,Симбирская Юлия,Clever,2–3 лет,"семья, школа, детский сад, животные, природа","сказка, юмор, поэзия",178,4,описание: обрезанная аннотация издательства; «почему рекомендуем»: шаблон ×656; возраст: «2–3 лет» → «2–3 года»; автор: фамилия перед именем
https://n-e-n.ru/knigi/kniga/stihi-dlya-malyshey-chey-malysh/,Стихи для малышей. Чей малыш?,Симбирская Юлия,Clever,2–3 лет,"семья, школа, детский сад, животные, природа","сказка, юмор, поэзия",176,4,описание: обрезанная аннотация издательства; «почему рекомендуем»: шаблон ×870; возраст: «2–3 лет» → «2–3 года»; автор: фамилия перед именем
https://n-e-n.ru/knigi/kniga/stihi-i-poemy/,Стихи и поемы,Михаил Юрьевич Лермонтов,Азбука-Аттикус,7–12 лет,отношения,поэзия,176,4,«почему рекомендуем»: шаблон ×669; «почему рекомендуем»: «о» вместо «об»; автор: имя записано по-разному в разных карточках; нет поля: число страниц
https://n-e-n.ru/knigi/kniga/sunduchok-semeynyh-skazok-bratik-menya-lyubit/,Сундучок семейных сказок. Братик меня любит,Ульева Елена,Clever,2–4 лет,"дружба, семья, животные, искусство, отношения, братья и сёстры, эмоции","сказка, семейная история",176,4,описание: обрезанная аннотация издательства; «почему рекомендуем»: шаблон ×656; возраст: «2–4 лет» → «2–4 года»; автор: фамилия перед именем
https://n-e-n.ru/knigi/kniga/sunduchok-semeynyh-skazok-sestrenka-menya-lyubit/,Сундучок семейных сказок. Сестрёнка меня любит,Ульева Елена,Clever,2–4 лет,"дружба, семья, животные, искусство, отношения, братья и сёстры, эмоции","сказка, семейная история",179,4,описание: обрезанная аннотация издательства; «почему рекомендуем»: шаблон ×656; возраст: «2–4 лет» → «2–4 года»; автор: фамилия перед именем
https://n-e-n.ru/knigi/kniga/sup-sinora-leprona/,Суп синьора Лепрона,Джованна Дзоболи,Городец,3–6 лет,"природа, волшебство",реалистическая проза,179,4,описание: обрезанная аннотация издательства; «почему рекомендуем»: шаблон ×669; нет поля: ISBN; нет поля: число страниц
https://n-e-n.ru/knigi/kniga/tayna-zelenogo-bmv/,Тайна зеленого БМВ,Антон Иванов; Анна Устинова,МИФ.Детство,10–12 лет,"дружба, семья, животные, природа, путешествия, братья и сёстры, детектив","детектив, приключения",178,4,описание: обрезанная аннотация издательства; «почему рекомендуем»: шаблон ×122; автор: имя записано по-разному в разных карточках; страницы: 3726 — сбой импорта
https://n-e-n.ru/knigi/kniga/tayna-knyazheskoy-usadby/,Тайна княжеской усадьбы,Антон Иванов; Анна Устинова,МИФ.Детство,10–12 лет,"семья, животные, природа, история, мифология, братья и сёстры, смелость, детектив","сказка, детектив, приключения",176,4,описание: обрезанная аннотация издательства; «почему рекомендуем»: шаблон ×870; автор: имя записано по-разному в разных карточках; страницы: 3726 — сбой импорта
https://n-e-n.ru/knigi/kniga/tayna-kovarnoy-rusalki/,Тайна коварной русалки,Антон Иванов; Анна Устинова,МИФ.Детство,7–12 лет,"семья, животные, природа, братья и сёстры, детектив",детектив,178,4,описание: обрезанная аннотация издательства; «почему рекомендуем»: шаблон ×870; автор: имя записано по-разному в разных карточках; страницы: 3726 — сбой импорта
https://n-e-n.ru/knigi/kniga/tayna-ozera-2/,Тайна озера (#2),Карина Розенфельд,Эксмо,7–10 лет,"дружба, семья, животные, природа, история, братья и сёстры, смелость","сказка, фэнтези, научная фантастика",180,4,описание: обрезанная аннотация издательства; «почему рекомендуем»: шаблон ×870; автор: фамилия перед именем; страницы: 2 — похоже на номер в серии; объём считается неверно
https://n-e-n.ru/knigi/kniga/tayna-privratnikov-2/,Тайна привратников (#2),Лина Джонс,Эксмо,7–12 лет,"семья, путешествия, юмор, детектив","детектив, юмор",180,4,описание: обрезанная аннотация издательства; «почему рекомендуем»: шаблон ×669; автор: фамилия перед именем; страницы: 2 — похоже на номер в серии; объём считается неверно
https://n-e-n.ru/knigi/kniga/tayna-propavshey-zhemchuzhiny-1/,Тайна пропавшей жемчужины (#1),Оливер Шлик,Эксмо,12–17 лет,"животные, взросление, юмор, приключения, смерть, смелость, детектив","детектив, приключения, юмор",169,4,описание: обрезанная аннотация издательства; «почему рекомендуем»: шаблон ×120; автор: фамилия перед именем; страницы: 1 — похоже на номер в серии; объём считается неверно
https://n-e-n.ru/knigi/kniga/taynyy-dnevnik-kota-borisa-vypusk-4/,Тайный дневник кота Бориса (выпуск 4),Холли Вебб,Эксмо,7–12 лет,"дружба, животные, природа, взросление, приключения","детектив, приключения",178,4,описание: обрезанная аннотация издательства; «почему рекомендуем»: шаблон ×656; автор: имя записано по-разному в разных карточках; страницы: 4 — похоже на номер в серии; объём считается неверно
https://n-e-n.ru/knigi/kniga/taktilnye-knizhki-sladkih-snov-les/,"Тактильные книжки. Сладких снов, лес!",Весова Юлия,Clever,2–3 лет,"животные, природа, искусство","сказка, поэзия",174,4,описание: обрезанная аннотация издательства; «почему рекомендуем»: шаблон ×656; возраст: «2–3 лет» → «2–3 года»; автор: фамилия перед именем
https://n-e-n.ru/knigi/kniga/taktilnye-knizhki-sladkih-snov-ferma/,"Тактильные книжки. Сладких снов, ферма!",Весова Юлия,Clever,2–3 лет,"животные, искусство","сказка, поэзия",180,4,описание: обрезанная аннотация издательства; «почему рекомендуем»: шаблон ×870; возраст: «2–3 лет» → «2–3 года»; автор: фамилия перед именем
https://n-e-n.ru/knigi/kniga/tilda-yablochnoe-semechko-pogonya-za-udachey/,Тильда Яблочное Семечко. Погоня за удачей,Оливер Шерц,МИФ.Детство,7–12 лет,"дружба, семья, животные, природа, путешествия, братья и сёстры, детектив","детектив, приключения",172,4,описание: обрезанная аннотация издательства; «почему рекомендуем»: шаблон ×656; автор: фамилия перед именем; страницы: 3726 — сбой импорта
https://n-e-n.ru/knigi/kniga/tonkiy-mech/,Тонкий меч,Фрида Нильсон,МИФ.Детство,7–12 лет,"семья, животные, путешествия, приключения, братья и сёстры, смерть",приключения,179,4,описание: обрезанная аннотация издательства; «почему рекомендуем»: шаблон ×669; автор: имя записано по-разному в разных карточках; страницы: 3726 — сбой импорта
https://n-e-n.ru/knigi/kniga/tri-geroya-matildy/,Три героя Матильды,Оливер Шерц,МИФ.Детство,7–12 лет,"дружба, семья, природа, взросление, приключения",приключения,179,4,описание: обрезанная аннотация издательства; «почему рекомендуем»: шаблон ×870; автор: фамилия перед именем; страницы: 3726 — сбой импорта
https://n-e-n.ru/knigi/kniga/tri-medvedya-kotyatova/,Три медведя,Н. И. Котятова; Т. В. Баринова,,7–12 лет,животные,сказка,148,4,«почему рекомендуем»: шаблон ×870; название повторяется ×2 — проверить дубль; нет поля: издательство; нет поля: число страниц
https://n-e-n.ru/knigi/kniga/tri-medvedya/,Три медведя,Лев Толстой,Мелик-Пашаев,2–6 лет,"животные, волшебство",сказка,174,4,описание: обрезанная аннотация издательства; «почему рекомендуем»: шаблон ×669; автор: фамилия перед именем; название повторяется ×2 — проверить дубль
https://n-e-n.ru/knigi/kniga/tri-porosenka-bulatov/,Три поросёнка,Ерик Булатов,РИПОЛ классик,7–12 лет,"животные, волшебство",сказка,58,4,«почему рекомендуем»: шаблон ×669; автор: опечатка в имени; название повторяется ×3 — проверить дубль; нет поля: число страниц
https://n-e-n.ru/knigi/kniga/tri-porosenka-trusohvostik-odnoglazyy-drozd-prazdnik-neposlushanya/,Три поросёнка; Трусохвостик; Одноглазый дрозд; Праздник непослушаня; Лесная Академия,Сергей Владимирович Михалков,Izd-vo Kometa,6–11 лет,природа,"сказка, поэзия",180,4,«почему рекомендуем»: шаблон ×656; автор: имя записано по-разному в разных карточках; нет поля: ISBN; нет поля: число страниц
https://n-e-n.ru/knigi/kniga/univermag-dinozavrov/,Универмаг динозавров,Лили Мюррей,,3–6 лет,"динозавры, юмор, приключения","книжка-картинка, сказочная история",101,4,«почему рекомендуем»: шаблон ×37; «почему рекомендуем»: падеж («любит народная сказка»); нет поля: издательство; нет поля: ISBN
https://n-e-n.ru/knigi/kniga/fonarik-lilka-2-e-izd/,Фонарик Лилька 2-е изд.,Юлия Кузнецова,КомпасГид,13–17 лет,"дружба, школа, животные, взросление, юмор, эмоции, страх",юмор,179,4,"описание: обрезанная аннотация издательства; «почему рекомендуем»: шаблон ×120; название: данные издания (иллюстратор, номер издания) внутри названия; автор: имя записано по-разному в разных карточках"
https://n-e-n.ru/knigi/kniga/hilda-i-bolshoy-parad/,Хильда и Большой парад,Стивен Дэвис,МИФ.Детство,6–10 лет,"дружба, семья, животные, природа, путешествия, братья и сёстры","сказка, фэнтези, приключения",171,4,описание: обрезанная аннотация издательства; «почему рекомендуем»: шаблон ×669; автор: имя записано по-разному в разных карточках; страницы: 3726 — сбой импорта
https://n-e-n.ru/knigi/kniga/hilda-i-tvig-progulka-pod-dozhdem/,Хильда и Твиг. Прогулка под дождём,Люк Пирсон,МИФ.Детство,7–12 лет,"дружба, семья, школа, животные, путешествия, братья и сёстры, страх, смелость",приключения,176,4,описание: обрезанная аннотация издательства; «почему рекомендуем»: шаблон ×656; автор: фамилия перед именем; страницы: 3726 — сбой импорта
https://n-e-n.ru/knigi/kniga/hilda-i-nevidimyy-narodets/,Хильда и невидимый народец,Стивен Дэвис,МИФ.Детство,6–10 лет,"дружба, семья, животные, природа, путешествия","сказка, фэнтези, детектив",179,4,описание: обрезанная аннотация издательства; «почему рекомендуем»: шаблон ×656; автор: имя записано по-разному в разных карточках; страницы: 3726 — сбой импорта
https://n-e-n.ru/knigi/kniga/hilda-i-taynoe-ubezhische/,Хильда и тайное убежище,Стивен Дэвис,МИФ.Детство,6–10 лет,"семья, животные, природа, путешествия, взросление, братья и сёстры","сказка, фэнтези, детектив",176,4,описание: обрезанная аннотация издательства; «почему рекомендуем»: шаблон ×656; автор: имя записано по-разному в разных карточках; страницы: 3726 — сбой импорта
https://n-e-n.ru/knigi/kniga/hroniki-narnii-il-p-beyns/,Хроники Нарнии (ил. П. Бейнс),Клайв С. Льюис,Эксмо,7–12 лет,"животные, история, мифология, взросление, волшебство","сказка, фэнтези, научная фантастика",179,4,"описание: обрезанная аннотация издательства; «почему рекомендуем»: шаблон ×669; название: данные издания (иллюстратор, номер издания) внутри названия; автор: имя записано по-разному в разных карточках"
https://n-e-n.ru/knigi/kniga/hroniki-narnii-il-p-beyns-sin/,Хроники Нарнии (ил. П. Бэйнс) (син.),Клайв Стейплз Льюис,Эксмо,7–12 лет,"семья, животные, природа, волшебство, приключения, смерть","сказка, фэнтези, научная фантастика",171,4,"описание: обрезанная аннотация издательства; «почему рекомендуем»: шаблон ×870; название: данные издания (иллюстратор, номер издания) внутри названия; автор: имя записано по-разному в разных карточках"
https://n-e-n.ru/knigi/kniga/hroniki-narnii-nachalo-istorii-chetyre-povesti-il-p-beyns/,Хроники Нарнии: начало истории. Четыре повести (ил. П. Бэйнс),Клайв С. Льюис,Эксмо,7–12 лет,"школа, животные, волшебство, приключения",приключения,177,4,"описание: обрезанная аннотация издательства; «почему рекомендуем»: шаблон ×669; название: данные издания (иллюстратор, номер издания) внутри названия; автор: имя записано по-разному в разных карточках"
https://n-e-n.ru/knigi/kniga/hton-v-palto-zhit-dalshe/,Хтонь в пальто. Жить дальше,Ирина Иванова,МИФ.Детство,7–12 лет,"семья, животные, природа, история, взросление, страх",фэнтези,178,4,описание: обрезанная аннотация издательства; «почему рекомендуем»: шаблон ×669; автор: имя записано по-разному в разных карточках; страницы: 3726 — сбой импорта
https://n-e-n.ru/knigi/kniga/tsvety-dlya-eldzhernona/,Цветы для Элджернона,Дэниел Киз,,15–17 лет,"наука, самооценка, отношения","научная фантастика, реалистическая проза",119,4,«почему рекомендуем»: шаблон ×870; нет поля: издательство; нет поля: ISBN; нет поля: число страниц
https://n-e-n.ru/knigi/kniga/tsezar-velikolepnyy/,Цезарь Великолепный,Алёна Спиридонова,Bubble Visions,7–12 лет,отношения,фэнтези,176,4,описание: обрезанная аннотация издательства; «почему рекомендуем»: шаблон ×656; «почему рекомендуем»: «о» вместо «об»; нет поля: число страниц
https://n-e-n.ru/knigi/kniga/tsyplenok-vecherom/,Цыплёнок вечером,Сергей Козлов,Детская литература,7–12 лет,"животные, природа",реалистическая проза,141,4,«почему рекомендуем»: шаблон ×669; автор: имя записано по-разному в разных карточках; нет поля: ISBN; нет поля: число страниц
https://n-e-n.ru/knigi/kniga/chay-v-zimnem-lesu/,Чай в зимнем лесу,Акико Миякоси,МИФ.Детство,3–6 лет,"семья, животные, природа, отношения, волшебство","сказка, фэнтези",180,4,описание: обрезанная аннотация издательства; «почему рекомендуем»: шаблон ×669; автор: фамилия перед именем; страницы: 3726 — сбой импорта
https://n-e-n.ru/knigi/kniga/chelovetkin/,Человеткин,Джулия Дональдсон,Машины творения,3–12 лет,животные,реалистическая проза,176,4,описание: обрезанная аннотация издательства; «почему рекомендуем»: шаблон ×870; нет поля: ISBN; нет поля: число страниц
https://n-e-n.ru/knigi/kniga/chik-i-briki-naryazhayut-elku/,Чик и Брики наряжают елку,Шеффлер Аксель,Clever,2–3 лет,"дружба, животные, космос, искусство, юмор","сказка, юмор",179,4,описание: обрезанная аннотация издательства; «почему рекомендуем»: шаблон ×656; возраст: «2–3 лет» → «2–3 года»; автор: фамилия перед именем
https://n-e-n.ru/knigi/kniga/chik-i-briki-den-rozhdeniya/,Чик и Брики. День рождения,Шеффлер Аксель,Clever,2–3 лет,"животные, искусство, спорт, юмор",юмор,178,4,описание: обрезанная аннотация издательства; «почему рекомендуем»: шаблон ×656; возраст: «2–3 лет» → «2–3 года»; автор: фамилия перед именем
https://n-e-n.ru/knigi/kniga/chik-i-briki-knizhki-kartonki-luzhitsa/,Чик и Брики. Книжки-картонки. Лужица,Шеффлер Аксель,Clever,2–3 лет,"дружба, животные, искусство, отношения",реалистическая проза,175,4,описание: обрезанная аннотация издательства; «почему рекомендуем»: шаблон ×656; возраст: «2–3 лет» → «2–3 года»; автор: фамилия перед именем
https://n-e-n.ru/knigi/kniga/chik-i-briki-knizhki-kartonki-lyubimyy-lyagushastik/,Чик и Брики. Книжки-картонки. Любимый Лягушастик,Шеффлер Аксель,Clever,2–3 лет,"дружба, школа, животные, искусство, путешествия",реалистическая проза,174,4,описание: обрезанная аннотация издательства; «почему рекомендуем»: шаблон ×656; возраст: «2–3 лет» → «2–3 года»; автор: фамилия перед именем
https://n-e-n.ru/knigi/kniga/chik-i-briki-knizhki-kartonki-novyy-drug/,Чик и Брики. Книжки-картонки. Новый друг,Шеффлер Аксель,Clever,2–3 лет,"дружба, школа, детский сад, искусство, отношения",реалистическая проза,177,4,описание: обрезанная аннотация издательства; «почему рекомендуем»: шаблон ×870; возраст: «2–3 лет» → «2–3 года»; автор: фамилия перед именем
https://n-e-n.ru/knigi/kniga/chik-i-briki-knizhki-kartonki-snegovik/,Чик и Брики. Книжки-картонки. Снеговик,Шеффлер Аксель,Clever,2–3 лет,"дружба, детский сад, мифология, искусство, отношения","сказка, приключения, юмор",179,4,описание: обрезанная аннотация издательства; «почему рекомендуем»: шаблон ×656; возраст: «2–3 лет» → «2–3 года»; автор: фамилия перед именем
https://n-e-n.ru/knigi/kniga/chik-i-briki-knizhki-kartonki-strashnoe-chudovische/,Чик и Брики. Книжки-картонки. Страшное чудовище,Шеффлер Аксель,Clever,2–3 лет,"семья, искусство, отношения, юмор, братья и сёстры",юмор,179,4,описание: обрезанная аннотация издательства; «почему рекомендуем»: шаблон ×669; возраст: «2–3 лет» → «2–3 года»; автор: фамилия перед именем
https://n-e-n.ru/knigi/kniga/chik-i-briki-knizhki-kartonki-super-puper-samokat/,Чик и Брики. Книжки-картонки. Супер-пупер-самокат,Шеффлер Аксель,Clever,2–3 лет,"дружба, школа, детский сад, животные, искусство",реалистическая проза,178,4,описание: обрезанная аннотация издательства; «почему рекомендуем»: шаблон ×656; возраст: «2–3 лет» → «2–3 года»; автор: фамилия перед именем
https://n-e-n.ru/knigi/kniga/chik-i-briki-knizhki-kartonki-chik-i-briki-naryazhayut-elku/,Чик и Брики. Книжки-картонки. Чик и Брики наряжают елку,Шеффлер Аксель,Clever,2–3 лет,"дружба, детский сад, животные, космос, искусство","сказка, юмор",177,4,описание: обрезанная аннотация издательства; «почему рекомендуем»: шаблон ×669; возраст: «2–3 лет» → «2–3 года»; автор: фамилия перед именем
https://n-e-n.ru/knigi/kniga/chik-i-briki-knizhki-kartonki-chudesnyy-sharik/,Чик и Брики. Книжки-картонки. Чудесный шарик,Шеффлер Аксель,Clever,2–3 лет,"животные, искусство, путешествия, отношения, приключения",семейная история,172,4,описание: обрезанная аннотация издательства; «почему рекомендуем»: шаблон ×656; возраст: «2–3 лет» → «2–3 года»; автор: фамилия перед именем
https://n-e-n.ru/knigi/kniga/chik-i-briki-luzhitsa/,Чик и Брики. Лужица,Шеффлер Аксель,Clever,2–3 лет,"дружба, семья, животные, искусство, отношения","приключения, юмор",178,4,описание: обрезанная аннотация издательства; «почему рекомендуем»: шаблон ×870; возраст: «2–3 лет» → «2–3 года»; автор: фамилия перед именем
https://n-e-n.ru/knigi/kniga/chik-i-briki-lyubimyy-lyagushastik/,Чик и Брики. Любимый лягушастик,Шеффлер Аксель,Clever,2–3 лет,"дружба, школа, животные, искусство, путешествия","приключения, юмор",171,4,описание: обрезанная аннотация издательства; «почему рекомендуем»: шаблон ×870; возраст: «2–3 лет» → «2–3 года»; автор: фамилия перед именем
https://n-e-n.ru/knigi/kniga/chik-i-briki-novyy-drug/,Чик и Брики. Новый друг,Шеффлер Аксель,Clever,2–3 лет,"дружба, семья, животные, природа, искусство, эмоции","сказка, фэнтези, приключения",170,4,описание: обрезанная аннотация издательства; «почему рекомендуем»: шаблон ×870; возраст: «2–3 лет» → «2–3 года»; автор: фамилия перед именем
https://n-e-n.ru/knigi/kniga/chik-i-briki-puglivaya-ulitka/,Чик и Брики. Пугливая улитка,Шеффлер Аксель,Clever,2–3 лет,"дружба, искусство, приключения, страх",реалистическая проза,178,4,описание: обрезанная аннотация издательства; «почему рекомендуем»: шаблон ×870; возраст: «2–3 лет» → «2–3 года»; автор: фамилия перед именем
https://n-e-n.ru/knigi/kniga/chik-i-briki-snegovik/,Чик и Брики. Снеговик,Шеффлер Аксель,Clever,2–3 лет,"дружба, животные, искусство, отношения, юмор","приключения, юмор",178,4,описание: обрезанная аннотация издательства; «почему рекомендуем»: шаблон ×870; возраст: «2–3 лет» → «2–3 года»; автор: фамилия перед именем
https://n-e-n.ru/knigi/kniga/chik-i-briki-strashnoe-chudovische/,Чик и Брики. Страшное чудовище,Шеффлер Аксель,Clever,2–3 лет,"дружба, семья, животные, искусство, юмор, братья и сёстры","приключения, юмор",171,4,описание: обрезанная аннотация издательства; «почему рекомендуем»: шаблон ×656; возраст: «2–3 лет» → «2–3 года»; автор: фамилия перед именем
https://n-e-n.ru/knigi/kniga/chik-i-briki-super-puper-samokat/,Чик и Брики. Супер-пупер-самокат,Шеффлер Аксель,Clever,2–3 лет,"дружба, животные, искусство, юмор, приключения","приключения, юмор",179,4,описание: обрезанная аннотация издательства; «почему рекомендуем»: шаблон ×669; возраст: «2–3 лет» → «2–3 года»; автор: фамилия перед именем
https://n-e-n.ru/knigi/kniga/chik-i-briki-chudesnyy-sharik/,Чик и Брики. Чудесный шарик,Шеффлер Аксель,Clever,2–3 лет,"дружба, животные, искусство, отношения, юмор","приключения, юмор",173,4,описание: обрезанная аннотация издательства; «почему рекомендуем»: шаблон ×870; возраст: «2–3 лет» → «2–3 года»; автор: фамилия перед именем
https://n-e-n.ru/knigi/kniga/chudesa-v-dedmorozovke/,Чудеса в Дедморозовке,Андрей Усачёв,Росмэн,7–12 лет,отношения,реалистическая проза,131,4,«почему рекомендуем»: шаблон ×669; «почему рекомендуем»: «о» вместо «об»; автор: имя записано по-разному в разных карточках; нет поля: число страниц
https://n-e-n.ru/knigi/kniga/shkola-dobra-i-zla-poslednee-dolgo-i-schastlivo-3/,Школа Добра и Зла. Последнее «долго и счастливо» (#3),Соман Чайнани,Эксмо,12–17 лет,"дружба, семья, школа, животные, природа, братья и сёстры, война","сказка, фэнтези, научная фантастика",178,4,описание: обрезанная аннотация издательства; «почему рекомендуем»: шаблон ×870; автор: фамилия перед именем; страницы: 3 — похоже на номер в серии; объём считается неверно
https://n-e-n.ru/knigi/kniga/shkola-talantov-urok-pervyy-zverskiy-shum/,Школа талантов. Урок первый: зверский шум!,Фрида Нильсон,МИФ.Детство,7–12 лет,"школа, животные, взросление, волшебство, приключения, динозавры","детектив, приключения",171,4,описание: обрезанная аннотация издательства; «почему рекомендуем»: шаблон ×656; автор: имя записано по-разному в разных карточках; страницы: 3726 — сбой импорта
https://n-e-n.ru/knigi/kniga/eleanor-i-park/,Элеанор и Парк,Рейнбоу Рауэлл,,15–17 лет,"отношения, семья, самооценка",реалистическая проза,130,4,«почему рекомендуем»: шаблон ×870; нет поля: издательство; нет поля: ISBN; нет поля: число страниц
https://n-e-n.ru/knigi/kniga/elmer/,Элмер,Дэвид Макки,,3–7 лет,"животные, самооценка, культурное разнообразие",сказка,99,4,«почему рекомендуем»: шаблон ×656; нет поля: издательство; нет поля: ISBN; нет поля: число страниц
https://n-e-n.ru/knigi/kniga/eh-istoriya-o-malenkom-geparde-kotoryy-ne-umel-begat/,"Эх! История о маленьком гепарде, который не умел бегать",Ольга Василькова,Белая ворона,2–4 лет,животные,реалистическая проза,179,4,описание: обрезанная аннотация издательства; «почему рекомендуем»: шаблон ×870; возраст: «2–4 лет» → «2–4 года»; нет поля: число страниц
https://n-e-n.ru/knigi/kniga/ya-rastu-vmeste-s-maksom-maks-idet-v-detskiy-sad/,Я расту вместе с Максом. Макс идёт в детский сад,Тильман Кристиан,Clever,2–4 лет,"дружба, семья, школа, детский сад, животные, эмоции, страх","сказка, приключения",179,4,описание: обрезанная аннотация издательства; «почему рекомендуем»: шаблон ×669; возраст: «2–4 лет» → «2–4 года»; автор: фамилия перед именем
https://n-e-n.ru/knigi/kniga/ya-rastu-vmeste-s-maksom-maks-idet-k-vrachu/,Я расту вместе с Максом. Макс идёт к врачу,Тильман Кристиан,Clever,2–4 лет,"дружба, школа, животные, экология, искусство",юмор,174,4,описание: обрезанная аннотация издательства; «почему рекомендуем»: шаблон ×656; возраст: «2–4 лет» → «2–4 года»; автор: фамилия перед именем
https://n-e-n.ru/knigi/kniga/ya-rastu-vmeste-s-maksom-maks-idet-na-gorshok/,Я расту вместе с Максом. Макс идёт на горшок,Тильман Кристиан,Clever,2–4 лет,"семья, животные, экология, искусство, взросление, эмоции",юмор,175,4,описание: обрезанная аннотация издательства; «почему рекомендуем»: шаблон ×669; возраст: «2–4 лет» → «2–4 года»; автор: фамилия перед именем
https://n-e-n.ru/knigi/kniga/ya-rastu-vmeste-s-maksom-maks-prazdnuet-den-rozhdeniya/,Я расту вместе с Максом. Макс празднует день рождения,Тильман Кристиан,Clever,2–4 лет,"дружба, животные, экология, искусство, юмор",юмор,177,4,описание: обрезанная аннотация издательства; «почему рекомендуем»: шаблон ×656; возраст: «2–4 лет» → «2–4 года»; автор: фамилия перед именем
https://n-e-n.ru/knigi/kniga/ya-hochu-v-shkolu/,Я хочу в школу!,Андрей Жвалевский; Евгения Пастернак,,10–14 лет,"школа, дружба, самооценка",реалистическая проза,118,4,«почему рекомендуем»: шаблон ×122; нет поля: издательство; нет поля: ISBN; нет поля: число страниц
https://n-e-n.ru/knigi/kniga/yabloko/,Яблоко,Владимир Сутеев,,2–6 лет,"животные, дружба",сказка,98,4,«почему рекомендуем»: шаблон ×870; нет поля: издательство; нет поля: ISBN; нет поля: число страниц
https://n-e-n.ru/knigi/kniga/17-istoriy-i-skazok-dlya-pervogo-chteniya-bolshie-i-malenkie-mashinki/,17 историй и сказок для первого чтения. Большие и маленькие машинки,Данилова Лида,Clever,3–7 лет,"семья, школа, детский сад, животные, искусство, эмоции, ответственность",реалистическая проза,176,3,описание: обрезанная аннотация издательства; «почему рекомендуем»: шаблон ×870; автор: фамилия перед именем
https://n-e-n.ru/knigi/kniga/31-novogodnyaya-istoriya/,31 новогодняя история,Данилова Лида,Clever,3–5 лет,"семья, животные, искусство, взросление, волшебство","фэнтези, семейная история",178,3,описание: обрезанная аннотация издательства; «почему рекомендуем»: шаблон ×669; автор: фамилия перед именем
https://n-e-n.ru/knigi/kniga/clever-chtenie-bolshoy-perepoloh-ili-kak-dovesti-babushek-do-belogo/,"CLEVER-чтение. Большой переполох, или Как довести бабушек до белого каления",Марси Кристина,Clever,6–9 лет,"дружба, семья, школа, животные, искусство","детектив, приключения, юмор",175,3,описание: обрезанная аннотация издательства; «почему рекомендуем»: шаблон ×669; автор: имя записано по-разному в разных карточках
https://n-e-n.ru/knigi/kniga/clever-chtenie-dinozavry-detektivy-v-poiskah-zateryannogo-goroda/,CLEVER-чтение. Динозавры-детективы. В поисках затерянного города,Лисаченко Алексей,Clever,8–12 лет,"школа, животные, космос, история, искусство, детектив, динозавры","детектив, юмор",177,3,описание: обрезанная аннотация издательства; «почему рекомендуем»: шаблон ×870; автор: фамилия перед именем
https://n-e-n.ru/knigi/kniga/clever-chtenie-dinozavry-detektivy-delo-kopchenoy-skumbrii/,CLEVER-чтение. Динозавры-детективы. Дело копчёной скумбрии,Лисаченко Алексей,Clever,8–12 лет,"семья, животные, природа, искусство, взросление, детектив, динозавры","детектив, юмор",174,3,описание: обрезанная аннотация издательства; «почему рекомендуем»: шаблон ×870; автор: фамилия перед именем
https://n-e-n.ru/knigi/kniga/clever-chtenie-zimnie-chudesa-v-kedrovom-lesu/,CLEVER-чтение. Зимние чудеса в кедровом лесу,Хачатурова Анастасия,Clever,6–8 лет,"дружба, школа, детский сад, животные, природа","сказка, фэнтези",179,3,описание: обрезанная аннотация издательства; «почему рекомендуем»: шаблон ×870; автор: фамилия перед именем
https://n-e-n.ru/knigi/kniga/clever-chtenie-kak-shurochka-i-murochka-vyhuhol-iskali/,CLEVER-чтение. Как Шурочка и Мурочка выхухоль искали,Дороченкова Марина,Clever,6–9 лет,"животные, природа, искусство, путешествия, приключения",приключения,165,3,описание: обрезанная аннотация издательства; «почему рекомендуем»: шаблон ×870; автор: имя записано по-разному в разных карточках
https://n-e-n.ru/knigi/kniga/clever-chtenie-kak-shurochka-i-murochka-iskali-vyhuhol-myagkaya-oblozhka/,CLEVER-чтение. Как Шурочка и Мурочка искали выхухоль (мягкая обложка),Дороченкова Марина; Кравчук Анна,Clever,6–9 лет,"семья, животные, природа, искусство, путешествия, братья и сёстры",приключения,179,3,описание: обрезанная аннотация издательства; «почему рекомендуем»: шаблон ×656; автор: имя записано по-разному в разных карточках
https://n-e-n.ru/knigi/kniga/clever-chtenie-lavanda-blu-priklyucheniya-v-volshebnom-lesu/,CLEVER-чтение. Лаванда Блу. Приключения в волшебном лесу,Ричардсон Стив,Clever,7–10 лет,"дружба, школа, животные, природа, история, смерть, смелость, фантастика","сказка, фэнтези, научная фантастика",168,3,описание: обрезанная аннотация издательства; «почему рекомендуем»: шаблон ×669; автор: имя записано по-разному в разных карточках
https://n-e-n.ru/knigi/kniga/clever-chtenie-milla-i-mini-mamontenok-nahodka-na-klubnichnoy-gryadke/,CLEVER-чтение. Милла и мини-мамонтёнок. Находка на клубничной грядке,Фабиш Александра,Clever,6–8 лет,"дружба, семья, животные, искусство, отношения",детектив,179,3,описание: обрезанная аннотация издательства; «почему рекомендуем»: шаблон ×870; автор: имя записано по-разному в разных карточках
https://n-e-n.ru/knigi/kniga/clever-chtenie-nakormi-rychaschego-medvedya-bolshaya-kniga/,CLEVER-чтение. Накорми рычащего медведя. Большая книга приключений Анны и папы,Оттеншлегер Мадлен,Clever,6–9 лет,"семья, животные, искусство, взросление, юмор, детектив","детектив, приключения, юмор",174,3,описание: обрезанная аннотация издательства; «почему рекомендуем»: шаблон ×656; автор: фамилия перед именем
https://n-e-n.ru/knigi/kniga/clever-chtenie-novyy-god-v-kedrovom-lesu-advent-kalendar-v-skazkah/,CLEVER-чтение. Новый год в кедровом лесу. Адвент-календарь в сказках,Хачатурова Анастасия,Clever,5–7 лет,"дружба, школа, животные, природа, история","сказка, фэнтези, юмор",178,3,описание: обрезанная аннотация издательства; «почему рекомендуем»: шаблон ×870; автор: фамилия перед именем
https://n-e-n.ru/knigi/kniga/clever-chtenie-poverit-v-chudo-ili-kak-spasti-deda-moroza/,"CLEVER-чтение. Поверить в чудо, или Как спасти Деда Мороза",Лютикова Анастасия,Clever,6–10 лет,"семья, животные, искусство, взросление, волшебство","сказка, фэнтези, приключения",177,3,описание: обрезанная аннотация издательства; «почему рекомендуем»: шаблон ×669; автор: фамилия перед именем
https://n-e-n.ru/knigi/kniga/clever-chtenie-poverit-v-chudo-ili-kak-spasti-novyy-god/,"CLEVER-чтение. Поверить в чудо, или как спасти Новый год",Лютикова Анастасия,Clever,6–10 лет,"семья, животные, история, искусство, спорт, братья и сёстры","приключения, юмор",177,3,описание: обрезанная аннотация издательства; «почему рекомендуем»: шаблон ×656; автор: фамилия перед именем
https://n-e-n.ru/knigi/kniga/clever-chtenie-podarok-deda-moroza/,CLEVER-чтение. Подарок Деда Мороза,Ульева Елена,Clever,2–5 лет,"семья, школа, животные, искусство, волшебство","сказка, фэнтези",178,3,описание: обрезанная аннотация издательства; «почему рекомендуем»: шаблон ×669; автор: фамилия перед именем
https://n-e-n.ru/knigi/kniga/clever-chtenie-priklyucheniya-shurochki-i-murochki-myagkaya-oblozhka/,CLEVER-чтение. Приключения Шурочки и Мурочки (мягкая обложка),Дороченкова Марина; Кравчук Анна,Clever,6–9 лет,"дружба, семья, животные, природа, искусство, братья и сёстры","сказка, приключения",173,3,описание: обрезанная аннотация издательства; «почему рекомендуем»: шаблон ×669; автор: имя записано по-разному в разных карточках
https://n-e-n.ru/knigi/kniga/clever-chtenie-sekret-v-chemodane/,CLEVER-чтение. Секрет в чемодане,Весова Юлия,Clever,6–9 лет,"семья, животные, искусство, взросление, волшебство","фэнтези, семейная история",174,3,описание: обрезанная аннотация издательства; «почему рекомендуем»: шаблон ×870; автор: фамилия перед именем
https://n-e-n.ru/knigi/kniga/clever-chtenie-shurochka-i-murochka-bolshaya-ekspeditsiya/,CLEVER-чтение. Шурочка и Мурочка. Большая экспедиция любознательных блошек,Дороченкова Марина,Clever,6–8 лет,"дружба, животные, природа, искусство, путешествия","сказка, приключения, юмор",176,3,описание: обрезанная аннотация издательства; «почему рекомендуем»: шаблон ×656; автор: имя записано по-разному в разных карточках
https://n-e-n.ru/knigi/kniga/clever-komiks-drakony-nalsary-drakoniy-ostrov/,Clever-комикс. Драконы Нальсары. Драконий остров,"Дельваль, Мари-Элен, Эртель, Пьер",Clever,7–10 лет,"дружба, семья, искусство, морские приключения, взросление, братья и сёстры, творчество","сказка, фэнтези, приключения",179,3,описание: обрезанная аннотация издательства; «почему рекомендуем»: шаблон ×669; автор: имя записано по-разному в разных карточках
https://n-e-n.ru/knigi/kniga/clever-komiks-magiya-vesny-ula-i-vinka/,Clever-комикс. Магия весны. Ула и Винка,Бренн Мария,Clever,10–14 лет,"семья, животные, природа, искусство, взросление, братья и сёстры","фэнтези, приключения",177,3,описание: обрезанная аннотация издательства; «почему рекомендуем»: шаблон ×870; автор: имя записано по-разному в разных карточках
https://n-e-n.ru/knigi/kniga/clever-komiks-ognevka-i-put-na-ostrov/,Clever-комикс. Огневка и путь на остров,Грегорес Беа,Clever,9–11 лет,"животные, природа, мифология, искусство, морские приключения","сказка, фэнтези, научная фантастика",165,3,описание: обрезанная аннотация издательства; «почему рекомендуем»: шаблон ×870; автор: фамилия перед именем
https://n-e-n.ru/knigi/kniga/cemeynye-skazki-maminy-skazki-dlya-chteniya-pered-snom/,Cемейные сказки. Мамины сказки для чтения перед сном,Ульева Елена,Clever,4–6 лет,"семья, искусство, отношения, эмоции","сказка, семейная история",179,3,описание: обрезанная аннотация издательства; «почему рекомендуем»: шаблон ×870; автор: фамилия перед именем
https://n-e-n.ru/knigi/kniga/cemeynye-skazki-papiny-skazki-dlya-chteniya-pered-snom/,Cемейные сказки. Папины сказки для чтения перед сном,Ульева Елена,Clever,4–6 лет,"семья, искусство, отношения, эмоции","сказка, семейная история",171,3,описание: обрезанная аннотация издательства; «почему рекомендуем»: шаблон ×870; автор: фамилия перед именем
https://n-e-n.ru/knigi/kniga/winx-magiya-vokrug-volshebnaya-kniga-igr/,Winx. Магия вокруг! Волшебная книга игр,Николаева Е.Е.,Эксмо,7–12 лет,"семья, волшебство, приключения","сказка, фэнтези, приключения",173,3,описание: обрезанная аннотация издательства; «почему рекомендуем»: шаблон ×870; автор: фамилия перед именем
https://n-e-n.ru/knigi/kniga/ezhik-v-tumane/,Ёжик в тумане,Сергей Козлов,Стрекоза,6–11 лет,"дружба, животные, природа",реалистическая проза,44,3,«почему рекомендуем»: шаблон ×669; автор: имя записано по-разному в разных карточках; название повторяется ×2 — проверить дубль
https://n-e-n.ru/knigi/kniga/a-u-nashey-koshki-est-babushka/,А у нашей кошки есть бабушка?,Татьяна Руссита,МИФ.Детство,4–6 лет,"семья, животные, космос, взросление, отношения","сказка, приключения, юмор",173,3,описание: обрезанная аннотация издательства; «почему рекомендуем»: шаблон ×669; страницы: 3726 — сбой импорта
https://n-e-n.ru/knigi/kniga/agent-na-myagkih-lapah-1/,Агент на мягких лапах (#1),Фрауке Шойнеманн,Эксмо,7–12 лет,"дружба, семья, школа, животные, природа, первая любовь, детектив","детектив, приключения, юмор",179,3,описание: обрезанная аннотация издательства; «почему рекомендуем»: шаблон ×669; страницы: 1 — похоже на номер в серии; объём считается неверно
https://n-e-n.ru/knigi/kniga/akademiya-matematiki-bitva-hakerov-tom-2/,Академия математики. Битва хакеров. Том 2,Ли Юнвон,МИФ.Детство,7–12 лет,"дружба, семья, школа, животные, история, детектив","детектив, приключения",176,3,описание: обрезанная аннотация издательства; «почему рекомендуем»: шаблон ×669; страницы: 3726 — сбой импорта
https://n-e-n.ru/knigi/kniga/akademiya-matematiki-delo-hakerskogo-kluba-tom-1/,Академия математики. Дело хакерского клуба. Том 1,Ли Юнвон,МИФ.Детство,7–12 лет,"школа, животные, мифология, приключения, детектив","сказка, детектив",175,3,описание: обрезанная аннотация издательства; «почему рекомендуем»: шаблон ×870; страницы: 3726 — сбой импорта
https://n-e-n.ru/knigi/kniga/alisa-v-strane-chudes-i-v-zazerkale/,Алиса в Стране Чудес и в Зазеркалье,Льюис Кэрролл,МИФ.Детство,7–12 лет,"школа, животные, природа, путешествия, волшебство","сказка, фэнтези, приключения",178,3,описание: обрезанная аннотация издательства; «почему рекомендуем»: шаблон ×669; страницы: 3726 — сбой импорта
https://n-e-n.ru/knigi/kniga/alisa-v-strane-chudes/,Алиса в Стране чудес,Loputyn (Лопутин),МИФ.Детство,7–12 лет,"семья, школа, животные, путешествия, приключения, братья и сёстры","сказка, приключения",176,3,описание: обрезанная аннотация издательства; «почему рекомендуем»: шаблон ×870; страницы: 3726 — сбой импорта
https://n-e-n.ru/knigi/kniga/alisa-v-strane-chudes-illyustratsii-ha-chang-tahtag/,Алиса в Стране чудес (иллюстрации Ха Чанг — Tahtag),Льюис Кэрролл,МИФ.Детство,6–10 лет,"школа, животные, взросление, волшебство, приключения","сказка, фэнтези, приключения",179,3,описание: обрезанная аннотация издательства; «почему рекомендуем»: шаблон ×656; страницы: 3726 — сбой импорта
https://n-e-n.ru/knigi/kniga/alisa-v-strane-snov-odnazhdy-v-skazke/,Алиса в стране снов. Однажды в сказке,Кенни Кан,МИФ.Детство,7–12 лет,"дружба, школа, животные, путешествия, юмор","сказка, фэнтези, приключения",174,3,описание: обрезанная аннотация издательства; «почему рекомендуем»: шаблон ×656; страницы: 3726 — сбой импорта
https://n-e-n.ru/knigi/kniga/alye-parusa/,Алые паруса,Александр Грин,Эксмо,5–8 лет,"семья, школа, животные, природа, путешествия, братья и сёстры",реалистическая проза,179,3,описание: обрезанная аннотация издательства; «почему рекомендуем»: шаблон ×669; автор: имя записано по-разному в разных карточках
https://n-e-n.ru/knigi/kniga/ami/,Ами,Саэко Мацусита,Альпина.Дети,7–12 лет,"семья, искусство",реалистическая проза,180,3,описание: обрезанная аннотация издательства; «почему рекомендуем»: шаблон ×656; автор: фамилия перед именем
https://n-e-n.ru/knigi/kniga/ahap-erech/,Ахап Ереч,Роальд Даль,Самокат,4–6 лет,"природа, отношения, первая любовь",сказка,172,3,описание: обрезанная аннотация издательства; «почему рекомендуем»: шаблон ×669; автор: имя записано по-разному в разных карточках
https://n-e-n.ru/knigi/kniga/babushka-i-ptitsa/,Бабушка и птица,Бенджи Дэвис,Поляндрия,3–7 лет,"дружба, семья, животные, искусство, приключения",приключения,180,3,описание: обрезанная аннотация издательства; «почему рекомендуем»: шаблон ×669; автор: имя записано по-разному в разных карточках
https://n-e-n.ru/knigi/kniga/banda-iz-leyptsiga/,Банда из Лейпцига,Иоганнес Хервиг,КомпасГид,13–17 лет,"дружба, школа, животные, взросление, приключения",реалистическая проза,178,3,описание: обрезанная аннотация издательства; «почему рекомендуем»: шаблон ×120; автор: фамилия перед именем
https://n-e-n.ru/knigi/kniga/banditskie-stihi/,Бандитские стихи,Роальд Даль,Самокат,7–9 лет,"семья, школа, животные, природа, взросление","сказка, юмор, поэзия",177,3,описание: обрезанная аннотация издательства; «почему рекомендуем»: шаблон ×870; автор: имя записано по-разному в разных карточках
https://n-e-n.ru/knigi/kniga/banka-so-svetlyachkami/,Банка со светлячками,Лиза Томпсон,МИФ.Детство,7–12 лет,"семья, животные, природа, история, детектив",детектив,180,3,описание: обрезанная аннотация издательства; «почему рекомендуем»: шаблон ×870; страницы: 3726 — сбой импорта
https://n-e-n.ru/knigi/kniga/basni/,Басни,Сергей Владимирович Михалков,Детская литература,6–11 лет,отношения,сказка,145,3,«почему рекомендуем»: шаблон ×870; автор: имя записано по-разному в разных карточках; название повторяется ×2 — проверить дубль
https://n-e-n.ru/knigi/kniga/basni-krylov/,Басни,Иван Андреевич Крылов,Эксмо,6–12 лет,взросление,сказка,138,3,«почему рекомендуем»: шаблон ×656; название повторяется ×2 — проверить дубль; нет поля: число страниц
https://n-e-n.ru/knigi/kniga/begletsy-stark/,Беглецы,Ульф Старк,Белая ворона,9–13 лет,"семья, школа, приключения","детектив, приключения",177,3,описание: обрезанная аннотация издательства; «почему рекомендуем»: шаблон ×656; название повторяется ×2 — проверить дубль
https://n-e-n.ru/knigi/kniga/begletsy/,Беглецы,Шоу Фиона,КомпасГид,12–17 лет,"дружба, семья, самооценка, приключения, братья и сёстры, эмоции",приключения,175,3,описание: обрезанная аннотация издательства; «почему рекомендуем»: шаблон ×870; название повторяется ×2 — проверить дубль
https://n-e-n.ru/knigi/kniga/bezrabotnyy-ded-moroz-volshebnyy-krugovorot/,Безработный Дед Мороз. Волшебный круговорот,Микеле Д’иньяцио,МИФ.Детство,7–12 лет,"животные, юмор, волшебство, приключения, творчество","сказка, фэнтези, приключения",178,3,описание: обрезанная аннотация издательства; «почему рекомендуем»: шаблон ×669; страницы: 3726 — сбой импорта
https://n-e-n.ru/knigi/kniga/belogrudka/,Белогрудка,Виктор Астафьев; Виталий Бианки; Юрий Казаков; Евгений Носов; Владимир Орлов; Александр Старостин,Мелик-Пашаев,7–14 лет,"животные, взросление, волшебство, эмоции",реалистическая проза,178,3,описание: обрезанная аннотация издательства; «почему рекомендуем»: шаблон ×870; автор: имя записано по-разному в разных карточках
https://n-e-n.ru/knigi/kniga/belyy-golub-chernyy-slon-2-e-izd/,"Белый голубь, чёрный слон (2-е изд.)",Немеш Ева,КомпасГид,12–17 лет,"семья, взросление, приключения, братья и сёстры",приключения,177,3,"описание: обрезанная аннотация издательства; «почему рекомендуем»: шаблон ×870; название: данные издания (иллюстратор, номер издания) внутри названия"
https://n-e-n.ru/knigi/kniga/bembi-il-din-syaozhun/,Бемби (ил. Дин Сяожун),Феликс Зальтен,Эксмо,3–6 лет,"животные, природа, взросление, волшебство, приключения, эмоции, страх","сказка, детектив",173,3,"описание: обрезанная аннотация издательства; «почему рекомендуем»: шаблон ×870; название: данные издания (иллюстратор, номер издания) внутри названия"
https://n-e-n.ru/knigi/kniga/bereg-mertvyh-nezabudok/,Берег мертвых незабудок,Звонцова Екатерина,КомпасГид,12–17 лет,"школа, животные, природа, искусство, театр, смерть","фэнтези, научная фантастика",173,3,описание: обрезанная аннотация издательства; «почему рекомендуем»: шаблон ×120; автор: имя записано по-разному в разных карточках
https://n-e-n.ru/knigi/kniga/beskonechnaya-istoriya/,Бесконечная история,Михаэль Энде,,10–15 лет,"самооценка, волшебство, взросление","фэнтези, приключения",96,3,«почему рекомендуем»: шаблон ×120; страницы: 2009 — похоже на год издания; нет поля: издательство
https://n-e-n.ru/knigi/kniga/biblioteka-priklyucheniy-ostrov-sokrovisch/,Библиотека приключений. Остров сокровищ,Стивенсон Роберт Льюис,Clever,12–14 лет,"семья, школа, животные, природа, мифология, братья и сёстры","сказка, приключения",174,3,описание: обрезанная аннотация издательства; «почему рекомендуем»: шаблон ×870; автор: имя записано по-разному в разных карточках
https://n-e-n.ru/knigi/kniga/billi-i-knopy/,Билли и кнопы,Роальд Даль,Самокат,4–6 лет,"семья, животные, природа, приключения","сказка, поэзия",180,3,описание: обрезанная аннотация издательства; «почему рекомендуем»: шаблон ×656; автор: имя записано по-разному в разных карточках
https://n-e-n.ru/knigi/kniga/bogi-kak-lyudi-kniga-1-krugi-na-vode/,Боги как люди. Книга 1. Круги на воде,Ткачева Яна,КомпасГид,16–17 лет,"животные, природа, история, мифология, искусство, война, ответственность, творчество","сказка, фэнтези, научная фантастика",176,3,описание: обрезанная аннотация издательства; «почему рекомендуем»: шаблон ×870; автор: фамилия перед именем
https://n-e-n.ru/knigi/kniga/bolshaya-kniga-stihov-i-skazok/,Болшая книга стихов и сказок,Владимир Степанов,Азбука-Аттикус,6–11 лет,волшебство,поэзия,177,3,описание: обрезанная аннотация издательства; «почему рекомендуем»: шаблон ×870; нет поля: число страниц
https://n-e-n.ru/knigi/kniga/bolshaya-kniga-kosmicheskih-skazok-30-i-1-istoriya-dlya-chteniya-na/,Большая книга космических сказок. 30 и 1 история для чтения на каждый день,Лисаченко Алексей,Clever,5–7 лет,"дружба, семья, животные, космос, искусство, фантастика","сказка, научная фантастика, юмор",177,3,описание: обрезанная аннотация издательства; «почему рекомендуем»: шаблон ×870; автор: фамилия перед именем
https://n-e-n.ru/knigi/kniga/bolshaya-kniga-pomogayuschih-skazok/,Большая книга помогающих сказок,Ульева Елена,Clever,3–5 лет,"дружба, семья, животные, искусство, эмоции",сказка,176,3,описание: обрезанная аннотация издательства; «почему рекомендуем»: шаблон ×870; автор: фамилия перед именем
https://n-e-n.ru/knigi/kniga/bolshaya-kniga-stihov-i-rasskazov/,Большая книга стихов и рассказов,Андрей Усачёв,Азбука-Аттикус,6–11 лет,отношения,поэзия,123,3,«почему рекомендуем»: шаблон ×669; «почему рекомендуем»: «о» вместо «об»; автор: имя записано по-разному в разных карточках
https://n-e-n.ru/knigi/kniga/bolshaya-malenkaya-devochka-kniga-1-istorii-1-6-2-e-izd/,Большая маленькая девочка. Книга 1 (истории 1-6) (2-е изд.),Мария Бершадская,КомпасГид,4–9 лет,"юмор, приключения","приключения, юмор",177,3,"описание: обрезанная аннотация издательства; «почему рекомендуем»: шаблон ×37; название: данные издания (иллюстратор, номер издания) внутри названия"
https://n-e-n.ru/knigi/kniga/bolshaya-skazochnaya-seriya-myagkaya-oblozhka-bolshaya-kniga-skazok-pro/,Большая сказочная серия (мягкая обложка). Большая книга сказок про дружбу,Ульева Елена,Clever,3–5 лет,"дружба, семья, природа, искусство, путешествия, братья и сёстры, эмоции","сказка, приключения",180,3,описание: обрезанная аннотация издательства; «почему рекомендуем»: шаблон ×656; автор: фамилия перед именем
https://n-e-n.ru/knigi/kniga/bolshaya-skazochnaya-seriya-bolshaya-kniga-appetitnyh-skazok/,Большая сказочная серия. Большая книга аппетитных сказок,Ульева Елена,Clever,3–5 лет,"дружба, семья, школа, детский сад, животные, страх",сказка,179,3,описание: обрезанная аннотация издательства; «почему рекомендуем»: шаблон ×656; автор: фамилия перед именем
https://n-e-n.ru/knigi/kniga/bolshaya-skazochnaya-seriya-bolshaya-kniga-volshebnyh-skazok/,Большая сказочная серия. Большая книга волшебных сказок,Ульева Елена,Clever,4–7 лет,"дружба, семья, животные, природа, искусство","сказка, фэнтези, приключения",179,3,описание: обрезанная аннотация издательства; «почему рекомендуем»: шаблон ×870; автор: фамилия перед именем
https://n-e-n.ru/knigi/kniga/bolshaya-skazochnaya-seriya-bolshaya-kniga-maminyh-skazok/,Большая сказочная серия. Большая книга маминых сказок,Ульева Елена,Clever,3–5 лет,"дружба, семья, животные, искусство, взросление, эмоции, страх","сказка, семейная история",177,3,описание: обрезанная аннотация издательства; «почему рекомендуем»: шаблон ×669; автор: фамилия перед именем
https://n-e-n.ru/knigi/kniga/bolshaya-skazochnaya-seriya-bolshaya-kniga-novogodnih-skazok-so-vsego/,Большая сказочная серия. Большая книга новогодних сказок со всего света,Ульева Елена,Clever,4–6 лет,"семья, животные, природа, мифология, искусство","сказка, фэнтези, семейная история",177,3,описание: обрезанная аннотация издательства; «почему рекомендуем»: шаблон ×870; автор: фамилия перед именем
https://n-e-n.ru/knigi/kniga/bolshaya-skazochnaya-seriya-bolshaya-kniga-poleznyh-skazok/,Большая сказочная серия. Большая книга полезных сказок,Ульева Елена,Clever,3–5 лет,"дружба, семья, школа, животные, природа, эмоции, смелость","сказка, фэнтези, семейная история",172,3,описание: обрезанная аннотация издательства; «почему рекомендуем»: шаблон ×656; автор: фамилия перед именем
https://n-e-n.ru/knigi/kniga/bolshaya-skazochnaya-seriya-bolshaya-kniga-skazok-na-noch/,Большая сказочная серия. Большая книга сказок на ночь,Ульева Елена,Clever,2–5 лет,"семья, животные, искусство, волшебство","сказка, фэнтези",180,3,описание: обрезанная аннотация издательства; «почему рекомендуем»: шаблон ×669; автор: фамилия перед именем
https://n-e-n.ru/knigi/kniga/bolshaya-skazochnaya-seriya-bolshaya-kniga-skazok-pro-detskiy-sad/,Большая сказочная серия. Большая книга сказок про детский сад,Ульева Елена,Clever,3–5 лет,"дружба, семья, детский сад, животные, искусство, эмоции, страх",сказка,179,3,описание: обрезанная аннотация издательства; «почему рекомендуем»: шаблон ×870; автор: фамилия перед именем
https://n-e-n.ru/knigi/kniga/bolshaya-skazochnaya-seriya-bolshaya-kniga-skazok-pro-druzhbu/,Большая сказочная серия. Большая книга сказок про дружбу,Ульева Елена,Clever,3–5 лет,"дружба, школа, детский сад, животные, природа, эмоции","сказка, приключения",174,3,описание: обрезанная аннотация издательства; «почему рекомендуем»: шаблон ×656; автор: фамилия перед именем
https://n-e-n.ru/knigi/kniga/bolshaya-skazochnaya-seriya-bolshaya-kniga-skazok-pro-zhivotnyh/,Большая сказочная серия. Большая книга сказок про животных,Ульева Елена,Clever,3–5 лет,"дружба, животные, природа, искусство, приключения","сказка, приключения",178,3,описание: обрезанная аннотация издательства; «почему рекомендуем»: шаблон ×656; автор: фамилия перед именем
https://n-e-n.ru/knigi/kniga/bolshaya-skazochnaya-seriya-bolshaya-kniga-skazok-pro-igrushki/,Большая сказочная серия. Большая книга сказок про игрушки,Ульева Елена,Clever,3–5 лет,"дружба, семья, животные, искусство, путешествия, смелость","сказка, приключения",180,3,описание: обрезанная аннотация издательства; «почему рекомендуем»: шаблон ×656; автор: фамилия перед именем
https://n-e-n.ru/knigi/kniga/bolshaya-skazochnaya-seriya-bolshaya-kniga-skazok-pro-strahi/,Большая сказочная серия. Большая книга сказок про страхи,Ульева Елена,Clever,3–5 лет,"дружба, животные, искусство, эмоции, страх",сказка,176,3,описание: обрезанная аннотация издательства; «почему рекомендуем»: шаблон ×656; автор: фамилия перед именем
https://n-e-n.ru/knigi/kniga/bolshaya-skazochnaya-seriya-vokrug-sveta-v-novyy-god/,Большая сказочная серия. Вокруг света в Новый год,Ульева Елена,Clever,5–7 лет,"семья, животные, мифология, искусство, путешествия","сказка, фэнтези",177,3,описание: обрезанная аннотация издательства; «почему рекомендуем»: шаблон ×870; автор: фамилия перед именем
https://n-e-n.ru/knigi/kniga/bolshaya-skazochnaya-seriya-zodiakalnye-skazki-mify-i-legendy/,Большая сказочная серия. Зодиакальные сказки. Мифы и легенды,Ульева Елена,Clever,3–5 лет,"детский сад, животные, космос, мифология, искусство","сказка, фэнтези, семейная история",179,3,описание: обрезанная аннотация издательства; «почему рекомендуем»: шаблон ×656; автор: фамилия перед именем
https://n-e-n.ru/knigi/kniga/bolshaya-skazochnaya-seriya-lyubimye-skazki-pro-zhivotnyh/,Большая сказочная серия. Любимые сказки про животных,Ульева Елена,Clever,5–7 лет,"дружба, животные, природа, искусство, волшебство","сказка, фэнтези, приключения",172,3,описание: обрезанная аннотация издательства; «почему рекомендуем»: шаблон ×656; автор: фамилия перед именем
https://n-e-n.ru/knigi/kniga/bolshaya-skazochnaya-seriya-novogodnyaya-kniga-skazok/,Большая сказочная серия. Новогодняя книга сказок,Ульева Елена,Clever,5–7 лет,"семья, животные, искусство, приключения",реалистическая проза,179,3,описание: обрезанная аннотация издательства; «почему рекомендуем»: шаблон ×669; автор: фамилия перед именем
https://n-e-n.ru/knigi/kniga/bolshaya-skazochnaya-seriya-novyy-god-skazki-i-legendy-narodov-mira/,Большая сказочная серия. Новый год. Сказки и легенды народов мира,Ульева Елена,Clever,5–7 лет,"семья, животные, история, мифология, искусство","сказка, фэнтези, семейная история",174,3,описание: обрезанная аннотация издательства; «почему рекомендуем»: шаблон ×870; автор: фамилия перед именем
https://n-e-n.ru/knigi/kniga/bolshaya-skazochnaya-seriya-semeynye-skazki-razvivaem-emotsionalnyy/,Большая сказочная серия. Семейные сказки. Развиваем эмоциональный интеллект,Ульева Елена,Clever,3–5 лет,"семья, животные, искусство, отношения, эмоции","сказка, семейная история",180,3,описание: обрезанная аннотация издательства; «почему рекомендуем»: шаблон ×870; автор: фамилия перед именем
https://n-e-n.ru/knigi/kniga/bolshaya-skazochnaya-seriya-skazki-pro-detskiy-sad-spravlyaemsya-s/,Большая сказочная серия. Сказки про детский сад. Справляемся с капризами и истерикой,Ульева Елена,Clever,3–5 лет,"дружба, семья, детский сад, животные, искусство, эмоции","сказка, фэнтези, юмор",178,3,описание: обрезанная аннотация издательства; «почему рекомендуем»: шаблон ×870; автор: фамилия перед именем
https://n-e-n.ru/knigi/kniga/bolshaya-skazochnaya-seriya-skazki-pro-dobrye-dela/,Большая сказочная серия. Сказки про добрые дела,Ульева Елена,Clever,3–5 лет,"дружба, школа, животные, искусство",сказка,175,3,описание: обрезанная аннотация издательства; «почему рекомендуем»: шаблон ×870; автор: фамилия перед именем
https://n-e-n.ru/knigi/kniga/bolshaya-sobachya-kniga/,Большая собачья книга,В. Н. Белоусов; М. В. Белоусова,Эксмо,7–12 лет,животные,реалистическая проза,146,3,«почему рекомендуем»: шаблон ×870; автор: имя записано по-разному в разных карточках; нет поля: число страниц
https://n-e-n.ru/knigi/kniga/bolshaya-stirka/,Большая стирка,Леонид Пантелеев,Мелик-Пашаев,4–6 лет,"юмор, волшебство, эмоции",юмор,174,3,описание: обрезанная аннотация издательства; «почему рекомендуем»: шаблон ×656; автор: имя записано по-разному в разных карточках
https://n-e-n.ru/knigi/kniga/bolshoy-i-dobryy-velikan/,Большой и Добрый Великан,Роальд Даль,Самокат,4–6 лет,дружба,сказка,175,3,описание: обрезанная аннотация издательства; «почему рекомендуем»: шаблон ×37; автор: имя записано по-разному в разных карточках
https://n-e-n.ru/knigi/kniga/bremenskie-muzykanty/,Бременские музыканты,Братья Гримм,Азбука-Аттикус,4–8 лет,"животные, дружба, юмор, творчество",литературная сказка,104,3,«почему рекомендуем»: шаблон ×656; «почему рекомендуем»: падеж («любит народная сказка»); автор: имя записано по-разному в разных карточках
https://n-e-n.ru/knigi/kniga/bryum-malenkaya-vedma-tom-2-les-zabludshih-dush/,Брюм — маленькая ведьма. Том 2. Лес заблудших душ,Жером Пелиссие,Эксмо,7–12 лет,"дружба, семья, природа, путешествия, волшебство, братья и сёстры","сказка, фэнтези, детектив",175,3,описание: обрезанная аннотация издательства; «почему рекомендуем»: шаблон ×669; страницы: 2 — похоже на номер в серии; объём считается неверно
https://n-e-n.ru/knigi/kniga/bud-yarche/,Будь ярче!,драматурги Молодые,КомпасГид,7–13 лет,"школа, театр, взросление",семейная история,176,3,описание: обрезанная аннотация издательства; «почему рекомендуем»: шаблон ×870; автор: поле собрано с ошибкой
https://n-e-n.ru/knigi/kniga/bumazhnyy-zmey/,Бумажный змей,Роб Биддальф,Поляндрия,2–4 лет,"животные, история, искусство, морские приключения, взросление, война",реалистическая проза,180,3,описание: обрезанная аннотация издательства; «почему рекомендуем»: шаблон ×656; возраст: «2–4 лет» → «2–4 года»
https://n-e-n.ru/knigi/kniga/byuro-nahodok/,Бюро находок,Сергей Иванов,АСТ,6–11 лет,отношения,реалистическая проза,124,3,«почему рекомендуем»: шаблон ×669; «почему рекомендуем»: «о» вместо «об»; автор: имя записано по-разному в разных карточках
https://n-e-n.ru/knigi/kniga/v-gostyah-u-dinozavrov-razgadka-ischeznoveniya-dinozavrov-rassledovanie/,В гостях у динозавров. Разгадка исчезновения динозавров. Расследование в меловом периоде,Галкина Анастасия; Ладатко Екатерина,Clever,3–6 лет,"школа, детский сад, животные, искусство, юмор, детектив, динозавры","фэнтези, детектив, приключения",176,3,описание: обрезанная аннотация издательства; «почему рекомендуем»: шаблон ×656; автор: имя записано по-разному в разных карточках
https://n-e-n.ru/knigi/kniga/v-odezhde-cheloveka/,В одежде человека,Леена Крун,Самокат,7–9 лет,"семья, животные, искусство, братья и сёстры","сказка, поэзия",178,3,описание: обрезанная аннотация издательства; «почему рекомендуем»: шаблон ×656; автор: имя записано по-разному в разных карточках
https://n-e-n.ru/knigi/kniga/v-ochen-solnechnoy-sisteme-god-s-poetami/,В очень Солнечной системе. Год с поэтами,Евгений Клюев; Артур Гиваргизов; Марина Бородицкая; Наталия Волкова; Маша Рупасова; Алексей Зайцев; Герман Лукомников; Мария Дубиковская; Тимофей Петухов; Евгения Гончарова; Юлия Симбирская; Сергей Махотин; Анна Игнатова; Галина Дядина; Елена Мамонтова; Станислав Востоков; Елена Ярышевская; Анастасия Орлова; Марина Номоконова,Самокат,7–9 лет,"семья, животные, путешествия, юмор, волшебство, братья и сёстры","сказка, фэнтези, юмор, поэзия",173,3,описание: обрезанная аннотация издательства; «почему рекомендуем»: шаблон ×656; автор: имя записано по-разному в разных карточках
https://n-e-n.ru/knigi/kniga/v-poiskah-volka/,В поисках Волка,Сандра Дикманн,МИФ.Детство,7–12 лет,"дружба, животные, природа, космос, отношения","сказка, фэнтези",179,3,описание: обрезанная аннотация издательства; «почему рекомендуем»: шаблон ×656; страницы: 3726 — сбой импорта
https://n-e-n.ru/knigi/kniga/vasyutkino-ozero/,Васюткино озеро,Виктор Петрович Астафьев,АСТ,6–11 лет,отношения,реалистическая проза,123,3,«почему рекомендуем»: шаблон ×669; «почему рекомендуем»: «о» вместо «об»; автор: имя записано по-разному в разных карточках
https://n-e-n.ru/knigi/kniga/vverh-i-vniz/,Вверх и вниз,Оливер Джефферс,Поляндрия,3–7 лет,"дружба, искусство",реалистическая проза,176,3,описание: обрезанная аннотация издательства; «почему рекомендуем»: шаблон ×870; автор: фамилия перед именем
https://n-e-n.ru/knigi/kniga/vedma-sladkoy-derevni/,Ведьма сладкой деревни,Марин Сэнгель,Эксмо,7–12 лет,"природа, путешествия, приключения","фэнтези, научная фантастика, детектив",178,3,описание: обрезанная аннотация издательства; «почему рекомендуем»: шаблон ×656; автор: фамилия перед именем
https://n-e-n.ru/knigi/kniga/vershiteli-kniga-3-ten-chernoboga/,Вершители. Книга 3. Тень Чернобога,Евгения Кретова,КомпасГид,9–13 лет,"история, мифология, взросление, приключения","сказка, фэнтези, научная фантастика",175,3,описание: обрезанная аннотация издательства; «почему рекомендуем»: шаблон ×656; «почему рекомендуем»: «о» вместо «об»
https://n-e-n.ru/knigi/kniga/veselye-priklyucheniya-sobaki-vsegda-vash-pes-buts-il-a-eliseeva/,"Веселые приключения собаки. Всегда ваш, пес Бутс (ил. А. Елисеева)",Редьярд Киплинг,Эксмо,7–12 лет,"дружба, школа, животные, природа, юмор, творчество","сказка, приключения, юмор",172,3,"описание: обрезанная аннотация издательства; «почему рекомендуем»: шаблон ×669; название: данные издания (иллюстратор, номер издания) внутри названия"
https://n-e-n.ru/knigi/kniga/veselye-priklyucheniya-sobaki-dnevnik-foksa-mikki-il-a-eliseeva/,Веселые приключения собаки. Дневник фокса Микки (ил. А. Елисеева),Саша Чёрный,Эксмо,7–12 лет,"дружба, животные, взросление, юмор, волшебство","сказка, приключения, юмор",176,3,"описание: обрезанная аннотация издательства; «почему рекомендуем»: шаблон ×656; название: данные издания (иллюстратор, номер издания) внутри названия"
https://n-e-n.ru/knigi/kniga/veselye-istorii/,Весёлые истории,Г. Цыферов,Азбука-Аттикус,7–12 лет,животные,юмор,45,3,«почему рекомендуем»: шаблон ×656; нет поля: ISBN; нет поля: число страниц
https://n-e-n.ru/knigi/kniga/veselyy-novyy-god/,Весёлый Новый год,Альф Прёйсен,Мелик-Пашаев,2–3 лет,"дружба, семья, животные, юмор, волшебство","сказка, юмор, поэзия",180,3,описание: обрезанная аннотация издательства; «почему рекомендуем»: шаблон ×656; возраст: «2–3 лет» → «2–3 года»
https://n-e-n.ru/knigi/kniga/vizgkultura-ili-semeynaya-kachalka/,"Визгкультура, или, семейная качалка",Григорий Остер,Росмэн,6–11 лет,юмор,юмор,164,3,«почему рекомендуем»: шаблон ×870; нет поля: ISBN; нет поля: число страниц
https://n-e-n.ru/knigi/kniga/vovkiny-rasskazy-edem-na-yug-vypusk-2-dlya-detey/,Вовкины рассказы. Едем на Юг. Выпуск № 2 для детей,Андрей Асковд,Эксмо,7–12 лет,"дружба, семья, природа, космос, взросление, братья и сёстры","приключения, юмор",172,3,описание: обрезанная аннотация издательства; «почему рекомендуем»: шаблон ×870; страницы: 2 — похоже на номер в серии; объём считается неверно
https://n-e-n.ru/knigi/kniga/vozvraschenie/,Возвращение,Аарон Бекер,МИФ.Детство,7–12 лет,"дружба, семья, животные, природа, путешествия","сказка, приключения",179,3,описание: обрезанная аннотация издательства; «почему рекомендуем»: шаблон ×669; страницы: 3726 — сбой импорта
https://n-e-n.ru/knigi/kniga/vozvraschenie-bludnogo-popugaya-i-drugie-istorii/,Возвращение блудного попугая и другие истории,А. Курляндский,Стрекоза,6–11 лет,дружба,реалистическая проза,152,3,«почему рекомендуем»: шаблон ×669; автор: имя записано по-разному в разных карточках; нет поля: число страниц
https://n-e-n.ru/knigi/kniga/vozdushnye-rybki/,Воздушные рыбки,Марина Дяченко,A-BA-BA-GA-LA-MA-GA,6–11 лет,животные,реалистическая проза,147,3,«почему рекомендуем»: шаблон ×669; автор: фамилия перед именем; нет поля: число страниц
https://n-e-n.ru/knigi/kniga/voyna-s-liliputami/,Война с лилипутами,К. Булычев,АСТ,6–11 лет,"отношения, война",фэнтези,149,3,«почему рекомендуем»: шаблон ×669; «почему рекомендуем»: «о» вместо «об»; автор: имя записано по-разному в разных карточках
https://n-e-n.ru/knigi/kniga/volk-i-kozlyata-afanasev/,Волк и козлята,А. Н. Афанасьев,Эксмо,7–12 лет,животные,сказка,147,3,«почему рекомендуем»: шаблон ×870; автор: имя записано по-разному в разных карточках; название повторяется ×2 — проверить дубль
https://n-e-n.ru/knigi/kniga/volchonok-po-oshibke/,Волчонок по ошибке,Лаура Суарес,МИФ.Детство,8–12 лет,"дружба, семья, школа, животные, природа, братья и сёстры, буллинг, принятие себя","сказка, юмор",179,3,описание: обрезанная аннотация издательства; «почему рекомендуем»: шаблон ×669; страницы: 3726 — сбой импорта
https://n-e-n.ru/knigi/kniga/volshebnaya-biblioteka-brokkoli/,Волшебная библиотека Брокколи,Ли Херён,МИФ.Детство,7–12 лет,"дружба, школа, животные, природа, отношения","сказка, фэнтези, приключения",174,3,описание: обрезанная аннотация издательства; «почему рекомендуем»: шаблон ×669; страницы: 3726 — сбой импорта
https://n-e-n.ru/knigi/kniga/volshebnaya-kniga-dinozavrov-puteshestvie-v-yurskiy-period/,Волшебная книга динозавров. Путешествие в юрский период,Галкина Анастасия; Ладатко Екатерина,Clever,3–5 лет,"дружба, школа, детский сад, животные, природа, динозавры","фэнтези, приключения, историческая проза",175,3,описание: обрезанная аннотация издательства; «почему рекомендуем»: шаблон ×669; автор: имя записано по-разному в разных карточках
https://n-e-n.ru/knigi/kniga/volshebnaya-pochta-kn-1-pochta-otkryvaetsya-v-polnoch/,Волшебная почта Кн. 1. Почта открывается в полночь,Герасимова Дарья,КомпасГид,9–13 лет,"юмор, волшебство","фэнтези, научная фантастика, юмор",178,3,описание: обрезанная аннотация издательства; «почему рекомендуем»: шаблон ×870; автор: фамилия перед именем
https://n-e-n.ru/knigi/kniga/volshebnaya-shkola-karandasha-i-samodelkina-il-a-eliseeva/,Волшебная школа Карандаша и Самоделкина (ил. А. Елисеева),Юрий Дружков,Эксмо,7–12 лет,"дружба, школа, животные, природа, космос, динозавры","сказка, фэнтези, приключения",179,3,"описание: обрезанная аннотация издательства; «почему рекомендуем»: шаблон ×656; название: данные издания (иллюстратор, номер издания) внутри названия"
https://n-e-n.ru/knigi/kniga/volshebnik-izumrudnogo-goroda-urfin-dzhyus-i-ego-derevyannye-soldaty/,Волшебник Изумрудного города; Урфин Джюс и его деревянные солдаты; Семь подземных королей,А. Волков,АСТ,7–12 лет,"семья, природа, волшебство",фэнтези,180,3,описание: обрезанная аннотация издательства; «почему рекомендуем»: шаблон ×870; автор: имя записано по-разному в разных карточках
https://n-e-n.ru/knigi/kniga/volshebnik-iz-strany-oz-il-syue-tszin/,Волшебник из страны Оз (ил. Сюэ Цзинь),Лаймен Фрэнк Баум,Эксмо,7–12 лет,"дружба, животные, природа, путешествия, волшебство, смелость, доброта","сказка, фэнтези",174,3,"описание: обрезанная аннотация издательства; «почему рекомендуем»: шаблон ×656; название: данные издания (иллюстратор, номер издания) внутри названия"
https://n-e-n.ru/knigi/kniga/volshebnoe-koltso/,Волшебное кольцо,Андрей Платонович Платонов,Азбука-Аттикус,6–11 лет,волшебство,сказка,176,3,описание: обрезанная аннотация издательства; «почему рекомендуем»: шаблон ×656; название повторяется ×2 — проверить дубль
https://n-e-n.ru/knigi/kniga/volshebnoe-koltso-shergin/,Волшебное кольцо,Борис Шергин,Самокат,6–11 лет,волшебство,сказка,158,3,«почему рекомендуем»: шаблон ×669; название повторяется ×2 — проверить дубль; нет поля: число страниц
https://n-e-n.ru/knigi/kniga/volshebnyy-palets/,Волшебный палец,Роальд Даль,Самокат,7–9 лет,"школа, животные, волшебство","сказка, фэнтези",170,3,описание: обрезанная аннотация издательства; «почему рекомендуем»: шаблон ×669; автор: имя записано по-разному в разных карточках
https://n-e-n.ru/knigi/kniga/vot-takie-pirogi/,Вот такие пироги!,Роберт Манч,Мелик-Пашаев,4–10 лет,"искусство, волшебство",реалистическая проза,180,3,описание: обрезанная аннотация издательства; «почему рекомендуем»: шаблон ×37; «почему рекомендуем»: «о» вместо «об»
https://n-e-n.ru/knigi/kniga/vsadnik-bez-golovy-il-n-ustinova/,Всадник без головы (ил. Н. Устинова),Томас Майн Рид,Эксмо,7–12 лет,"семья, школа, животные, природа, отношения, братья и сёстры, детектив","сказка, детектив, приключения",176,3,"описание: обрезанная аннотация издательства; «почему рекомендуем»: шаблон ×669; название: данные издания (иллюстратор, номер издания) внутри названия"
https://n-e-n.ru/knigi/kniga/vse-budet-horosho-obyazatelno/,"Все будет хорошо, обязательно",Катлейн Верейкен,МИФ.Детство,10–12 лет,"семья, школа, животные, природа, история, братья и сёстры, смерть, война",сказка,178,3,описание: обрезанная аннотация издательства; «почему рекомендуем»: шаблон ×120; страницы: 3726 — сбой импорта
https://n-e-n.ru/knigi/kniga/vse-druzya-naperechet/,Все друзья наперечёт,Лена Андерсон,Белая ворона,3–6 лет,"дружба, школа, детский сад, искусство",поэзия,180,3,описание: обрезанная аннотация издательства; «почему рекомендуем»: шаблон ×656; автор: имя записано по-разному в разных карточках
https://n-e-n.ru/knigi/kniga/vse-skazochnye-istorii-pro-cheburashku/,Все сказочные истории про Чебурашку,Едуард Успенский,АСТ,7–12 лет,дружба,сказка,147,3,«почему рекомендуем»: шаблон ×669; автор: опечатка в имени; автор: имя записано по-разному в разных карточках
https://n-e-n.ru/knigi/kniga/vspominay-ded-moroz/,"Вспоминай, Дед Мороз!",Полина Щербак; Дарья Луговская,Альпина.Дети,5–9 лет,искусство,реалистическая проза,178,3,описание: обрезанная аннотация издательства; «почему рекомендуем»: шаблон ×656; «почему рекомендуем»: «о» вместо «об»
https://n-e-n.ru/knigi/kniga/vy-ne-byli-na-taiti/,Вы не были на Таити?,Александр Ефимович Курляндский,Азбука-Аттикус,6–11 лет,отношения,реалистическая проза,152,3,«почему рекомендуем»: шаблон ×669; «почему рекомендуем»: «о» вместо «об»; автор: имя записано по-разному в разных карточках
https://n-e-n.ru/knigi/kniga/gde-papa/,Где папа?,юлия Кузнецова,Izd. Dom Meshcher︠i︡akovoĭ,6–11 лет,семья,реалистическая проза,163,3,«почему рекомендуем»: шаблон ×669; автор: поле собрано с ошибкой; автор: имя записано по-разному в разных карточках
https://n-e-n.ru/knigi/kniga/gde-rabotaet-yaga/,Где работает Яга?,Наталья Бочечко,МИФ.Детство,7–12 лет,"дружба, юмор, волшебство","сказка, фэнтези, юмор",175,3,описание: обрезанная аннотация издательства; «почему рекомендуем»: шаблон ×656; страницы: 3726 — сбой импорта
https://n-e-n.ru/knigi/kniga/gnom-i-lis/,Гном и Лис,Астрид Линдгрен,Белая ворона,2–7 лет,животные,реалистическая проза,170,3,«почему рекомендуем»: шаблон ×669; нет поля: ISBN; нет поля: число страниц
https://n-e-n.ru/knigi/kniga/gollandskiy-bez-problem/,Голландский без проблем,Мари-Од Мюрай,Самокат,7–9 лет,"юмор, динозавры","сказка, юмор",175,3,описание: обрезанная аннотация издательства; «почему рекомендуем»: шаблон ×669; автор: имя записано по-разному в разных карточках
https://n-e-n.ru/knigi/kniga/golos/,Голос,Памела Загаренски,Поляндрия,3–7 лет,"животные, искусство",сказка,171,3,описание: обрезанная аннотация издательства; «почему рекомендуем»: шаблон ×870; название повторяется ×2 — проверить дубль
https://n-e-n.ru/knigi/kniga/gorod-solntsa-kniga-3-golos-krovi-2-e-izd/,Город Солнца. Книга 3. Голос крови (2-е изд.),Евгений Рудашевский,КомпасГид,12–17 лет,"животные, приключения","детектив, приключения",180,3,"описание: обрезанная аннотация издательства; «почему рекомендуем»: шаблон ×870; название: данные издания (иллюстратор, номер издания) внутри названия"
https://n-e-n.ru/knigi/kniga/gorod-solntsa-kniga-4-serdtse-mgly-2-e-izd/,Город Солнца. Книга 4. Сердце мглы (2-е изд.),Евгений Рудашевский,КомпасГид,12–17 лет,"дружба, семья, история, искусство, путешествия","детектив, приключения, историческая проза",179,3,"описание: обрезанная аннотация издательства; «почему рекомендуем»: шаблон ×120; название: данные издания (иллюстратор, номер издания) внутри названия"
https://n-e-n.ru/knigi/kniga/gorodskie-legendy/,Городские легенды,Иржи Линхарт,Белая ворона,12–17 лет,"школа, мифология, путешествия",сказка,173,3,описание: обрезанная аннотация издательства; «почему рекомендуем»: шаблон ×122; нет поля: число страниц
https://n-e-n.ru/knigi/kniga/gorstka-volshebstva/,Горстка волшебства,Мишель Харрисон,Альпина.Дети,9–16 лет,"дружба, животные, путешествия, волшебство, смелость",фэнтези,176,3,описание: обрезанная аннотация издательства; «почему рекомендуем»: шаблон ×120; нет поля: ISBN
https://n-e-n.ru/knigi/kniga/greys-korolevstvo-vverh-kopytami/,Грейс. Королевство вверх копытами,Энн Дидье; Оливье Мэллер,МИФ.Детство,7–12 лет,"дружба, семья, юмор, волшебство","сказка, фэнтези, юмор",174,3,описание: обрезанная аннотация издательства; «почему рекомендуем»: шаблон ×656; страницы: 3726 — сбой импорта
https://n-e-n.ru/knigi/kniga/greys-prodelki-ozornoy-printsessy/,Грейс. Проделки озорной принцессы,Марк Дюбюиссон,МИФ.Детство,7–12 лет,"природа, юмор, волшебство, приключения, смерть, творчество","сказка, фэнтези, приключения",171,3,описание: обрезанная аннотация издательства; «почему рекомендуем»: шаблон ×656; страницы: 3726 — сбой импорта
https://n-e-n.ru/knigi/kniga/greys-skazochnoe-nedorazumenie/,Грейс. Сказочное недоразумение,Марк Дюбюиссон,МИФ.Детство,7–12 лет,"семья, школа, взросление, приключения",приключения,178,3,описание: обрезанная аннотация издательства; «почему рекомендуем»: шаблон ×669; страницы: 3726 — сбой импорта
https://n-e-n.ru/knigi/kniga/grizli-il-v-kanivtsa/,Гризли (ил. В. Канивца),Джеймс Кервуд,Эксмо,7–12 лет,"животные, природа, отношения",сказка,178,3,"описание: обрезанная аннотация издательства; «почему рекомендуем»: шаблон ×870; название: данные издания (иллюстратор, номер издания) внутри названия"
https://n-e-n.ru/knigi/kniga/gula-kamakri/,Гула Камакри,Юлия Линде,МИФ.Детство,12–17 лет,"семья, животные, космос, история, мифология, братья и сёстры, первая любовь, смелость","сказка, фэнтези, приключения",174,3,описание: обрезанная аннотация издательства; «почему рекомендуем»: шаблон ×870; страницы: 3726 — сбой импорта
https://n-e-n.ru/knigi/kniga/doazbuka/,ДОазбука,Екатерина Мурашова; Наталья Майорова,Поляндрия,2–4 лет,"семья, школа, животные, искусство, юмор",юмор,176,3,описание: обрезанная аннотация издательства; «почему рекомендуем»: шаблон ×870; возраст: «2–4 лет» → «2–4 года»
https://n-e-n.ru/knigi/kniga/davay-poedem-v-unalashku/,Давай поедем в Уналашку,Анна Красильщик,Белая ворона,9–13 лет,"семья, дружба, школа, детектив",повесть,145,3,«почему рекомендуем»: шаблон ×870; «почему рекомендуем»: падеж («любит народная сказка»); нет поля: ISBN
https://n-e-n.ru/knigi/kniga/dazhe-ne-pytaytes-priruchit-detey/,Даже не пытайтесь приручить детей,Питер Браун,Поляндрия,3–7 лет,"семья, животные, природа, искусство, юмор",юмор,171,3,описание: обрезанная аннотация издательства; «почему рекомендуем»: шаблон ×656; автор: фамилия перед именем
https://n-e-n.ru/knigi/kniga/danni-chempion-mira/,"Данни, чемпион мира",Роальд Даль,Самокат,4–6 лет,"семья, животные","сказка, детектив",179,3,описание: обрезанная аннотация издательства; «почему рекомендуем»: шаблон ×26; автор: имя записано по-разному в разных карточках
https://n-e-n.ru/knigi/kniga/daresh-dolina-holodnogo-ognya-2/,Дареш. Долина Холодного огня (#2),Катя Брандис,Эксмо,7–12 лет,"дружба, животные, природа, волшебство, приключения, буллинг, смерть","фэнтези, научная фантастика, приключения",175,3,описание: обрезанная аннотация издательства; «почему рекомендуем»: шаблон ×669; страницы: 2 — похоже на номер в серии; объём считается неверно
https://n-e-n.ru/knigi/kniga/dachnyy-detektiv-tayna-staroy-yabloni/,Дачный детектив. Тайна старой яблони,Кириллова Ольга,Clever,7–9 лет,"дружба, животные, природа, искусство, взросление, детектив","фэнтези, детектив, приключения",180,3,описание: обрезанная аннотация издательства; «почему рекомендуем»: шаблон ×656; автор: фамилия перед именем
https://n-e-n.ru/knigi/kniga/dve-schepotki-schastya/,Две щепотки счастья,Артемий Извольский,МИФ.Детство,7–12 лет,"животные, природа, история, путешествия, взросление","сказка, фэнтези, приключения",179,3,описание: обрезанная аннотация издательства; «почему рекомендуем»: шаблон ×656; страницы: 3726 — сбой импорта
https://n-e-n.ru/knigi/kniga/dvenadtsat-let-sem-mesyatsev-i-odinnadtsat-dney/,"Двенадцать лет, семь месяцев и одиннадцать дней",Лоррис Мюрай,Самокат,13–15 лет,"семья, животные, природа, взросление, детектив",детектив,180,3,описание: обрезанная аннотация издательства; «почему рекомендуем»: шаблон ×870; автор: имя записано по-разному в разных карточках
https://n-e-n.ru/knigi/kniga/devochka-snegurochka/,Девочка Снегурочка,Владимир Даль,Мелик-Пашаев,4–10 лет,"семья, животные, природа, волшебство",реалистическая проза,179,3,описание: обрезанная аннотация издательства; «почему рекомендуем»: шаблон ×870; автор: имя записано по-разному в разных карточках
https://n-e-n.ru/knigi/kniga/devochka-s-lisim-hvostom-tom-1/,Девочка с Лисьим Хвостом. Том 1,Ман Муль Сан,МИФ.Детство,12–17 лет,"дружба, школа, животные, мифология, взросление","сказка, фэнтези, детектив",175,3,описание: обрезанная аннотация издательства; «почему рекомендуем»: шаблон ×120; страницы: 3726 — сбой импорта
https://n-e-n.ru/knigi/kniga/devochka-s-lisim-hvostom-tom-2/,Девочка с лисьим хвостом. Том 2,Ман Муль Сан,МИФ.Детство,12–17 лет,"дружба, школа, животные, мифология, взросление","сказка, фэнтези, детектив",180,3,описание: обрезанная аннотация издательства; «почему рекомендуем»: шаблон ×870; страницы: 3726 — сбой импорта
https://n-e-n.ru/knigi/kniga/devochka-s-lisim-hvostom-tom-3/,Девочка с лисьим хвостом. Том 3,Ман Муль Сан,МИФ.Детство,12–17 лет,"дружба, семья, школа, животные, история, братья и сёстры, страх, война, смелость","сказка, фэнтези, детектив",175,3,описание: обрезанная аннотация издательства; «почему рекомендуем»: шаблон ×122; страницы: 3726 — сбой импорта
https://n-e-n.ru/knigi/kniga/devochka-s-lisim-hvostom-tom-4/,Девочка с лисьим хвостом. Том 4,Ман Муль Сан,МИФ.Детство,12–17 лет,"дружба, школа, животные, мифология, взросление","сказка, фэнтези, детектив",178,3,описание: обрезанная аннотация издательства; «почему рекомендуем»: шаблон ×870; страницы: 3726 — сбой импорта
https://n-e-n.ru/knigi/kniga/devochka-s-lisim-hvostom-tom-5/,Девочка с лисьим хвостом. Том 5,Ман Муль Сан,МИФ.Детство,12–17 лет,"дружба, школа, животные, мифология, взросление","сказка, фэнтези, детектив",170,3,описание: обрезанная аннотация издательства; «почему рекомендуем»: шаблон ×122; страницы: 3726 — сбой импорта
https://n-e-n.ru/knigi/kniga/devochka-s-lisim-hvostom-tom-6/,Девочка с лисьим хвостом. Том 6,Ман Муль Сан,МИФ.Детство,12–17 лет,"дружба, школа, животные, мифология, взросление","сказка, фэнтези, детектив",176,3,описание: обрезанная аннотация издательства; «почему рекомендуем»: шаблон ×870; страницы: 3726 — сбой импорта
https://n-e-n.ru/knigi/kniga/devya-yama/,Девья яма,Ирина Богатырёва,Самокат,13–15 лет,"дружба, семья, животные, история, взросление, братья и сёстры, детектив",детектив,171,3,описание: обрезанная аннотация издательства; «почему рекомендуем»: шаблон ×870; автор: фамилия перед именем
https://n-e-n.ru/knigi/kniga/devyat-myshat-i-kot/,Девять мышат и кот,Ольга Замятина,МИФ.Детство,7–12 лет,"животные, юмор, приключения, детектив","детектив, юмор",178,3,описание: обрезанная аннотация издательства; «почему рекомендуем»: шаблон ×669; страницы: 3726 — сбой импорта
https://n-e-n.ru/knigi/kniga/delo-o-nevidimke-7/,Дело о невидимке (#7),Фрауке Шойнеманн,Эксмо,3–6 лет,"семья, животные, юмор, приключения, эмоции, детектив","детектив, приключения, юмор",179,3,описание: обрезанная аннотация издательства; «почему рекомендуем»: шаблон ×870; страницы: 7 — похоже на номер в серии; объём считается неверно
https://n-e-n.ru/knigi/kniga/delo-o-sosedyah-monstrah/,Дело о соседях-монстрах,Клинг Мария,Clever,8–10 лет,"дружба, семья, школа, животные, искусство, братья и сёстры, страх, детектив","научная фантастика, детектив, приключения",172,3,описание: обрезанная аннотация издательства; «почему рекомендуем»: шаблон ×656; автор: имя записано по-разному в разных карточках
https://n-e-n.ru/knigi/kniga/delo-ozhivshih-kukol-6/,Дело оживших кукол (#6),Светлана Кривошлыкова,Эксмо,12–17 лет,"дружба, семья, школа, животные, взросление, братья и сёстры, детектив","детектив, юмор",173,3,описание: обрезанная аннотация издательства; «почему рекомендуем»: шаблон ×870; страницы: 6 — похоже на номер в серии; объём считается неверно
https://n-e-n.ru/knigi/kniga/delo-1-nefritovyy-drakon/,Дело №1. Нефритовый дракон,Михаэль Пайнкофер,Эксмо,7–12 лет,"семья, животные, природа, история, путешествия, братья и сёстры, детектив","сказка, фэнтези, детектив",179,3,описание: обрезанная аннотация издательства; «почему рекомендуем»: шаблон ×669; страницы: 1 — похоже на номер в серии; объём считается неверно
https://n-e-n.ru/knigi/kniga/delfiniy-ostrov/,Дельфиний остров,С. Сахарнов,ИД Мещерякова,6–11 лет,животные,реалистическая проза,145,3,«почему рекомендуем»: шаблон ×669; страницы: 2018 — похоже на год издания; нет поля: ISBN
https://n-e-n.ru/knigi/kniga/den-kogda-vernulsya-kit/,"День, когда вернулся кит",Бенджи Дэвис,Поляндрия,3–7 лет,"дружба, животные, природа, история, искусство, смелость",реалистическая проза,175,3,описание: обрезанная аннотация издательства; «почему рекомендуем»: шаблон ×870; автор: имя записано по-разному в разных карточках
https://n-e-n.ru/knigi/kniga/detektiv-fletcher-kn-1-delo-durno-pahnet-2-e-izd/,Детектив Флетчер. Кн.1. Дело дурно пахнет! (2-е изд.),Антье Циллат,КомпасГид,4–9 лет,"животные, искусство, юмор, детектив","детектив, юмор",176,3,"описание: обрезанная аннотация издательства; «почему рекомендуем»: шаблон ×870; название: данные издания (иллюстратор, номер издания) внутри названия"
https://n-e-n.ru/knigi/kniga/detektivy-lili-i-zelda-delo-o-propavshem-zaveschanii/,Детективы Лили и Зельда. Дело о пропавшем завещании,Фишер-Хунольд Александра,Clever,10–12 лет,"семья, животные, искусство, путешествия, взросление, детектив","детектив, семейная история",175,3,описание: обрезанная аннотация издательства; «почему рекомендуем»: шаблон ×870; автор: имя записано по-разному в разных карточках
https://n-e-n.ru/knigi/kniga/deti-lesa-mest-pumy-4/,Дети леса. Месть пумы (#4),Катя Брандис,Эксмо,12–17 лет,"дружба, природа, путешествия, взросление, юмор, страх, принятие себя","фэнтези, научная фантастика, юмор",180,3,описание: обрезанная аннотация издательства; «почему рекомендуем»: шаблон ×122; страницы: 4 — похоже на номер в серии; объём считается неверно
https://n-e-n.ru/knigi/kniga/deti-lesa-opasnaya-druzhba-2/,Дети леса. Опасная дружба (#2),Катя Брандис,Эксмо,12–17 лет,"дружба, семья, школа, природа, путешествия","фэнтези, научная фантастика, детектив",175,3,описание: обрезанная аннотация издательства; «почему рекомендуем»: шаблон ×870; страницы: 2 — похоже на номер в серии; объём считается неверно
https://n-e-n.ru/knigi/kniga/deti-lesa-prevraschenie-karaga-1/,Дети леса. Превращение Карага (#1),Катя Брандис,Эксмо,12–17 лет,"дружба, школа, животные, природа, взросление","фэнтези, научная фантастика",179,3,описание: обрезанная аннотация издательства; «почему рекомендуем»: шаблон ×870; страницы: 1 — похоже на номер в серии; объём считается неверно
https://n-e-n.ru/knigi/kniga/deti-lesa-sekret-sfinksa-5/,Дети леса. Секрет сфинкса (#5),Катя Брандис,Эксмо,12–17 лет,"дружба, семья, школа, природа, взросление, братья и сёстры, смерть","фэнтези, научная фантастика, юмор",175,3,описание: обрезанная аннотация издательства; «почему рекомендуем»: шаблон ×122; страницы: 5 — похоже на номер в серии; объём считается неверно
https://n-e-n.ru/knigi/kniga/deti-lesa-tayna-holli-3/,Дети леса. Тайна Холли (#3),Катя Брандис,Эксмо,12–17 лет,"дружба, школа, животные, природа, взросление, страх","фэнтези, научная фантастика, детектив",179,3,описание: обрезанная аннотация издательства; «почему рекомендуем»: шаблон ×122; страницы: 3 — похоже на номер в серии; объём считается неверно
https://n-e-n.ru/knigi/kniga/deti-morya-vodnyy-zagovor-2/,Дети моря. Водный заговор (#2),Катя Брандис,Эксмо,12–17 лет,"дружба, школа, животные, природа, взросление, первая любовь, детектив","фэнтези, научная фантастика, детектив",169,3,описание: обрезанная аннотация издательства; «почему рекомендуем»: шаблон ×870; страницы: 2 — похоже на номер в серии; объём считается неверно
https://n-e-n.ru/knigi/kniga/deti-morya-opasnye-volny-3/,Дети моря. Опасные волны (#3),Катя Брандис,Эксмо,12–17 лет,"дружба, семья, школа, животные, природа, братья и сёстры",приключения,180,3,описание: обрезанная аннотация издательства; «почему рекомендуем»: шаблон ×870; страницы: 3 — похоже на номер в серии; объём считается неверно
https://n-e-n.ru/knigi/kniga/deti-morya-sekrety-golubogo-rifa-5/,Дети моря. Секреты «Голубого рифа» (#5),Катя Брандис,Эксмо,12–17 лет,"дружба, школа, космос, взросление, отношения, первая любовь, страх, принятие себя",приключения,177,3,описание: обрезанная аннотация издательства; «почему рекомендуем»: шаблон ×122; страницы: 5 — похоже на номер в серии; объём считается неверно
https://n-e-n.ru/knigi/kniga/deti-morya-tayna-kita-oborotnya-4/,Дети моря. Тайна кита-оборотня (#4),Катя Брандис,Эксмо,12–17 лет,"дружба, семья, школа, животные, природа, братья и сёстры, первая любовь","фэнтези, научная фантастика, детектив",174,3,описание: обрезанная аннотация издательства; «почему рекомендуем»: шаблон ×870; страницы: 4 — похоже на номер в серии; объём считается неверно
https://n-e-n.ru/knigi/kniga/detskie-stihi-polnaya-tachka-chudakov-i-chudachek/,Детские стихи «Полная тачка чудаков и чудачек»,Весова Юлия,Clever,3–6 лет,"семья, животные, природа, искусство, взросление","юмор, поэзия, семейная история",175,3,описание: обрезанная аннотация издательства; «почему рекомендуем»: шаблон ×669; автор: фамилия перед именем
https://n-e-n.ru/knigi/kniga/detskiy-detektiv-kot-murr-i-tayna-propavshego-velosipeda/,Детский детектив. Кот Мурр и тайна пропавшего велосипеда,Энглер Михаэль,Clever,5–8 лет,"дружба, школа, животные, искусство, взросление, детектив","детектив, приключения, юмор",178,3,описание: обрезанная аннотация издательства; «почему рекомендуем»: шаблон ×656; автор: фамилия перед именем
https://n-e-n.ru/knigi/kniga/detskiy-detektiv-kto-ukral-dnevniki-darvina/,Детский детектив. Кто украл дневники Дарвина?,Харман Орен,Clever,8–10 лет,"семья, искусство, юмор, братья и сёстры, детектив","детектив, юмор",176,3,описание: обрезанная аннотация издательства; «почему рекомендуем»: шаблон ×870; автор: фамилия перед именем
https://n-e-n.ru/knigi/kniga/detskiy-sad-vosmaya-gruppa-2-e-izd/,"Детский сад, восьмая группа (2-е изд.)",Виктория Ледерман,КомпасГид,2–6 лет,"детский сад, взросление, юмор, ответственность","юмор, поэзия",180,3,"описание: обрезанная аннотация издательства; «почему рекомендуем»: шаблон ×669; название: данные издания (иллюстратор, номер издания) внутри названия"
https://n-e-n.ru/knigi/kniga/detskiy-etiket-v-skazkah-dobrye-dela/,Детский этикет в сказках. Добрые дела,Ульева Елена,Clever,3–5 лет,"дружба, школа, детский сад, животные, искусство, эмоции, доброта",сказка,179,3,описание: обрезанная аннотация издательства; «почему рекомендуем»: шаблон ×656; автор: фамилия перед именем
https://n-e-n.ru/knigi/kniga/dzhagger-dzhagger/,"Джаггер, Джаггер!",Фрида Нильсон,Самокат,7–9 лет,"дружба, семья, животные, природа, экология",реалистическая проза,177,3,описание: обрезанная аннотация издательства; «почему рекомендуем»: шаблон ×656; автор: имя записано по-разному в разных карточках
https://n-e-n.ru/knigi/kniga/dzheyms-i-chudo-persik/,Джеймс и Чудо-Персик,Роальд Даль,Самокат,7–9 лет,"дружба, семья, животные, природа, приключения, смерть","сказка, приключения",179,3,описание: обрезанная аннотация издательства; «почему рекомендуем»: шаблон ×656; автор: имя записано по-разному в разных карточках
https://n-e-n.ru/knigi/kniga/dzheyn-lisa-i-ya-britt/,"Джейн, лиса и я",Фанни Бритт,Белая ворона,10–14 лет,"школа, дружба, семья, творчество",графический роман,118,3,«почему рекомендуем»: шаблон ×870; название повторяется ×2 — проверить дубль; нет поля: ISBN
https://n-e-n.ru/knigi/kniga/dzheyn-lisa-i-ya/,"Джейн, лиса и я",Изабель Арсено; Фанни Бритт,Белая ворона,12–17 лет,"дружба, школа, животные, взросление, волшебство",фэнтези,166,3,описание: обрезанная аннотация издательства; «почему рекомендуем»: шаблон ×870; название повторяется ×2 — проверить дубль
https://n-e-n.ru/knigi/kniga/dzhordzh-i-tayny-vselennoy/,Джордж и тайны Вселенной,Люси Хокинг; Стивен Хокинг,Розовый жираф,9–13 лет,"космос, наука, приключения","научная фантастика, приключения",101,3,«почему рекомендуем»: шаблон ×669; автор: имя записано по-разному в разных карточках; страницы: 2021 — похоже на год издания
https://n-e-n.ru/knigi/kniga/dzhuliya-i-akula/,Джулия и акула,Том Фрестон,МИФ.Детство,7–12 лет,"семья, животные, мифология","сказка, научная фантастика",179,3,описание: обрезанная аннотация издательства; «почему рекомендуем»: шаблон ×669; страницы: 3726 — сбой импорта
https://n-e-n.ru/knigi/kniga/divnomorskie-syschiki-dve-istorii-v-odnoy-knige/,Дивноморские сыщики. Две истории в одной книге,Беляева Марина,Clever,8–10 лет,"дружба, семья, школа, животные, искусство, эмоции, детектив","детектив, приключения, юмор",175,3,описание: обрезанная аннотация издательства; «почему рекомендуем»: шаблон ×656; автор: имя записано по-разному в разных карточках
https://n-e-n.ru/knigi/kniga/divnomorskie-syschiki-delo-o-plyazhnom-vore/,Дивноморские сыщики. Дело о пляжном воре,Беляева Марина,Clever,8–12 лет,"дружба, школа, животные, искусство, морские приключения, эмоции, детектив","детектив, приключения, юмор",175,3,описание: обрезанная аннотация издательства; «почему рекомендуем»: шаблон ×870; автор: имя записано по-разному в разных карточках
https://n-e-n.ru/knigi/kniga/divnomorskie-syschiki-tayna-ischeznuvshey-statuetki/,Дивноморские сыщики. Тайна исчезнувшей статуэтки,Беляева Марина,Clever,8–10 лет,"дружба, школа, животные, искусство, театр, детектив","детектив, юмор",179,3,описание: обрезанная аннотация издательства; «почему рекомендуем»: шаблон ×669; автор: имя записано по-разному в разных карточках
https://n-e-n.ru/knigi/kniga/dnevnik-propavshey-sestry-1-novoe-oformlenie/,Дневник пропавшей сестры (#1) (Новое оформление),Софи Клеверли,Эксмо,7–12 лет,"дружба, семья, школа, животные, природа, братья и сёстры, страх, смерть, детектив","детектив, приключения",175,3,описание: обрезанная аннотация издательства; «почему рекомендуем»: шаблон ×870; страницы: 1 — похоже на номер в серии; объём считается неверно
https://n-e-n.ru/knigi/kniga/dobroy-nochi/,Доброй ночи!,Деби Глиори,Поляндрия,2–4 лет,"животные, искусство, морские приключения",поэзия,180,3,описание: обрезанная аннотация издательства; «почему рекомендуем»: шаблон ×669; возраст: «2–4 лет» → «2–4 года»
https://n-e-n.ru/knigi/kniga/dobryh-snov-shmyak-knizhka-s-nakleykami/,"Добрых снов, Шмяк! Книжка с наклейками",Скоттон Роб,Clever,2–4 лет,"семья, животные, искусство, путешествия, братья и сёстры, страх",сказка,176,3,описание: обрезанная аннотация издательства; «почему рекомендуем»: шаблон ×656; возраст: «2–4 лет» → «2–4 года»
https://n-e-n.ru/knigi/kniga/doktor-aybolit/,Доктор Айболит,Корней Чуковский,Мелик-Пашаев,4–6 лет,"искусство, путешествия, морские приключения, отношения, волшебство",сказка,177,3,описание: обрезанная аннотация издательства; «почему рекомендуем»: шаблон ×870; автор: имя записано по-разному в разных карточках
https://n-e-n.ru/knigi/kniga/dom-vdali-ot-mira/,Дом вдали от мира,Энния Емельянова,МИФ.Детство,12–17 лет,"дружба, семья, школа, животные, природа, братья и сёстры, детектив","детектив, приключения, юмор",173,3,описание: обрезанная аннотация издательства; «почему рекомендуем»: шаблон ×120; страницы: 3726 — сбой импорта
https://n-e-n.ru/knigi/kniga/dom-dlya-lis/,Дом для лис,Татьяна Руссита,МИФ.Детство,3–6 лет,"семья, животные, природа, взросление, юмор, эмоции",юмор,170,3,описание: обрезанная аннотация издательства; «почему рекомендуем»: шаблон ×870; страницы: 3726 — сбой импорта
https://n-e-n.ru/knigi/kniga/domik-babushki-lizetty/,Домик бабушки Лизетты,Ханс Фишер,Мелик-Пашаев,2–3 лет,"дружба, семья, животные, природа, волшебство",сказка,173,3,описание: обрезанная аннотация издательства; «почему рекомендуем»: шаблон ×656; возраст: «2–3 лет» → «2–3 года»
https://n-e-n.ru/knigi/kniga/domik-u-perehoda/,Домик у перехода,А. Усачёв,АСТ,7–12 лет,животные,реалистическая проза,174,3,описание: обрезанная аннотация издательства; «почему рекомендуем»: шаблон ×870; автор: имя записано по-разному в разных карточках
https://n-e-n.ru/knigi/kniga/doroga-domoy/,Дорога домой,Оливер Джефферс,Поляндрия,3–7 лет,"дружба, искусство, путешествия, приключения, эмоции",реалистическая проза,180,3,описание: обрезанная аннотация издательства; «почему рекомендуем»: шаблон ×870; автор: фамилия перед именем
https://n-e-n.ru/knigi/kniga/drakony-nalsary-kniga-tayn/,Драконы Нальсары. Книга тайн,"Дельваль, Мари-Элен; Эртель Пьер",Clever,7–10 лет,"дружба, семья, животные, история, искусство, братья и сёстры","фэнтези, детектив, приключения",174,3,описание: обрезанная аннотация издательства; «почему рекомендуем»: шаблон ×669; автор: имя записано по-разному в разных карточках
https://n-e-n.ru/knigi/kniga/drevnyaya-gretsiya/,Древняя Греция,Доминик Жоли,Мелик-Пашаев,7–14 лет,"история, волшебство",реалистическая проза,174,3,описание: обрезанная аннотация издательства; «почему рекомендуем»: шаблон ×656; «почему рекомендуем»: «о» вместо «об»
https://n-e-n.ru/knigi/kniga/dremery-kn-1-izgnanniki-zennona/,Дремеры. Кн. 1. Изгнанники Зеннона,Брюс Алина,КомпасГид,9–13 лет,"отношения, приключения","фэнтези, научная фантастика, детектив",176,3,описание: обрезанная аннотация издательства; «почему рекомендуем»: шаблон ×656; «почему рекомендуем»: «о» вместо «об»
https://n-e-n.ru/knigi/kniga/drugie-volery-volonterskie-zapiski-2-e-izd/,Другие вольеры: Волонтерские записки (2-е изд.),Алина Пожарская,КомпасГид,12–17 лет,"животные, взросление",реалистическая проза,177,3,"описание: обрезанная аннотация издательства; «почему рекомендуем»: шаблон ×122; название: данные издания (иллюстратор, номер издания) внутри названия"
https://n-e-n.ru/knigi/kniga/duh-iz-volshebnoy-fleyty-tom-1-kanikuly-s-ekayami/,Дух из волшебной флейты. Том 1. Каникулы с ёкаями,Хиросима Рэйко,МИФ.Детство,7–12 лет,"дружба, семья, животные, природа, мифология, страх","сказка, фэнтези, приключения",174,3,описание: обрезанная аннотация издательства; «почему рекомендуем»: шаблон ×870; страницы: 3726 — сбой импорта
https://n-e-n.ru/knigi/kniga/duh-iz-volshebnoy-fleyty-tom-2/,Дух из волшебной флейты. Том 2,Хиросима Рэйко,МИФ.Детство,7–12 лет,"дружба, семья, школа, животные, природа, страх, смелость","сказка, фэнтези, приключения",175,3,описание: обрезанная аннотация издательства; «почему рекомендуем»: шаблон ×669; страницы: 3726 — сбой импорта
https://n-e-n.ru/knigi/kniga/duh-chernilnitsy/,Дух чернильницы,Анастасия Логинова,МИФ.Детство,7–12 лет,"школа, животные, природа, волшебство, детектив","сказка, детектив",172,3,описание: обрезанная аннотация издательства; «почему рекомендуем»: шаблон ×669; страницы: 3726 — сбой импорта
https://n-e-n.ru/knigi/kniga/edinorog-v-kostyume-dinozavra-skazka-o-tom-kak-vazhno-byt-soboy/,"Единорог в костюме динозавра. Сказка о том, как важно быть собой",Баулина Мария,Clever,3–5 лет,"дружба, школа, животные, природа, экология, эмоции, страх, война, принятие себя, динозавры","сказка, юмор",175,3,описание: обрезанная аннотация издательства; «почему рекомендуем»: шаблон ×669; автор: фамилия перед именем
https://n-e-n.ru/knigi/kniga/enyai-elya-olimpyada-v-volshebnom-lesu/,Еняи еля олимпяда в волшебном лесу,Анна Гончарова,Белый город,7–12 лет,животные,фэнтези,100,3,«почему рекомендуем»: шаблон ×870; автор: имя записано по-разному в разных карточках; нет поля: число страниц
https://n-e-n.ru/knigi/kniga/zhizn-i-priklyucheniya-chudaka-il-a-vlasovoy/,Жизнь и приключения чудака (ил. А. Власовой),Владимир Железников,Эксмо,7–12 лет,"дружба, школа, животные, природа, взросление",приключения,177,3,"описание: обрезанная аннотация издательства; «почему рекомендуем»: шаблон ×656; название: данные издания (иллюстратор, номер издания) внутри названия"
https://n-e-n.ru/knigi/kniga/zhil-na-svete-barsuk/,Жил на свете Барсук,Анна Козунина,МИФ.Детство,3–6 лет,"дружба, семья, школа, животные, природа, братья и сёстры, страх","сказка, фэнтези, приключения",177,3,описание: обрезанная аннотация издательства; «почему рекомендуем»: шаблон ×870; страницы: 3726 — сбой импорта
https://n-e-n.ru/knigi/kniga/zhil-byl-trr/,Жил-был Трр!,Людмила Петрушевская,Мелик-Пашаев,7–10 лет,волшебство,сказка,171,3,описание: обрезанная аннотация издательства; «почему рекомендуем»: шаблон ×870; автор: имя записано по-разному в разных карточках
https://n-e-n.ru/knigi/kniga/zhirafa-i-pelli-i-ya/,"Жирафа, и Пелли, и я",Роальд Даль,Самокат,4–6 лет,"дружба, семья, животные, природа, морские приключения",сказка,179,3,описание: обрезанная аннотация издательства; «почему рекомендуем»: шаблон ×870; автор: имя записано по-разному в разных карточках
https://n-e-n.ru/knigi/kniga/zhozefina-mechtaet-o-druge/,Жозефина мечтает о друге,Юлия Симбирская,МИФ.Детство,7–12 лет,"дружба, животные, природа, взросление",реалистическая проза,174,3,описание: обрезанная аннотация издательства; «почему рекомендуем»: шаблон ×669; страницы: 3726 — сбой импорта
https://n-e-n.ru/knigi/kniga/zhozefina-mechtaet-o-more/,Жозефина мечтает о море,Юлия Симбирская,МИФ.Детство,7–12 лет,"животные, природа, взросление",реалистическая проза,171,3,описание: обрезанная аннотация издательства; «почему рекомендуем»: шаблон ×669; страницы: 3726 — сбой импорта
https://n-e-n.ru/knigi/kniga/zhuzha-i-korovka-zaplyvayut-daleko/,Жужа и Коровка заплывают далеко,Лиза Морони,Самокат,2–3 лет,"дружба, природа, искусство, смелость, творчество",сказка,178,3,описание: обрезанная аннотация издательства; «почему рекомендуем»: шаблон ×870; возраст: «2–3 лет» → «2–3 года»
https://n-e-n.ru/knigi/kniga/zhuzha-i-korovka-spasayut-malyutku/,Жужа и Коровка спасают малютку,Лиза Морони,Самокат,2–3 лет,"дружба, животные, природа, искусство, путешествия, страх, творчество","сказка, фэнтези, приключения, юмор",179,3,описание: обрезанная аннотация издательства; «почему рекомендуем»: шаблон ×870; возраст: «2–3 лет» → «2–3 года»
https://n-e-n.ru/knigi/kniga/zhuzhino-sokrovische/,Жужино сокровище,Лиза Морони,Самокат,2–3 лет,"дружба, животные, природа, искусство, взросление, творчество","сказка, приключения, юмор",177,3,описание: обрезанная аннотация издательства; «почему рекомендуем»: шаблон ×870; возраст: «2–3 лет» → «2–3 года»
https://n-e-n.ru/knigi/kniga/za-gorizontom-dve-povesti/,За горизонтом. Две повести,Ильдимирова Татьяна,КомпасГид,12–17 лет,"дружба, семья, школа, животные, взросление, братья и сёстры, первая любовь",реалистическая проза,172,3,описание: обрезанная аннотация издательства; «почему рекомендуем»: шаблон ×122; автор: фамилия перед именем
https://n-e-n.ru/knigi/kniga/za-gorodom/,За городом,Доро Гёбель,Мелик-Пашаев,2–6 лет,"искусство, волшебство",реалистическая проза,178,3,описание: обрезанная аннотация издательства; «почему рекомендуем»: шаблон ×656; «почему рекомендуем»: «о» вместо «об»
https://n-e-n.ru/knigi/kniga/zagadka-propavshey-kamei/,Загадка пропавшей камеи,Марта Гузовская,МИФ.Детство,7–12 лет,"дружба, семья, природа, история, путешествия, братья и сёстры, детектив",детектив,179,3,описание: обрезанная аннотация издательства; «почему рекомендуем»: шаблон ×870; страницы: 3726 — сбой импорта
https://n-e-n.ru/knigi/kniga/zagadka-sbezhavshego-seyfa-3/,Загадка сбежавшего сейфа (#3),Фрауке Шойнеманн,Эксмо,7–12 лет,"дружба, школа, животные, природа, взросление, эмоции, ответственность, детектив","детектив, приключения, юмор",178,3,описание: обрезанная аннотация издательства; «почему рекомендуем»: шаблон ×656; страницы: 3 — похоже на номер в серии; объём считается неверно
https://n-e-n.ru/knigi/kniga/zagadka-sekretnoy-komnaty-3/,Загадка секретной комнаты (#3),Светлана Кривошлыкова,Эксмо,7–12 лет,"дружба, школа, животные, история, отношения, детектив",детектив,173,3,описание: обрезанная аннотация издательства; «почему рекомендуем»: шаблон ×669; страницы: 3 — похоже на номер в серии; объём считается неверно
https://n-e-n.ru/knigi/kniga/zakon-rakushki/,Закон ракушки,Лариса Романовская,МИФ.Детство,12–17 лет,"дружба, семья, школа, животные, история, эмоции",реалистическая проза,177,3,описание: обрезанная аннотация издательства; «почему рекомендуем»: шаблон ×122; страницы: 3726 — сбой импорта
https://n-e-n.ru/knigi/kniga/zametki-goshi-kunitsyna-uchenika-4-a-klassa-2-e-izd/,"Заметки Гоши Куницына, ученика 4 «А» класса (2-е изд.)",Софья Ремез,КомпасГид,9–13 лет,"семья, школа, юмор, волшебство, братья и сёстры","фэнтези, юмор",175,3,"описание: обрезанная аннотация издательства; «почему рекомендуем»: шаблон ×669; название: данные издания (иллюстратор, номер издания) внутри названия"
https://n-e-n.ru/knigi/kniga/zamok-kolduna-kniga-kvest/,Замок колдуна. Книга-квест,Елена Сорокина,МИФ.Детство,7–12 лет,"дружба, животные, мифология, взросление, волшебство",сказка,179,3,описание: обрезанная аннотация издательства; «почему рекомендуем»: шаблон ×870; страницы: 3726 — сбой импорта
https://n-e-n.ru/knigi/kniga/zamok-s-sekretom-vypusk-7/,Замок с секретом (выпуск 7),Гарриет Манкастер,Эксмо,7–12 лет,"дружба, школа, животные, приключения",приключения,179,3,описание: обрезанная аннотация издательства; «почему рекомендуем»: шаблон ×656; страницы: 7 — похоже на номер в серии; объём считается неверно
https://n-e-n.ru/knigi/kniga/zato-sam-rasskazy-dlya-pervogo-chteniya/,Зато сам! Рассказы для первого чтения,Татьяна Руссита,МИФ.Детство,3–6 лет,"дружба, семья, животные, природа, взросление",реалистическая проза,175,3,описание: обрезанная аннотация издательства; «почему рекомендуем»: шаблон ×870; страницы: 3726 — сбой импорта
https://n-e-n.ru/knigi/kniga/zato-sam-rasskazy-dlya-pervogo-chteniya-2-stupen-6-bukv/,Зато сам! Рассказы для первого чтения. 2 ступень (6 букв),Татьяна Руссита,МИФ.Детство,3–6 лет,"дружба, семья, школа, животные, природа",реалистическая проза,177,3,описание: обрезанная аннотация издательства; «почему рекомендуем»: шаблон ×669; страницы: 3726 — сбой импорта
https://n-e-n.ru/knigi/kniga/zato-sam-rasskazy-dlya-pervogo-chteniya-3-stupen-6-7-bukv/,Зато сам! Рассказы для первого чтения. 3 ступень (6-7 букв),Татьяна Руссита,МИФ.Детство,6–7 лет,"дружба, семья, школа, животные, природа",реалистическая проза,179,3,описание: обрезанная аннотация издательства; «почему рекомендуем»: шаблон ×669; страницы: 3726 — сбой импорта
https://n-e-n.ru/knigi/kniga/zato-sam-rasskazy-dlya-pervogo-chteniya-4-stupen-mnogo-bukv/,Зато сам! Рассказы для первого чтения. 4 ступень (много букв),Татьяна Руссита,МИФ.Детство,3–6 лет,"дружба, семья, школа, животные, природа",реалистическая проза,175,3,описание: обрезанная аннотация издательства; «почему рекомендуем»: шаблон ×870; страницы: 3726 — сбой импорта
https://n-e-n.ru/knigi/kniga/zato-sam-rasskazy-dlya-pervogo-chteniya-kniga-2/,Зато сам! Рассказы для первого чтения. Книга 2,Татьяна Руссита,МИФ.Детство,3–6 лет,"дружба, семья, животные, природа, взросление",реалистическая проза,169,3,описание: обрезанная аннотация издательства; «почему рекомендуем»: шаблон ×669; страницы: 3726 — сбой импорта
https://n-e-n.ru/knigi/kniga/zdravstvuyte-mister-hlad/,"Здравствуйте, мистер Хлад",Карлс Порта,МИФ.Детство,6–8 лет,"дружба, семья, животные, природа, путешествия, страх, творчество","сказка, фэнтези, детектив",179,3,описание: обрезанная аннотация издательства; «почему рекомендуем»: шаблон ×656; страницы: 3726 — сбой импорта
https://n-e-n.ru/knigi/kniga/zimnie-istorii-pro-miru-i-goshu/,Зимние истории про Миру и Гошу,Мария Колкер,МИФ.Детство,7–12 лет,"дружба, семья, животные, природа, взросление",приключения,172,3,описание: обрезанная аннотация издательства; «почему рекомендуем»: шаблон ×669; страницы: 3726 — сбой импорта
https://n-e-n.ru/knigi/kniga/zimnie-priklyucheniya-zhuzhi-i-korovki/,Зимние приключения Жужи и Коровки,Лиза Морони,Самокат,2–3 лет,"дружба, природа, приключения","сказка, приключения, поэзия",179,3,описание: обрезанная аннотация издательства; «почему рекомендуем»: шаблон ×870; возраст: «2–3 лет» → «2–3 года»
https://n-e-n.ru/knigi/kniga/zimove-zverey/,Зимовье зверей,Русская народная сказка,Мелик-Пашаев,2–6 лет,"животные, природа, искусство, волшебство",сказка,177,3,описание: обрезанная аннотация издательства; «почему рекомендуем»: шаблон ×656; автор: имя записано по-разному в разных карточках
https://n-e-n.ru/knigi/kniga/zlaya-kniga-2-novoe-oformlenie/,Злая книга 2 (новое оформление),Магнус Мист,Эксмо,10–13 лет,"животные, природа, история, юмор, волшебство","сказка, фэнтези, научная фантастика",171,3,описание: обрезанная аннотация издательства; «почему рекомендуем»: шаблон ×120; страницы: 2 — похоже на номер в серии; объём считается неверно
https://n-e-n.ru/knigi/kniga/zlodeyskiy-put-tom-7/,Злодейский путь!.. Том 7,Эл Моргот,МИФ.Детство,7–12 лет,"семья, животные, природа, история, мифология, братья и сёстры, эмоции, страх","сказка, фэнтези, приключения",179,3,описание: обрезанная аннотация издательства; «почему рекомендуем»: шаблон ×870; страницы: 3726 — сбой импорта
https://n-e-n.ru/knigi/kniga/znaesh-kak-ya-tebya-lyublyu/,"Знаешь, как я тебя люблю?",Сэм Макбратни,Объединенное гуманитарное издательство,1–5 лет,"семья, отношения",семейная история,87,3,«почему рекомендуем»: шаблон ×37; страницы: 2006 — похоже на год издания; нет поля: ISBN
https://n-e-n.ru/knigi/kniga/zolotaya-bibliotechka-malysha-zaychik-ischet-dom/,Золотая библиотечка малыша. Зайчик ищет дом,Браун Маргарет Уайз,Clever,2–3 лет,"школа, животные, искусство, отношения",реалистическая проза,171,3,описание: обрезанная аннотация издательства; «почему рекомендуем»: шаблон ×669; возраст: «2–3 лет» → «2–3 года»
https://n-e-n.ru/knigi/kniga/zolotaya-klassika-dlya-detey-snezhnaya-koroleva/,Золотая классика для детей. Снежная королева,Андерсен Ханс Кристиан,Clever,5–7 лет,"дружба, семья, школа, детский сад, животные, братья и сёстры","сказка, фэнтези, приключения",176,3,описание: обрезанная аннотация издательства; «почему рекомендуем»: шаблон ×656; автор: имя записано по-разному в разных карточках
https://n-e-n.ru/knigi/kniga/zolotaya-pechatnaya-mashinka/,Золотая печатная машинка,Карстен Хенн,МИФ.Детство,12–17 лет,"семья, животные, взросление, отношения, волшебство","сказка, фэнтези, научная фантастика",179,3,описание: обрезанная аннотация издательства; «почему рекомендуем»: шаблон ×120; страницы: 3726 — сбой импорта
https://n-e-n.ru/knigi/kniga/i-pro-tebya-tam-napisano/,И про тебя там написано,Алина Бронски,КомпасГид,10–15 лет,"животные, взросление, юмор, приключения, смерть","детектив, приключения, юмор",178,3,описание: обрезанная аннотация издательства; «почему рекомендуем»: шаблон ×870; автор: фамилия перед именем
https://n-e-n.ru/knigi/kniga/igraem-uchimsya-razvivaemsya-kiki-otday-sosku/,"Играем. Учимся. Развиваемся. Кики, отдай соску!",Берг ван ден Эстер,Clever,2–3 лет,"семья, животные, искусство, театр, морские приключения",сказка,177,3,описание: обрезанная аннотация издательства; «почему рекомендуем»: шаблон ×656; возраст: «2–3 лет» → «2–3 года»
https://n-e-n.ru/knigi/kniga/igraem-uchimsya-razvivaemsya-kiki-pora-na-gorshok/,"Играем. Учимся. Развиваемся. Кики, пора на горшок!",Берг ван ден Эстер,Clever,2–3 лет,"дружба, школа, животные, природа, искусство","сказка, юмор",176,3,описание: обрезанная аннотация издательства; «почему рекомендуем»: шаблон ×870; возраст: «2–3 лет» → «2–3 года»
https://n-e-n.ru/knigi/kniga/idi-poigray-s-tem-malchikom/,Иди поиграй с тем мальчиком!,Клементина Бове,Самокат,1–10 лет,"школа, искусство, взросление",реалистическая проза,178,3,описание: обрезанная аннотация издательства; «почему рекомендуем»: шаблон ×656; автор: фамилия перед именем
https://n-e-n.ru/knigi/kniga/izumitelnyy-mister-lis/,Изумительный мистер Лис,Роальд Даль,Самокат,4–6 лет,"семья, животные, природа",сказка,173,3,описание: обрезанная аннотация издательства; «почему рекомендуем»: шаблон ×656; автор: имя записано по-разному в разных карточках
https://n-e-n.ru/knigi/kniga/imeninnyy-pirog/,Именинный пирог,Свен Нурдквист,Белая ворона,4–7 лет,"животные, семья, юмор","книжка-картинка, рассказ",110,3,«почему рекомендуем»: шаблон ×26; страницы: 2022 — похоже на год издания; нет поля: ISBN
https://n-e-n.ru/knigi/kniga/imya-dlya-kapitana/,Имя для капитана,Екатерина Шелеметьева,МИФ.Детство,7–12 лет,"дружба, семья, животные, природа, мифология, первая любовь, страх","сказка, приключения, юмор",171,3,описание: обрезанная аннотация издательства; «почему рекомендуем»: шаблон ×669; страницы: 3726 — сбой импорта
https://n-e-n.ru/knigi/kniga/indigo-s-marmeladnoy-ulitsy-i-ee-chudovischnye-pitomtsy/,Индиго с Мармеладной улицы и её чудовищные питомцы,Пиппа Карник,МИФ.Детство,7–12 лет,"семья, животные, природа, путешествия, взросление, братья и сёстры, творчество","сказка, фэнтези, научная фантастика",178,3,описание: обрезанная аннотация издательства; «почему рекомендуем»: шаблон ×656; страницы: 3726 — сбой импорта
https://n-e-n.ru/knigi/kniga/inogda-nuzhno-prosto-udrat/,Иногда нужно просто удрать,Музер Мартин,КомпасГид,9–13 лет,"семья, животные, путешествия, взросление, юмор","приключения, юмор",177,3,описание: обрезанная аннотация издательства; «почему рекомендуем»: шаблон ×656; автор: имя записано по-разному в разных карточках
https://n-e-n.ru/knigi/kniga/interstellar/,Интерстеллар,Кип Торн,МИФ.Детство,7–12 лет,"животные, космос, путешествия, приключения",научная фантастика,172,3,описание: обрезанная аннотация издательства; «почему рекомендуем»: шаблон ×669; страницы: 3726 — сбой импорта
https://n-e-n.ru/knigi/kniga/iskrenne-vash-zhiraf/,"Искренне ваш, Жираф",Мэгуми Иваса,МИФ.Детство,7–12 лет,"дружба, школа, животные, природа, взросление, эмоции, ответственность",юмор,177,3,описание: обрезанная аннотация издательства; «почему рекомендуем»: шаблон ×669; страницы: 3726 — сбой импорта
https://n-e-n.ru/knigi/kniga/istorii-dyadyushki-duba-kniga-1-vstrecha/,Истории Дядюшки Дуба. Книга 1. Встреча,Элен Дрювер,МИФ.Детство,3–6 лет,"семья, школа, животные, природа, история","сказка, фэнтези",180,3,описание: обрезанная аннотация издательства; «почему рекомендуем»: шаблон ×870; страницы: 3726 — сбой импорта
https://n-e-n.ru/knigi/kniga/istorii-dyadyushki-duba-kniga-2-serdtse/,Истории Дядюшки Дуба. Книга 2. Сердце,Маша Судовых,МИФ.Детство,3–6 лет,"дружба, семья, школа, животные, природа, братья и сёстры","сказка, фэнтези",173,3,описание: обрезанная аннотация издательства; «почему рекомендуем»: шаблон ×669; страницы: 3726 — сбой импорта
https://n-e-n.ru/knigi/kniga/istorii-pro-veru-i-anfisu/,Истории про Веру и Анфису,Едуард Успенский,АСТ,6–11 лет,отношения,реалистическая проза,146,3,«почему рекомендуем»: шаблон ×870; автор: опечатка в имени; автор: имя записано по-разному в разных карточках
https://n-e-n.ru/knigi/kniga/istoriya-pobedy-a-zori-zdes-tihie-zavtra-byla-voyna-luchshie-knigi-k-80/,История Победы. А зори здесь тихие. Завтра была война. Лучшие книги к 80-летию победы,Васильев Борис,Clever,12–15 лет,"семья, школа, животные, природа, история, братья и сёстры, первая любовь, война, инклюзия","приключения, историческая проза",177,3,описание: обрезанная аннотация издательства; «почему рекомендуем»: шаблон ×870; автор: фамилия перед именем
https://n-e-n.ru/knigi/kniga/istoriya-pobedy-alpiyskaya-ballada-sotnikov/,История Победы. Альпийская баллада. Сотников,Быков Василь,Clever,12–17 лет,"школа, животные, история, искусство, взросление, первая любовь, страх, смерть, война",историческая проза,177,3,описание: обрезанная аннотация издательства; «почему рекомендуем»: шаблон ×870; автор: фамилия перед именем
https://n-e-n.ru/knigi/kniga/istoriya-o-starike-kulebyakine-plaksivoy-kobyle-mile-i-zherebenke/,"История о старике Кулебякине, плаксивой кобыле Миле и жеребенке Равкине",Людмила Улицкая,Эксмо,7–12 лет,животные,реалистическая проза,141,3,«почему рекомендуем»: шаблон ×669; нет поля: ISBN; нет поля: число страниц
https://n-e-n.ru/knigi/kniga/istoriya-o-tom-kak-anastasiya-spasla-benzhamina/,"История о том, как Анастасия спасла Бенжамина",Карин Норуп,Мелик-Пашаев,2–6 лет,"дружба, животные, юмор, волшебство, приключения",юмор,178,3,описание: обрезанная аннотация издательства; «почему рекомендуем»: шаблон ×656; автор: фамилия перед именем
https://n-e-n.ru/knigi/kniga/istoriya-o-tom-kak-benzhamin-spas-anastasiyu/,"История о том, как Бенжамин спас Анастасию",Карин Норуп,Мелик-Пашаев,2–6 лет,"животные, волшебство",реалистическая проза,180,3,описание: обрезанная аннотация издательства; «почему рекомендуем»: шаблон ×656; автор: фамилия перед именем
https://n-e-n.ru/knigi/kniga/istoriya-pro-vorobya-antverpena-kota-miheeva-stoletnika-vasyu-i/,"История про воробья Антверпена, кота Михеева, столетника Васю и сороконожку Марью Семеновну с семьей",Людмила Улицкая,Эксмо,6–12 лет,животные,реалистическая проза,174,3,описание: обрезанная аннотация издательства; «почему рекомендуем»: шаблон ×656; нет поля: число страниц
https://n-e-n.ru/knigi/kniga/istoriya-pro-kota-ignasiya-trubochista-fedyu-i-odinokuyu-mysh/,"История про кота Игнасия, трубочиста Федю и Одинокую Мышь",Людмила Улицкая,Эксмо,7–12 лет,животные,реалистическая проза,176,3,«почему рекомендуем»: шаблон ×656; нет поля: ISBN; нет поля: число страниц
https://n-e-n.ru/knigi/kniga/yeti-deti-ded-moroz/,"Йети, дети, Дед Мороз",Валентина Дёгтева,МИФ.Детство,7–12 лет,"семья, животные, отношения, юмор, волшебство, первая любовь","сказка, фэнтези, приключения",174,3,описание: обрезанная аннотация издательства; «почему рекомендуем»: шаблон ×669; страницы: 3726 — сбой импорта
https://n-e-n.ru/knigi/kniga/yeti-kamera-motor/,"Йети, камера, мотор!",Валентина Дёгтева,МИФ.Детство,3–6 лет,"семья, животные, космос, отношения, юмор","сказка, фэнтези, детектив",179,3,описание: обрезанная аннотация издательства; «почему рекомендуем»: шаблон ×669; страницы: 3726 — сбой импорта
https://n-e-n.ru/knigi/kniga/k-doske-poydet-vasilkin-7-e-izd/,К доске пойдет… Василькин! (7-е изд.),Виктория Ледерман,КомпасГид,7–12 лет,"семья, школа, животные, юмор, эмоции",юмор,178,3,"описание: обрезанная аннотация издательства; «почему рекомендуем»: шаблон ×669; название: данные издания (иллюстратор, номер издания) внутри названия"
https://n-e-n.ru/knigi/kniga/k-nebesam/,К небесам,Карен Кёлер; Беа Дэвис,Альпина.Дети,12–17 лет,"дружба, семья, животные, космос, искусство",научная фантастика,178,3,описание: обрезанная аннотация издательства; «почему рекомендуем»: шаблон ×120; автор: имя записано по-разному в разных карточках
https://n-e-n.ru/knigi/kniga/kabanenok-kuzya/,Кабаненок Кузя,Элизабет Шоу,Мелик-Пашаев,2–6 лет,"искусство, волшебство",сказка,179,3,описание: обрезанная аннотация издательства; «почему рекомендуем»: шаблон ×656; «почему рекомендуем»: «о» вместо «об»
https://n-e-n.ru/knigi/kniga/kak-gitler-ukral-rozovogo-krolika-2-e-izdanie/,"Как Гитлер украл розового кролика, 2-е издание",Джудит Керр,Белая ворона,12–17 лет,"дружба, семья, школа, животные, творчество",поэзия,171,3,"описание: обрезанная аннотация издательства; «почему рекомендуем»: шаблон ×870; название: данные издания (иллюстратор, номер издания) внутри названия"
https://n-e-n.ru/knigi/kniga/kak-kuzka-domovyat-pomiril/,Как Кузька домовят помирил,Г. Александрова,Стрекоза,6–11 лет,отношения,реалистическая проза,142,3,«почему рекомендуем»: шаблон ×669; «почему рекомендуем»: «о» вместо «об»; автор: имя записано по-разному в разных карточках
https://n-e-n.ru/knigi/kniga/kak-masha-possorilas-s-podushkoy/,Как Маша поссорилась с подушкой,Галина Лебедева,Азбука-Аттикус,7–12 лет,отношения,реалистическая проза,148,3,«почему рекомендуем»: шаблон ×656; «почему рекомендуем»: «о» вместо «об»; нет поля: число страниц
https://n-e-n.ru/knigi/kniga/kak-ustroen-mir-dinozavry/,Как устроен мир? Динозавры,Леду Стефани,Clever,2–4 лет,"семья, школа, животные, история, искусство, динозавры",реалистическая проза,174,3,описание: обрезанная аннотация издательства; «почему рекомендуем»: шаблон ×669; возраст: «2–4 лет» → «2–4 года»
https://n-e-n.ru/knigi/kniga/kak-ustroen-mir-kosmos/,Как устроен мир? Космос,Леду Стефани,Clever,2–4 лет,"семья, школа, животные, космос, экология",научная фантастика,179,3,описание: обрезанная аннотация издательства; «почему рекомендуем»: шаблон ×669; возраст: «2–4 лет» → «2–4 года»
https://n-e-n.ru/knigi/kniga/kak-ustroen-mir-mashiny/,Как устроен мир? Машины,Леду Стефани,Clever,2–4 лет,"семья, школа, животные, экология, искусство",реалистическая проза,179,3,описание: обрезанная аннотация издательства; «почему рекомендуем»: шаблон ×870; возраст: «2–4 лет» → «2–4 года»
https://n-e-n.ru/knigi/kniga/kak-ustroen-mir-ferma/,Как устроен мир? Ферма,Леду Стефани,Clever,2–4 лет,"семья, школа, животные, экология, искусство",реалистическая проза,176,3,описание: обрезанная аннотация издательства; «почему рекомендуем»: шаблон ×870; возраст: «2–4 лет» → «2–4 года»
https://n-e-n.ru/knigi/kniga/kalendar-ma-y-ya/,Календарь ма(й)я,Виктория Ледерман,КомпасГид,10–14 лет,"школа, дружба, история, приключения, фантастика, братья и сёстры","подростковая повесть, фантастика",126,3,«почему рекомендуем»: шаблон ×122; нет поля: ISBN; нет поля: число страниц
https://n-e-n.ru/knigi/kniga/kalle-blumkvist-syschik/,Калле Блумквист — сыщик,Астрид Линдгрен,,9–13 лет,"детектив, дружба, приключения","детектив, приключения, повесть",134,3,«почему рекомендуем»: шаблон ×656; нет поля: издательство; нет поля: ISBN
https://n-e-n.ru/knigi/kniga/kamen-nozhnitsy-bumaga/,"Камень, ножницы, бумага",Инес Гарланд,Самокат,13–15 лет,"дружба, семья, животные, взросление, волшебство",детектив,179,3,описание: обрезанная аннотация издательства; «почему рекомендуем»: шаблон ×120; автор: фамилия перед именем
https://n-e-n.ru/knigi/kniga/karaul-ya-panda/,"Караул, я панда!",Фее Кремер,Мелик-Пашаев,7–14 лет,"семья, животные, юмор, волшебство, братья и сёстры","фэнтези, юмор",174,3,описание: обрезанная аннотация издательства; «почему рекомендуем»: шаблон ×870; автор: имя записано по-разному в разных карточках
https://n-e-n.ru/knigi/kniga/kashtanka-i-drugie-rasskazy-vneklassnoe-chtenie/,Каштанка и другие рассказы (Внеклассное чтение),Екатерина Скворцова,МИФ.Детство,7–12 лет,"школа, животные, природа, взросление, юмор",юмор,179,3,описание: обрезанная аннотация издательства; «почему рекомендуем»: шаблон ×870; страницы: 3726 — сбой импорта
https://n-e-n.ru/knigi/kniga/klan-volkov-1/,Клан волков (#1),Кассандра О’Доннелл,Эксмо,12–17 лет,"семья, животные, природа, история, взросление, братья и сёстры, война","фэнтези, научная фантастика",176,3,описание: обрезанная аннотация издательства; «почему рекомендуем»: шаблон ×120; страницы: 1 — похоже на номер в серии; объём считается неверно
https://n-e-n.ru/knigi/kniga/kniga-maylz/,Книга,Дэвид Майлз,Поляндрия,3–7 лет,"искусство, волшебство",фэнтези,174,3,описание: обрезанная аннотация издательства; «почему рекомендуем»: шаблон ×669; «почему рекомендуем»: «о» вместо «об»
https://n-e-n.ru/knigi/kniga/kniga-s-uklonom/,Книга с уклоном,Питер Ньюэлл,Самокат,4–6 лет,"семья, животные, история, искусство, изобретения, инклюзия, творчество","сказка, юмор, поэзия",179,3,описание: обрезанная аннотация издательства; «почему рекомендуем»: шаблон ×870; автор: фамилия перед именем
https://n-e-n.ru/knigi/kniga/kniga-stihov-dlya-malyshey-polnaya-tachka-chudakov-i-chudachek/,Книга стихов для малышей «Полная тачка чудаков и чудачек»,Весова Юлия,Clever,3–6 лет,"семья, животные, природа, искусство",поэзия,176,3,описание: обрезанная аннотация издательства; «почему рекомендуем»: шаблон ×870; автор: фамилия перед именем
https://n-e-n.ru/knigi/kniga/kniga-perevertysh-bratik-menya-lyubit-sestrenka-menya-lyubit/,Книга-перевертыш. Братик меня любит. Сестрёнка меня любит,Ульева Елена,Clever,3–5 лет,"семья, искусство, братья и сёстры, эмоции",сказка,178,3,описание: обрезанная аннотация издательства; «почему рекомендуем»: шаблон ×656; автор: фамилия перед именем
https://n-e-n.ru/knigi/kniga/kniga-perevertysh-horoshiy-den-plohoy-den/,Книга-перевертыш. Хороший день. Плохой день,Галкина Анастасия,Clever,3–5 лет,"животные, искусство, взросление, эмоции",реалистическая проза,179,3,описание: обрезанная аннотация издательства; «почему рекомендуем»: шаблон ×656; автор: фамилия перед именем
https://n-e-n.ru/knigi/kniga/knizhki-kartinki-myagkaya-oblozhka-voshititelnyy-mister-kus-kus/,Книжки-картинки (мягкая обложка). Восхитительный мистер Кусь-Кусь,Фельдман Елена,Clever,3–5 лет,"семья, животные, природа, космос, искусство, братья и сёстры","сказка, приключения, поэзия",175,3,описание: обрезанная аннотация издательства; «почему рекомендуем»: шаблон ×669; автор: фамилия перед именем
https://n-e-n.ru/knigi/kniga/knizhki-kartinki-myagkaya-oblozhka-kak-medved-i-svinka-podruzhilis/,Книжки-картинки (мягкая обложка). Как медведь и свинка подружились,Мерсмейер Улла,Clever,4–6 лет,"дружба, семья, животные, искусство, взросление, эмоции, страх, смелость","сказка, приключения, юмор",179,3,описание: обрезанная аннотация издательства; «почему рекомендуем»: шаблон ×870; автор: фамилия перед именем
https://n-e-n.ru/knigi/kniga/knizhki-kartinki-myagkaya-oblozhka-kak-medved-i-svinka-uchilis-delitsya/,Книжки-картинки (мягкая обложка). Как медведь и свинка учились делиться,Мерсмейер Улла,Clever,4–6 лет,"дружба, семья, животные, искусство, путешествия, братья и сёстры, эмоции","сказка, приключения, юмор",179,3,описание: обрезанная аннотация издательства; «почему рекомендуем»: шаблон ×669; автор: фамилия перед именем
https://n-e-n.ru/knigi/kniga/knizhki-kartinki-myagkaya-oblozhka-kroshka-vendi-i-dom-na-dereve/,Книжки-картинки (мягкая обложка). Крошка Венди и дом на дереве,Ричардсон Стив,Clever,4–6 лет,"дружба, семья, школа, животные, природа, фантастика","научная фантастика, приключения",177,3,описание: обрезанная аннотация издательства; «почему рекомендуем»: шаблон ×669; автор: имя записано по-разному в разных карточках
https://n-e-n.ru/knigi/kniga/knizhki-kartinki-myagkaya-oblozhka-luchshaya-skazka-na-noch-dlya/,Книжки-картинки (мягкая обложка). Лучшая сказка на ночь для Зайчонка,Кордерой Трейси,Clever,3–5 лет,"семья, животные, искусство, взросление","сказка, семейная история",178,3,описание: обрезанная аннотация издательства; «почему рекомендуем»: шаблон ×669; автор: имя записано по-разному в разных карточках
https://n-e-n.ru/knigi/kniga/knizhki-kartinki-myagkaya-oblozhka-ne-hochu-ne-budu-spat/,"Книжки-картинки (мягкая обложка). Не хочу, не буду спать",Оттеншлегер Мадлен,Clever,3–5 лет,"семья, школа, животные, искусство, взросление, братья и сёстры, творчество","юмор, поэзия",175,3,описание: обрезанная аннотация издательства; «почему рекомендуем»: шаблон ×669; автор: фамилия перед именем
https://n-e-n.ru/knigi/kniga/knizhki-kartinki-myagkaya-oblozhka-samaya-sonnaya-knizhka/,Книжки-картинки (мягкая обложка). Самая сонная книжка,Фельдман Елена,Clever,2–5 лет,"семья, животные, искусство, путешествия, приключения, братья и сёстры","сказка, приключения, поэзия",175,3,описание: обрезанная аннотация издательства; «почему рекомендуем»: шаблон ×870; автор: фамилия перед именем
https://n-e-n.ru/knigi/kniga/knizhki-kartinki-myagkaya-oblozhka-temnoy-temnoy-nochyu/,"Книжки-картинки (мягкая обложка). Тёмной, тёмной ночью...",Батлер М. Кристина,Clever,3–5 лет,"дружба, семья, животные, искусство, братья и сёстры, страх",реалистическая проза,179,3,описание: обрезанная аннотация издательства; «почему рекомендуем»: шаблон ×656; автор: имя записано по-разному в разных карточках
https://n-e-n.ru/knigi/kniga/knizhki-kartinki-myagkaya-oblozhka-chto-delayut-mama-i-papa-kogda-ya/,"Книжки-картинки (мягкая обложка). Что делают мама и папа, когда я сплю?",Войцеховский Борис,Clever,2–5 лет,"семья, искусство, юмор",юмор,174,3,описание: обрезанная аннотация издательства; «почему рекомендуем»: шаблон ×870; автор: фамилия перед именем
https://n-e-n.ru/knigi/kniga/knizhki-kartinki-myagkaya-oblozhka-chur-medvedya-ne-budit/,"Книжки-картинки (мягкая обложка). Чур, медведя не будить!",Смолмен Стив,Clever,3–5 лет,"дружба, животные, природа, искусство, юмор, эмоции, страх",юмор,176,3,описание: обрезанная аннотация издательства; «почему рекомендуем»: шаблон ×656; автор: имя записано по-разному в разных карточках
https://n-e-n.ru/knigi/kniga/knizhki-kartinki-s-nakleykami-kotenok-shmyak-i-bibliotechnaya-knizhka/,Книжки-картинки с наклейками. Котенок Шмяк и библиотечная книжка. Книжка с наклейками,Скоттон Роб,Clever,2–4 лет,"семья, животные, искусство, путешествия, братья и сёстры",сказка,177,3,описание: обрезанная аннотация издательства; «почему рекомендуем»: шаблон ×656; возраст: «2–4 лет» → «2–4 года»
https://n-e-n.ru/knigi/kniga/knizhki-kartinki-s-nakleykami-kotenok-shmyak-i-bolshaya-tykva/,Книжки-картинки с наклейками. Котенок Шмяк и большая тыква,Скоттон Роб,Clever,2–4 лет,"семья, животные, искусство, юмор, братья и сёстры",юмор,178,3,описание: обрезанная аннотация издательства; «почему рекомендуем»: шаблон ×669; возраст: «2–4 лет» → «2–4 года»
https://n-e-n.ru/knigi/kniga/knizhki-kartinki-s-nakleykami-kotenok-shmyak-prezident-knizhka-s/,Книжки-картинки с наклейками. Котёнок Шмяк — президент. Книжка с наклейками,Скоттон Роб,Clever,2–4 лет,"семья, школа, животные, искусство, путешествия, братья и сёстры","сказка, приключения",180,3,описание: обрезанная аннотация издательства; «почему рекомендуем»: шаблон ×669; возраст: «2–4 лет» → «2–4 года»
https://n-e-n.ru/knigi/kniga/knizhki-kartinki-s-nakleykami-shmyak-i-letnie-kanikuly-knizhka-s/,Книжки-картинки с наклейками. Шмяк и летние каникулы. Книжка с наклейками,Скоттон Роб,Clever,2–4 лет,"семья, школа, животные, космос, искусство, братья и сёстры","сказка, научная фантастика, семейная история",180,3,описание: обрезанная аннотация издательства; «почему рекомендуем»: шаблон ×870; возраст: «2–4 лет» → «2–4 года»
https://n-e-n.ru/knigi/kniga/knizhki-kartinki-s-nakleykami-shmyak-i-pingviny-knizhka-s-nakleykami/,Книжки-картинки с наклейками. Шмяк и пингвины. Книжка с наклейками,Скоттон Роб,Clever,2–4 лет,"дружба, семья, школа, животные, искусство","сказка, приключения, юмор",178,3,описание: обрезанная аннотация издательства; «почему рекомендуем»: шаблон ×656; возраст: «2–4 лет» → «2–4 года»
https://n-e-n.ru/knigi/kniga/knizhki-kartinki-s-nakleykami-shmyak-i-rybki-knizhka-s-nakleykami/,Книжки-картинки с наклейками. Шмяк и рыбки. Книжка с наклейками,Скоттон Роб,Clever,2–4 лет,"школа, животные, природа, искусство, путешествия, эмоции","сказка, юмор",174,3,описание: обрезанная аннотация издательства; «почему рекомендуем»: шаблон ×656; возраст: «2–4 лет» → «2–4 года»
https://n-e-n.ru/knigi/kniga/knizhki-kartinki-s-nakleykami-shmyak-uchitsya-plavat-knizhka-s/,Книжки-картинки с наклейками. Шмяк учится плавать. Книжка с наклейками,Скоттон Роб,Clever,2–4 лет,"семья, школа, животные, искусство, путешествия, братья и сёстры","сказка, приключения",174,3,описание: обрезанная аннотация издательства; «почему рекомендуем»: шаблон ×870; возраст: «2–4 лет» → «2–4 года»
https://n-e-n.ru/knigi/kniga/knizhki-kartinki-ezhik-i-snezhnaya-zima/,Книжки-картинки. Ёжик и снежная зима,Ульева Елена,Clever,2–5 лет,"дружба, семья, школа, детский сад, животные, братья и сёстры, страх",сказка,179,3,описание: обрезанная аннотация издательства; «почему рекомендуем»: шаблон ×656; автор: фамилия перед именем
https://n-e-n.ru/knigi/kniga/knizhki-kartinki-ezhik-sladkih-snov/,"Книжки-картинки. Ёжик, сладких снов!",Ульева Елена,Clever,2–5 лет,"семья, животные, природа, искусство, братья и сёстры",сказка,180,3,описание: обрезанная аннотация издательства; «почему рекомендуем»: шаблон ×656; автор: фамилия перед именем
https://n-e-n.ru/knigi/kniga/knizhki-kartinki-buka-i-schenok-perepoloh-v-sobachey-shkole/,Книжки-картинки. Бука и щенок. Переполох в собачьей школе,Сальзано Тамми,Clever,6–6 лет,"школа, искусство, приключения",приключения,177,3,описание: обрезанная аннотация издательства; «почему рекомендуем»: шаблон ×656; возраст: вырожденный диапазон 6–6 лет
https://n-e-n.ru/knigi/kniga/knizhki-kartinki-v-strane-snezhnyh-chudes/,Книжки-картинки. В стране снежных чудес,Фридман Клэр,Clever,3–5 лет,"семья, животные, природа, экология, искусство","приключения, юмор",179,3,описание: обрезанная аннотация издательства; «почему рекомендуем»: шаблон ×870; автор: фамилия перед именем
https://n-e-n.ru/knigi/kniga/knizhki-kartinki-vazhnyy-den-malyshki-myshki/,Книжки-картинки. Важный день малышки Мышки,Шёнвальд Софи,Clever,2–5 лет,"дружба, животные, природа, искусство","сказка, поэзия, семейная история",175,3,описание: обрезанная аннотация издательства; «почему рекомендуем»: шаблон ×656; автор: имя записано по-разному в разных карточках
https://n-e-n.ru/knigi/kniga/knizhki-kartinki-volshebnoe-pismo-dedu-morozu/,Книжки-картинки. Волшебное письмо Деду Морозу,Ульева Елена,Clever,3–5 лет,"семья, школа, детский сад, животные, природа, творчество","фэнтези, детектив, приключения",180,3,описание: обрезанная аннотация издательства; «почему рекомендуем»: шаблон ×870; автор: фамилия перед именем
https://n-e-n.ru/knigi/kniga/knizhki-kartinki-vorchlivyy-medved-i-novyy-god/,Книжки-картинки. Ворчливый медведь и Новый год,Маудер Катарина,Clever,3–5 лет,"дружба, семья, школа, животные, природа","сказка, фэнтези, юмор",180,3,описание: обрезанная аннотация издательства; «почему рекомендуем»: шаблон ×669; автор: имя записано по-разному в разных карточках
https://n-e-n.ru/knigi/kniga/knizhki-kartinki-ezhik-igor-nedovolen/,Книжки-картинки. Ежик Игорь недоволен,Райтмейер Андреа,Clever,3–5 лет,"семья, природа, искусство",сказка,179,3,описание: обрезанная аннотация издательства; «почему рекомендуем»: шаблон ×669; автор: фамилия перед именем
https://n-e-n.ru/knigi/kniga/knizhki-kartinki-zasypatelnye-skazki-na-kazhdyy-den/,Книжки-картинки. Засыпательные сказки на каждый день,Фельдман Елена,Clever,2–5 лет,"семья, животные, космос, искусство, отношения","сказка, фэнтези",178,3,описание: обрезанная аннотация издательства; «почему рекомендуем»: шаблон ×656; автор: фамилия перед именем
https://n-e-n.ru/knigi/kniga/knizhki-kartinki-kazhdyy-iz-nas-chudo/,Книжки-картинки. Каждый из нас чудо!,Чапмен Джейн,Clever,2–4 лет,"дружба, животные, искусство, путешествия, волшебство, эмоции","сказка, фэнтези",179,3,описание: обрезанная аннотация издательства; «почему рекомендуем»: шаблон ×656; возраст: «2–4 лет» → «2–4 года»
https://n-e-n.ru/knigi/kniga/knizhki-kartinki-kak-medved-i-svinka-podruzhilis/,Книжки-картинки. Как Медведь и Свинка подружились,Мерсмейер Улла,Clever,4–6 лет,"дружба, семья, животные, искусство, взросление, эмоции, страх, смелость","сказка, приключения, юмор",176,3,описание: обрезанная аннотация издательства; «почему рекомендуем»: шаблон ×870; автор: фамилия перед именем
https://n-e-n.ru/knigi/kniga/knizhki-kartinki-kak-medved-i-svinka-uchilis-delitsya/,Книжки-картинки. Как Медведь и Свинка учились делиться,Мерсмейер Улла,Clever,4–6 лет,"дружба, семья, животные, природа, искусство, эмоции","сказка, приключения, юмор",180,3,описание: обрезанная аннотация издательства; «почему рекомендуем»: шаблон ×656; автор: фамилия перед именем
https://n-e-n.ru/knigi/kniga/knizhki-kartinki-krotik-i-sekret-druzhby/,Книжки-картинки. Кротик и секрет дружбы,Чапмен Джейн,Clever,2–4 лет,"дружба, семья, животные, природа, искусство",сказка,180,3,описание: обрезанная аннотация издательства; «почему рекомендуем»: шаблон ×669; возраст: «2–4 лет» → «2–4 года»
https://n-e-n.ru/knigi/kniga/knizhki-kartinki-kroshka-vendi-i-dom-na-dereve-podarochnoe-izdanie/,Книжки-картинки. Крошка Венди и дом на дереве. Подарочное издание,Ричардсон Стив,Clever,4–6 лет,"дружба, семья, школа, животные, природа, фантастика","сказка, фэнтези, научная фантастика",168,3,описание: обрезанная аннотация издательства; «почему рекомендуем»: шаблон ×669; автор: имя записано по-разному в разных карточках
https://n-e-n.ru/knigi/kniga/knizhki-kartinki-kto-zevnul-tot-proigral/,"Книжки-картинки. Кто зевнул, тот проиграл!",Шютце Андреа,Clever,3–5 лет,"семья, животные, искусство, спорт, юмор","сказка, юмор, поэзия",176,3,описание: обрезанная аннотация издательства; «почему рекомендуем»: шаблон ×669; автор: имя записано по-разному в разных карточках
https://n-e-n.ru/knigi/kniga/knizhki-kartinki-kto-ukral-novyy-god/,Книжки-картинки. Кто украл Новый год?,Батлер М. Кристина,Clever,3–5 лет,"дружба, животные, природа, искусство, взросление","сказка, фэнтези",178,3,описание: обрезанная аннотация издательства; «почему рекомендуем»: шаблон ×669; автор: имя записано по-разному в разных карточках
https://n-e-n.ru/knigi/kniga/knizhki-kartinki-kuda-ischezla-rechka/,Книжки-картинки. Куда исчезла речка?,Райтмейер Андреа,Clever,3–5 лет,"дружба, животные, природа, искусство, приключения",приключения,175,3,описание: обрезанная аннотация издательства; «почему рекомендуем»: шаблон ×656; автор: фамилия перед именем
https://n-e-n.ru/knigi/kniga/knizhki-kartinki-luchshaya-skazka-na-noch-dlya-zaychonka/,Книжки-картинки. Лучшая сказка на ночь для Зайчонка,Кордерой Трейси,Clever,3–5 лет,"семья, животные, искусство, взросление","сказка, семейная история",178,3,описание: обрезанная аннотация издательства; «почему рекомендуем»: шаблон ×870; автор: имя записано по-разному в разных карточках
https://n-e-n.ru/knigi/kniga/knizhki-kartinki-malyshka-pyshka-i-testotryasenie/,Книжки-картинки. Малышка Пышка и тестотрясение,Русинова Евгения,Clever,3–6 лет,"животные, искусство, приключения",реалистическая проза,176,3,описание: обрезанная аннотация издательства; «почему рекомендуем»: шаблон ×870; автор: фамилия перед именем
https://n-e-n.ru/knigi/kniga/knizhki-kartinki-modnyy-ded-moroz/,Книжки-картинки. Модный Дед Мороз,Русинова Евгения,Clever,3–5 лет,"семья, животные, искусство, юмор, волшебство","сказка, фэнтези, юмор",175,3,описание: обрезанная аннотация издательства; «почему рекомендуем»: шаблон ×669; автор: фамилия перед именем
https://n-e-n.ru/knigi/kniga/knizhki-kartinki-moy-lyubimyy-medvezhonok/,Книжки-картинки. Мой любимый медвежонок,МакГи Марни,Clever,2–4 лет,"семья, животные, искусство",сказка,175,3,описание: обрезанная аннотация издательства; «почему рекомендуем»: шаблон ×870; возраст: «2–4 лет» → «2–4 года»
https://n-e-n.ru/knigi/kniga/knizhki-kartinki-ne-hochu-ne-budu-spat/,"Книжки-картинки. Не хочу, не буду спать!",Оттеншлегер Мадлен,Clever,3–5 лет,"семья, искусство, юмор",юмор,172,3,описание: обрезанная аннотация издательства; «почему рекомендуем»: шаблон ×669; автор: фамилия перед именем
https://n-e-n.ru/knigi/kniga/knizhki-kartinki-novyy-dom-na-novyy-god/,Книжки-картинки. Новый дом на новый год,Фишер Ульрика,Clever,4–6 лет,"дружба, семья, космос, искусство, отношения",реалистическая проза,180,3,описание: обрезанная аннотация издательства; «почему рекомендуем»: шаблон ×656; автор: фамилия перед именем
https://n-e-n.ru/knigi/kniga/knizhki-kartinki-pochemu-serdit-manul/,Книжки-картинки. Почему сердит манул?,Фельдман Елена,Clever,3–5 лет,"животные, искусство, юмор","юмор, поэзия",170,3,описание: обрезанная аннотация издательства; «почему рекомендуем»: шаблон ×870; автор: фамилия перед именем
https://n-e-n.ru/knigi/kniga/knizhki-kartinki-samyy-luchshiy-drug-norbert/,Книжки-картинки. Самый лучший друг!,Ланда Норберт,Clever,2–4 лет,"дружба, семья, животные, природа, искусство",сказка,178,3,описание: обрезанная аннотация издательства; «почему рекомендуем»: шаблон ×656; возраст: «2–4 лет» → «2–4 года»
https://n-e-n.ru/knigi/kniga/knizhki-kartinki-sladkih-snov-malyshka-myshka/,"Книжки-картинки. Сладких снов, малышка мышка!",Шёнвальд Софи,Clever,3–5 лет,"школа, детский сад, искусство, взросление, приключения","сказка, приключения, поэзия",176,3,описание: обрезанная аннотация издательства; «почему рекомендуем»: шаблон ×669; автор: имя записано по-разному в разных карточках
https://n-e-n.ru/knigi/kniga/knizhki-kartinki-sladkih-snov-moy-malysh/,"Книжки-картинки. Сладких снов, мой малыш!",Джордан-Лейк Джой,Clever,2–4 лет,"животные, искусство, отношения, эмоции",поэзия,167,3,описание: обрезанная аннотация издательства; «почему рекомендуем»: шаблон ×669; возраст: «2–4 лет» → «2–4 года»
https://n-e-n.ru/knigi/kniga/knizhki-kartinki-sonnye-skazki-na-novyy-god/,Книжки-картинки. Сонные сказки на Новый год,Фельдман Елена,Clever,3–5 лет,"семья, животные, природа, искусство, музыка","сказка, фэнтези, приключения",179,3,описание: обрезанная аннотация издательства; «почему рекомендуем»: шаблон ×669; автор: фамилия перед именем
https://n-e-n.ru/knigi/kniga/knizhki-kartinki-sonnyy-avtobus/,Книжки-картинки. Сонный автобус,Ньюсон Карл,Clever,3–5 лет,"семья, животные, искусство, путешествия, волшебство","сказка, фэнтези, поэзия",180,3,описание: обрезанная аннотация издательства; «почему рекомендуем»: шаблон ×669; автор: имя записано по-разному в разных карточках
https://n-e-n.ru/knigi/kniga/knizhki-kartinki-schastlivaya-zvezda/,Книжки-картинки. Счастливая звезда,Батлер М. Кристина,Clever,3–5 лет,"дружба, животные, космос, искусство, взросление","сказка, фэнтези, приключения",178,3,описание: обрезанная аннотация издательства; «почему рекомендуем»: шаблон ×870; автор: имя записано по-разному в разных карточках
https://n-e-n.ru/knigi/kniga/knizhki-kartinki-tvoya-lyubov-vsegda-so-mnoy/,Книжки-картинки. Твоя любовь всегда со мной,Фельдман Елена,Clever,2–5 лет,"семья, животные, искусство, взросление, отношения, эмоции","сказка, приключения",173,3,описание: обрезанная аннотация издательства; «почему рекомендуем»: шаблон ×669; автор: фамилия перед именем
https://n-e-n.ru/knigi/kniga/knizhki-kartinki-temnoy-temnoy-nochyu/,"Книжки-картинки. Тёмной, тёмной ночью",Батлер М. Кристина,Clever,3–5 лет,"дружба, семья, животные, искусство, братья и сёстры, страх",сказка,179,3,описание: обрезанная аннотация издательства; «почему рекомендуем»: шаблон ×656; автор: имя записано по-разному в разных карточках
https://n-e-n.ru/knigi/kniga/knizhki-kartinki-hochu-byt-tigrom/,Книжки-картинки. Хочу быть тигром,Фельдман Елена,Clever,3–5 лет,"дружба, животные, экология, искусство, взросление, творчество","фэнтези, приключения",176,3,описание: обрезанная аннотация издательства; «почему рекомендуем»: шаблон ×669; автор: фамилия перед именем
https://n-e-n.ru/knigi/kniga/knizhki-kartinki-chudische-kapitan-i-rozovyy-kit/,"Книжки-картинки. Чудище, капитан и розовый кит",Войцеховский Борис,Clever,4–6 лет,"животные, экология, искусство, путешествия, отношения",реалистическая проза,179,3,описание: обрезанная аннотация издательства; «почему рекомендуем»: шаблон ×669; автор: фамилия перед именем
https://n-e-n.ru/knigi/kniga/knizhki-kartinki-chur-medvedya-ne-budit/,"Книжки-картинки. Чур, медведя не будить!",Смолмен Стив,Clever,3–5 лет,"дружба, животные, искусство, юмор, приключения, страх",юмор,174,3,описание: обрезанная аннотация издательства; «почему рекомендуем»: шаблон ×870; автор: имя записано по-разному в разных карточках
https://n-e-n.ru/knigi/kniga/knizhki-kartinki-eto-moe/,Книжки-картинки. Это моё!,Кордейрой Трейси,Clever,3–5 лет,"дружба, семья, животные, искусство, взросление","сказка, приключения, юмор",176,3,описание: обрезанная аннотация издательства; «почему рекомендуем»: шаблон ×870; автор: имя записано по-разному в разных карточках
https://n-e-n.ru/knigi/kniga/knizhki-kartinki-etti-petti-i-uyutnyy-besporyadok/,Книжки-картинки. Этти Петти и уютный беспорядок,Леменкюлер Лисса,Clever,3–5 лет,"дружба, животные, космос, искусство, морские приключения","сказка, юмор",179,3,описание: обрезанная аннотация издательства; «почему рекомендуем»: шаблон ×656; автор: фамилия перед именем
https://n-e-n.ru/knigi/kniga/knizhki-kartinki-ya-ne-vorchunya/,Книжки-картинки. Я не ворчунья!,Смолмен Стив,Clever,3–5 лет,"дружба, семья, животные, природа, искусство",сказка,174,3,описание: обрезанная аннотация издательства; «почему рекомендуем»: шаблон ×656; автор: имя записано по-разному в разных карточках
https://n-e-n.ru/knigi/kniga/knizhki-kartinki-ya-uzhe-bolshaya/,Книжки-картинки. Я уже большая!,Стигалл Хезер Пирс,Clever,3–5 лет,"семья, искусство, взросление",реалистическая проза,179,3,описание: обрезанная аннотация издательства; «почему рекомендуем»: шаблон ×870; автор: имя записано по-разному в разных карточках
https://n-e-n.ru/knigi/kniga/knizhnyy-les/,Книжный лес,Тан Сулань,МИФ.Детство,7–12 лет,"животные, природа, волшебство, доброта","сказка, фэнтези",179,3,описание: обрезанная аннотация издательства; «почему рекомендуем»: шаблон ×669; страницы: 3726 — сбой импорта
https://n-e-n.ru/knigi/kniga/kogo-by-sest/,Кого бы съесть?,Клэр Фридман,Мелик-Пашаев,2–6 лет,"искусство, театр, взросление, юмор, волшебство, эмоции",юмор,169,3,описание: обрезанная аннотация издательства; «почему рекомендуем»: шаблон ×669; «почему рекомендуем»: «о» вместо «об»
https://n-e-n.ru/knigi/kniga/kod-elektry/,Код Электры,Мария Энгстранд,КомпасГид,10–17 лет,"отношения, приключения, первая любовь, детектив","детектив, приключения",171,3,описание: обрезанная аннотация издательства; «почему рекомендуем»: шаблон ×122; «почему рекомендуем»: «о» вместо «об»
https://n-e-n.ru/knigi/kniga/kollektsiya-pushistyh-istoriy-gav-tri-istorii-pro-schenyat/,Коллекция пушистых историй. Гав! Три истории про щенят,Ульева Елена,Clever,6–9 лет,"дружба, семья, школа, животные, искусство",реалистическая проза,178,3,описание: обрезанная аннотация издательства; «почему рекомендуем»: шаблон ×870; автор: фамилия перед именем
https://n-e-n.ru/knigi/kniga/kollektsiya-pushistyh-istoriy-myau-tri-istorii-pro-kotyat/,Коллекция пушистых историй. Мяу! Три истории про котят,Ульева Елена,Clever,6–9 лет,"дружба, семья, школа, животные, искусство",приключения,180,3,описание: обрезанная аннотация издательства; «почему рекомендуем»: шаблон ×656; автор: фамилия перед именем
https://n-e-n.ru/knigi/kniga/kolya-v-tretyakovskoy-galeree/,Коля в Третьяковской галерее,Юлия Кузнецова,Архипелаг,4–10 лет,отношения,реалистическая проза,100,3,«почему рекомендуем»: шаблон ×669; «почему рекомендуем»: «о» вместо «об»; автор: имя записано по-разному в разных карточках
https://n-e-n.ru/knigi/kniga/kolya-i-masiandr-stroyat-lift/,Коля и Масиандр строят лифт,Мартова Нелли,Clever,6–8 лет,"дружба, семья, животные, космос, искусство, братья и сёстры, творчество, фантастика","фэнтези, приключения, юмор",171,3,описание: обрезанная аннотация издательства; «почему рекомендуем»: шаблон ×870; автор: фамилия перед именем
https://n-e-n.ru/knigi/kniga/kolya-i-masiandr-pervyy-sneg/,Коля и Масиандр. Первый снег,Мартова Нелли,Clever,6–8 лет,"дружба, животные, космос, искусство, юмор, фантастика",юмор,176,3,описание: обрезанная аннотация издательства; «почему рекомендуем»: шаблон ×669; автор: фамилия перед именем
https://n-e-n.ru/knigi/kniga/komiks-sestry-kolduni-magiya-prevrascheniya/,Комикс. Сёстры-колдуньи. Магия превращения,Пико Том,Clever,6–9 лет,"семья, школа, животные, искусство, путешествия, братья и сёстры","фэнтези, приключения, юмор",177,3,описание: обрезанная аннотация издательства; «почему рекомендуем»: шаблон ×669; автор: фамилия перед именем
https://n-e-n.ru/knigi/kniga/komissar-gordon-delo-dlya-zhabi/,Комиссар Гордон. Дело для Жаби,Ульф Нильсон,Самокат,4–6 лет,"семья, школа, природа, история, изобретения, творчество, детектив","сказка, детектив",170,3,описание: обрезанная аннотация издательства; «почему рекомендуем»: шаблон ×669; автор: имя записано по-разному в разных карточках
https://n-e-n.ru/knigi/kniga/komissar-gordon-esche-odno-deltse/,Комиссар Гордон. Ещё одно дельце,Ульф Нильсон,Самокат,4–6 лет,"дружба, семья, юмор, детектив","сказка, детектив, юмор",177,3,описание: обрезанная аннотация издательства; «почему рекомендуем»: шаблон ×669; автор: имя записано по-разному в разных карточках
https://n-e-n.ru/knigi/kniga/komissar-gordon-pervyy-sluchay/,Комиссар Гордон. Первый случай,Ульф Нильсон,Самокат,6–9 лет,"детектив, животные, дружба","детектив, повесть",93,3,«почему рекомендуем»: шаблон ×669; автор: имя записано по-разному в разных карточках; нет поля: ISBN
https://n-e-n.ru/knigi/kniga/komissar-gordon-poslednee-delo/,Комиссар Гордон. Последнее дело?,Ульф Нильсон,Самокат,4–6 лет,"школа, детский сад, животные, природа, искусство","сказка, юмор",177,3,описание: обрезанная аннотация издательства; «почему рекомендуем»: шаблон ×870; автор: имя записано по-разному в разных карточках
https://n-e-n.ru/knigi/kniga/komplekt-malenkiy-prints/,Комплект «Маленький принц»,Максим Ильяхов,Альпина.Дети,6–11 лет,"дружба, семья, животные, искусство, взросление, страх",юмор,178,3,описание: обрезанная аннотация издательства; «почему рекомендуем»: шаблон ×669; нет поля: число страниц
https://n-e-n.ru/knigi/kniga/korolevishny-3kolbaski/,Королевишны #3Колбаски,Клементина Бове,Самокат,13–15 лет,"школа, животные, природа, путешествия, взросление, буллинг, эмоции, страх, принятие себя, ответственность","сказка, юмор, поэзия",178,3,описание: обрезанная аннотация издательства; «почему рекомендуем»: шаблон ×120; автор: фамилия перед именем
https://n-e-n.ru/knigi/kniga/korol-volk-4/,Король-волк (#4),Эндрю Питерсон,Эксмо,7–12 лет,"семья, животные, взросление, приключения","фэнтези, научная фантастика, детектив",180,3,описание: обрезанная аннотация издательства; «почему рекомендуем»: шаблон ×656; страницы: 4 — похоже на номер в серии; объём считается неверно
https://n-e-n.ru/knigi/kniga/kotenok-arli-ili-pushistyy-pozharnyy-vypusk-48/,"Котенок Арли, или Пушистый пожарный (выпуск 48)",Холли Вебб,Эксмо,6–9 лет,"дружба, семья, школа, животные, природа, страх, детектив","детектив, приключения",177,3,описание: обрезанная аннотация издательства; «почему рекомендуем»: шаблон ×669; автор: имя записано по-разному в разных карточках
https://n-e-n.ru/knigi/kniga/kotenok-billi-ili-hrupkie-lapki-vypusk-53/,"Котенок Билли, или Хрупкие лапки (выпуск 53)",Холли Вебб,Эксмо,6–9 лет,"дружба, семья, животные, природа, взросление, детектив","детектив, приключения",179,3,описание: обрезанная аннотация издательства; «почему рекомендуем»: шаблон ×656; автор: имя записано по-разному в разных карточках
https://n-e-n.ru/knigi/kniga/kotenok-businka-ili-drug-s-zheleznoy-dorogi-vypusk-49/,"Котенок Бусинка, или Друг с железной дороги (выпуск 49)",Холли Вебб,Эксмо,6–9 лет,"дружба, школа, животные, природа, путешествия, детектив","детектив, приключения",176,3,описание: обрезанная аннотация издательства; «почему рекомендуем»: шаблон ×870; автор: имя записано по-разному в разных карточках
https://n-e-n.ru/knigi/kniga/kotenok-zaplatka-ili-obretennyy-dom-vypusk-47/,"Котенок Заплатка, или Обретенный дом (выпуск 47)",Холли Вебб,Эксмо,6–9 лет,"дружба, семья, животные, природа, взросление, детектив","детектив, приключения",177,3,описание: обрезанная аннотация издательства; «почему рекомендуем»: шаблон ×870; автор: имя записано по-разному в разных карточках
https://n-e-n.ru/knigi/kniga/kotenok-luna-ili-pushistyy-syurpriz-vypusk-55/,"Котенок Луна, или Пушистый сюрприз (выпуск 55)",Холли Вебб,Эксмо,6–9 лет,"дружба, семья, животные, природа, взросление, ответственность, детектив","детектив, приключения",176,3,описание: обрезанная аннотация издательства; «почему рекомендуем»: шаблон ×870; автор: имя записано по-разному в разных карточках
https://n-e-n.ru/knigi/kniga/kotenok-luchik-ili-toska-po-domu-vypusk-52/,"Котенок Лучик, или Тоска по дому (выпуск 52)",Холли Вебб,Эксмо,6–9 лет,"дружба, семья, животные, природа, путешествия, братья и сёстры, эмоции, детектив","детектив, приключения",177,3,описание: обрезанная аннотация издательства; «почему рекомендуем»: шаблон ×669; автор: имя записано по-разному в разных карточках
https://n-e-n.ru/knigi/kniga/kotenok-shmyak-i-zagadochnoe-zernyshko-knizhka-s-nakleykami/,Котенок Шмяк и загадочное зернышко. Книжка с наклейками,Скоттон Роб,Clever,2–4 лет,"семья, животные, природа, мифология, искусство, братья и сёстры","сказка, приключения, юмор",172,3,описание: обрезанная аннотация издательства; «почему рекомендуем»: шаблон ×656; возраст: «2–4 лет» → «2–4 года»
https://n-e-n.ru/knigi/kniga/kotenok-shmyak-idet-k-doktoru-knizhka-s-nakleykami/,Котенок Шмяк идет к доктору. Книжка с наклейками,Скоттон Роб,Clever,2–4 лет,"семья, школа, животные, искусство, юмор",юмор,176,3,описание: обрезанная аннотация издательства; «почему рекомендуем»: шаблон ×669; возраст: «2–4 лет» → «2–4 года»
https://n-e-n.ru/knigi/kniga/kotenok-shmyak-mamin-pomoschnik-knizhka-s-nakleykami/,Котенок Шмяк — мамин помощник. Книжка с наклейками,Скоттон Роб,Clever,2–4 лет,"семья, животные, искусство, морские приключения, юмор","юмор, семейная история",173,3,описание: обрезанная аннотация издательства; «почему рекомендуем»: шаблон ×656; возраст: «2–4 лет» → «2–4 года»
https://n-e-n.ru/knigi/kniga/kotenok-shmyak-knizhka-s-nakleykami/,Котенок Шмяк. Книжка с наклейками,Скоттон Роб,Clever,2–4 лет,"дружба, школа, животные, искусство, юмор",юмор,170,3,описание: обрезанная аннотация издательства; «почему рекомендуем»: шаблон ×656; возраст: «2–4 лет» → «2–4 года»
https://n-e-n.ru/knigi/kniga/kotenok-shmyak-shkolnyy-spektakl-knizhka-s-nakleykami/,Котенок Шмяк. Школьный спектакль. Книжка с наклейками,Скоттон Роб,Clever,2–4 лет,"дружба, семья, школа, животные, мифология, братья и сёстры, страх","сказка, юмор",180,3,описание: обрезанная аннотация издательства; «почему рекомендуем»: шаблон ×669; возраст: «2–4 лет» → «2–4 года»
https://n-e-n.ru/knigi/kniga/kotofey-ivanovich/,Котофей Иванович,Виктор Чайчук; Алиса Чайчук; Сергей Кузьмин,Knizhnyĭ dom,7–12 лет,животные,сказка,51,3,«почему рекомендуем»: шаблон ×656; автор: имя записано по-разному в разных карточках; нет поля: число страниц
https://n-e-n.ru/knigi/kniga/koshachiy-cherdak/,Кошачий чердак,Кортни Макавинта,МИФ.Детство,7–12 лет,"дружба, семья, животные, природа, история, братья и сёстры, эмоции, война",детектив,177,3,описание: обрезанная аннотация издательства; «почему рекомендуем»: шаблон ×656; страницы: 3726 — сбой импорта
https://n-e-n.ru/knigi/kniga/koshmarius-i-ischeznuvshee-zele-1/,Кошмариус и исчезнувшее зелье (#1),Норрис Мирт,Эксмо,7–12 лет,"животные, природа, смерть","фэнтези, научная фантастика",179,3,описание: обрезанная аннотация издательства; «почему рекомендуем»: шаблон ×669; страницы: 1 — похоже на номер в серии; объём считается неверно
https://n-e-n.ru/knigi/kniga/krasnaya-shapochka-i-drugie-skazki-il-yu-goncharovoy/,Красная Шапочка и другие сказки (ил. Ю. Гончаровой),Шарль Перро,Эксмо,7–12 лет,"школа, животные, волшебство, смелость, доброта","сказка, фэнтези",179,3,"описание: обрезанная аннотация издательства; «почему рекомендуем»: шаблон ×669; название: данные издания (иллюстратор, номер издания) внутри названия"
https://n-e-n.ru/knigi/kniga/krasnaya-shapochka-na-manhettene/,Красная Шапочка на Манхэттене,Гайте Кармен Мартин,Самокат,10–12 лет,"семья, школа, животные, природа, путешествия",сказка,177,3,описание: обрезанная аннотация издательства; «почему рекомендуем»: шаблон ×870; автор: имя записано по-разному в разных карточках
https://n-e-n.ru/knigi/kniga/krasnaya-nitochka/,Красная ниточка,Анна Козунина,МИФ.Детство,3–6 лет,"семья, школа, животные, природа, взросление, эмоции","сказка, фэнтези",180,3,описание: обрезанная аннотация издательства; «почему рекомендуем»: шаблон ×656; страницы: 3726 — сбой импорта
https://n-e-n.ru/knigi/kniga/krasnyy-kapyushonchik-tom-2-priklyuchenie-v-gorah/,Красный Капюшончик. Том 2. Приключение в горах,Фредерик Бремо,Эксмо,7–12 лет,"животные, природа, путешествия, волшебство, приключения",приключения,180,3,описание: обрезанная аннотация издательства; «почему рекомендуем»: шаблон ×669; страницы: 2 — похоже на номер в серии; объём считается неверно
https://n-e-n.ru/knigi/kniga/krokodil-i-zhirafinya-nastoyaschaya-vlyublennaya-parochka/,Крокодил и Жирафиня — настоящая влюблённая парочка,Даниела Кулот,Поляндрия,3–7 лет,"животные, искусство, взросление, отношения, первая любовь",реалистическая проза,176,3,описание: обрезанная аннотация издательства; «почему рекомендуем»: шаблон ×669; автор: имя записано по-разному в разных карточках
https://n-e-n.ru/knigi/kniga/krossover/,Кроссовер,Александер Кваме,Самокат,13–15 лет,"семья, животные, история, музыка, взросление, братья и сёстры","приключения, поэзия",175,3,описание: обрезанная аннотация издательства; «почему рекомендуем»: шаблон ×120; автор: фамилия перед именем
https://n-e-n.ru/knigi/kniga/kroshka-vendi-i-dom-na-dereve/,Крошка Венди и дом на дереве,Ричардсон Стив,Clever,4–6 лет,"дружба, семья, школа, животные, природа, эмоции, фантастика","сказка, научная фантастика, приключения",177,3,описание: обрезанная аннотация издательства; «почему рекомендуем»: шаблон ×870; автор: имя записано по-разному в разных карточках
https://n-e-n.ru/knigi/kniga/kroshka-enot-i-tot-kto-sidit-v-prudu/,"Крошка Енот и Тот, кто сидит в пруду",Лилиан Муур,Мелик-Пашаев,2–6 лет,"дружба, животные, искусство, волшебство, смерть",сказка,177,3,описание: обрезанная аннотация издательства; «почему рекомендуем»: шаблон ×669; нет поля: число страниц
https://n-e-n.ru/knigi/kniga/kto-takie-sutki/,Кто такие сутки,Марина Вишневецкая,Самокат,4–6 лет,"семья, животные, искусство",поэзия,178,3,описание: обрезанная аннотация издательства; «почему рекомендуем»: шаблон ×870; автор: фамилия перед именем
https://n-e-n.ru/knigi/kniga/lavka-koshmarov-i-uzhasnyy-yeti-2-e-izd/,Лавка кошмаров и ужасный Йети (2-е изд.),Магдалена Хай,КомпасГид,4–9 лет,"дружба, школа, детский сад, животные, юмор",юмор,177,3,"описание: обрезанная аннотация издательства; «почему рекомендуем»: шаблон ×656; название: данные издания (иллюстратор, номер издания) внутри названия"
https://n-e-n.ru/knigi/kniga/lavka-straha/,Лавка страха,Софья Яновицкая,МИФ.Детство,7–12 лет,"семья, животные, природа, история, волшебство, братья и сёстры, страх, детектив","фэнтези, детектив",177,3,описание: обрезанная аннотация издательства; «почему рекомендуем»: шаблон ×656; страницы: 3726 — сбой импорта
https://n-e-n.ru/knigi/kniga/lakritsa-i-privezenie/,Лакрица и Привезение,Мони Нильсон,Самокат,7–9 лет,"школа, природа",реалистическая проза,175,3,описание: обрезанная аннотация издательства; «почему рекомендуем»: шаблон ×669; автор: имя записано по-разному в разных карточках
https://n-e-n.ru/knigi/kniga/lanselot/,Ланселот,Виктор Пуше,МИФ.Детство,7–12 лет,"дружба, школа, животные, природа, взросление","сказка, фэнтези, приключения",173,3,описание: обрезанная аннотация издательства; «почему рекомендуем»: шаблон ×870; страницы: 3726 — сбой импорта
https://n-e-n.ru/knigi/kniga/legenda-o-proklyatom-komode-5/,Легенда о проклятом комоде (#5),Светлана Кривошлыкова,Эксмо,12–17 лет,"дружба, школа, животные, история, мифология, детектив","сказка, детектив",173,3,описание: обрезанная аннотация издательства; «почему рекомендуем»: шаблон ×870; страницы: 5 — похоже на номер в серии; объём считается неверно
https://n-e-n.ru/knigi/kniga/legendy-srednevekovya/,Легенды Средневековья,Н. Гарская,Росмэн,7–12 лет,культурное разнообразие,сказка,63,3,«почему рекомендуем»: шаблон ×870; нет поля: ISBN; нет поля: число страниц
https://n-e-n.ru/knigi/kniga/legendy-i-mify-drevney-gretsii-bogi-i-geroi/,Легенды и мифы Древней Греции. Боги и герои,Николай Кун,МИФ.Детство,7–12 лет,"школа, природа, история, мифология, волшебство","сказка, фэнтези, приключения",176,3,описание: обрезанная аннотация издательства; «почему рекомендуем»: шаблон ×870; страницы: 3726 — сбой импорта
https://n-e-n.ru/knigi/kniga/lesnaya-brigada-shvatka-s-ognem/,Лесная бригада. Схватка с огнём,Вальдер Ванесса,Clever,6–8 лет,"семья, природа, искусство, приключения, братья и сёстры, инклюзия",реалистическая проза,177,3,описание: обрезанная аннотация издательства; «почему рекомендуем»: шаблон ×870; автор: фамилия перед именем
https://n-e-n.ru/knigi/kniga/letnie-istorii-pro-miru-i-goshu/,Летние истории про Миру и Гошу,Наталья Ремиш,МИФ.Детство,7–12 лет,"дружба, семья, животные, природа, взросление, эмоции",приключения,176,3,описание: обрезанная аннотация издательства; «почему рекомендуем»: шаблон ×870; страницы: 3726 — сбой импорта
https://n-e-n.ru/knigi/kniga/letniy-delfin/,Летний дельфин,Холли Вебб,Эксмо,12–17 лет,"дружба, семья, животные, природа, взросление, братья и сёстры, эмоции, детектив","детектив, приключения, юмор",178,3,описание: обрезанная аннотация издательства; «почему рекомендуем»: шаблон ×122; автор: имя записано по-разному в разных карточках
https://n-e-n.ru/knigi/kniga/lis-i-myshonok/,Лис и Мышонок,Виталий Бианки,Мелик-Пашаев,2–3 лет,"животные, природа, искусство, отношения, волшебство",сказка,174,3,описание: обрезанная аннотация издательства; «почему рекомендуем»: шаблон ×870; возраст: «2–3 лет» → «2–3 года»
https://n-e-n.ru/knigi/kniga/lisiy-plan-6/,Лисий план (#6),Эйми Картер,Эксмо,7–12 лет,"дружба, семья, школа, животные, природа, братья и сёстры, смерть","фэнтези, научная фантастика, приключения",177,3,описание: обрезанная аннотация издательства; «почему рекомендуем»: шаблон ×656; страницы: 6 — похоже на номер в серии; объём считается неверно
https://n-e-n.ru/knigi/kniga/lotti-i-otto-istoriya-dlya-malchishek-i-devchonok/,Лотти и Отто. История для мальчишек и девчонок,Ульмен-Фернандес Колльен,Clever,4–6 лет,"дружба, животные, экология, искусство, творчество",реалистическая проза,179,3,описание: обрезанная аннотация издательства; «почему рекомендуем»: шаблон ×870; автор: фамилия перед именем
https://n-e-n.ru/knigi/kniga/loshadki/,Лошадки,Лета Югай,Самокат,2–3 лет,"животные, природа, история",поэзия,177,3,описание: обрезанная аннотация издательства; «почему рекомендуем»: шаблон ×870; возраст: «2–3 лет» → «2–3 года»
https://n-e-n.ru/knigi/kniga/luchshee-lekarstvo/,Лучшее лекарство,Кристин Хэмилл,КомпасГид,10–15 лет,"животные, морские приключения, взросление, отношения, смерть",реалистическая проза,176,3,описание: обрезанная аннотация издательства; «почему рекомендуем»: шаблон ×122; автор: фамилия перед именем
https://n-e-n.ru/knigi/kniga/luchshie-skazki-na-noch/,Лучшие сказки на ночь,Л. Сидорова,АСТ,6–11 лет,волшебство,сказка,142,3,«почему рекомендуем»: шаблон ×870; автор: имя записано по-разному в разных карточках; нет поля: число страниц
https://n-e-n.ru/knigi/kniga/luchshiy-podarok-dlya-mamy/,Лучший подарок для мамы,Жюльет Лагранж,МИФ.Детство,7–12 лет,"семья, животные, природа",реалистическая проза,178,3,описание: обрезанная аннотация издательства; «почему рекомендуем»: шаблон ×870; страницы: 3726 — сбой импорта
https://n-e-n.ru/knigi/kniga/lyubimye-skazki-repka-skazka-igra/,Любимые сказки. Репка. Сказка-игра,Ушинский Константин,Clever,3–5 лет,искусство,сказка,177,3,описание: обрезанная аннотация издательства; «почему рекомендуем»: шаблон ×656; «почему рекомендуем»: «о» вместо «об»
https://n-e-n.ru/knigi/kniga/lyublyu-mama/,Люблю. Мама,Жанетт Брэдли,МИФ.Детство,3–6 лет,"семья, животные, отношения",реалистическая проза,179,3,описание: обрезанная аннотация издательства; «почему рекомендуем»: шаблон ×669; страницы: 3726 — сбой импорта
https://n-e-n.ru/knigi/kniga/lyuboznatelnyy-malysh-zveryata-v-lesu/,Любознательный малыш. Зверята в лесу,Ульева Елена,Clever,3–5 лет,"дружба, школа, животные, природа, искусство, страх","сказка, детектив, приключения",178,3,описание: обрезанная аннотация издательства; «почему рекомендуем»: шаблон ×656; автор: фамилия перед именем
https://n-e-n.ru/knigi/kniga/lyuboznatelnyy-malysh-lesnye-malyshi/,Любознательный малыш. Лесные малыши,Ульева Елена,Clever,3–5 лет,"семья, животные, природа, искусство, самооценка, принятие себя","сказка, фэнтези",179,3,описание: обрезанная аннотация издательства; «почему рекомендуем»: шаблон ×656; автор: фамилия перед именем
https://n-e-n.ru/knigi/kniga/lyuboznatelnyy-malysh-priklyucheniya-bukashek/,Любознательный малыш. Приключения букашек,Ульева Елена,Clever,3–5 лет,"животные, природа, искусство, приключения","детектив, приключения",171,3,описание: обрезанная аннотация издательства; «почему рекомендуем»: шаблон ×870; автор: фамилия перед именем
https://n-e-n.ru/knigi/kniga/lyuboznatelnyy-malysh-chto-byvaet-vesnoy/,Любознательный малыш. Что бывает весной?,Ульева Елена,Clever,3–5 лет,"семья, животные, природа, искусство, волшебство","сказка, фэнтези",175,3,описание: обрезанная аннотация издательства; «почему рекомендуем»: шаблон ×656; автор: фамилия перед именем
https://n-e-n.ru/knigi/kniga/lyuboznatelnyy-malysh-chto-byvaet-zimoy/,Любознательный малыш. Что бывает зимой?,Ульева Елена,Clever,3–5 лет,"дружба, семья, животные, природа, искусство","сказка, фэнтези, детектив",175,3,описание: обрезанная аннотация издательства; «почему рекомендуем»: шаблон ×669; автор: фамилия перед именем
https://n-e-n.ru/knigi/kniga/lyuboznatelnyy-malysh-chto-byvaet-osenyu/,Любознательный малыш. Что бывает осенью?,Ульева Елена,Clever,3–5 лет,"животные, природа, экология, искусство, эмоции",детектив,172,3,описание: обрезанная аннотация издательства; «почему рекомендуем»: шаблон ×870; автор: фамилия перед именем
https://n-e-n.ru/knigi/kniga/magnoliya-u-raskryvaet-tayny-poteryannyh-noskov/,Магнолия У раскрывает тайны потерянных носков,Шанель Миллер,Альпина.Дети,7–12 лет,"дружба, семья, животные, искусство, волшебство","детектив, приключения",178,3,описание: обрезанная аннотация издательства; «почему рекомендуем»: шаблон ×669; автор: имя записано по-разному в разных карточках
https://n-e-n.ru/knigi/kniga/malenkaya-zlaya-kniga-kniga-advent-2/,Маленькая злая книга. Книга-адвент 2,Магнус Мист,Эксмо,11–13 лет,"дружба, семья, школа, животные, взросление","фэнтези, научная фантастика, приключения",171,3,описание: обрезанная аннотация издательства; «почему рекомендуем»: шаблон ×870; страницы: 2 — похоже на номер в серии; объём считается неверно
https://n-e-n.ru/knigi/kniga/malenkiy-muk-i-drugie-skazki-il-m-mitrofanova/,Маленький Мук и другие сказки (ил. М. Митрофанова),Вильгельм Гауф,Эксмо,3–6 лет,"семья, школа, животные, природа, взросление, творчество","сказка, фэнтези, приключения",172,3,"описание: обрезанная аннотация издательства; «почему рекомендуем»: шаблон ×669; название: данные издания (иллюстратор, номер издания) внутри названия"
https://n-e-n.ru/knigi/kniga/malenkiy-musorovoz-malysh-musorovoz-idet-v-shkolu/,Маленький Мусоровоз. Малыш Мусоровоз идет в школу,Весова Юлия,Clever,2–17 лет,"школа, искусство",реалистическая проза,176,3,описание: обрезанная аннотация издательства; «почему рекомендуем»: шаблон ×870; автор: фамилия перед именем
https://n-e-n.ru/knigi/kniga/malenkiy-musorovoz-malysh-musorovoz-ischet-druga/,Маленький Мусоровоз. Малыш Мусоровоз ищет друга,Весова Юлия,Clever,2–5 лет,"дружба, животные, природа, искусство, спорт","сказка, приключения, юмор",174,3,описание: обрезанная аннотация издательства; «почему рекомендуем»: шаблон ×656; автор: фамилия перед именем
https://n-e-n.ru/knigi/kniga/malenkiy-oslik/,Маленький Ослик,Татьяна Макарова,Мелик-Пашаев,4–10 лет,"волшебство, приключения",сказка,178,3,описание: обрезанная аннотация издательства; «почему рекомендуем»: шаблон ×656; автор: имя записано по-разному в разных карточках
https://n-e-n.ru/knigi/kniga/malenkiy-teo-idet-v-detskiy-sad/,Маленький Тео идет в детский сад,Сюзанна Гёлих,МИФ.Детство,3–6 лет,"дружба, семья, животные, юмор, братья и сёстры, эмоции",юмор,180,3,описание: обрезанная аннотация издательства; «почему рекомендуем»: шаблон ×870; страницы: 3726 — сбой импорта
https://n-e-n.ru/knigi/kniga/malenkiy-vertolet-i-smelost-v-serdtse-il-r-amtora/,Маленький вертолет и смелость в сердце (ил. Р. Амтора),Михаэль Энглер,Эксмо,3–6 лет,"школа, животные, природа, взросление, приключения, страх, смелость",сказка,174,3,"описание: обрезанная аннотация издательства; «почему рекомендуем»: шаблон ×870; название: данные издания (иллюстратор, номер издания) внутри названия"
https://n-e-n.ru/knigi/kniga/malenkiy-gruzovichok-bolshaya-kniga-priklyucheniy/,Маленький грузовичок. Большая книга приключений,Ульева Елена,Clever,3–5 лет,"дружба, животные, природа, искусство, приключения",приключения,179,3,описание: обрезанная аннотация издательства; «почему рекомендуем»: шаблон ×669; автор: фамилия перед именем
https://n-e-n.ru/knigi/kniga/malenkiy-gruzovichok-gruzovichok-v-derevne/,Маленький грузовичок. Грузовичок в деревне,Ульева Елена,Clever,3–5 лет,"животные, природа, искусство, спорт, приключения","сказка, приключения",177,3,описание: обрезанная аннотация издательства; «почему рекомендуем»: шаблон ×870; автор: фамилия перед именем
https://n-e-n.ru/knigi/kniga/malenkiy-gruzovichok-gruzovichok-na-stroyke/,Маленький грузовичок. Грузовичок на стройке,Ульева Елена,Clever,3–5 лет,"семья, животные, экология, искусство, спорт","сказка, приключения",169,3,описание: обрезанная аннотация издательства; «почему рекомендуем»: шаблон ×870; автор: фамилия перед именем
https://n-e-n.ru/knigi/kniga/malenkiy-gruzovichok-gruzovichok-spasaet-novyy-god/,Маленький грузовичок. Грузовичок спасает Новый год,Ульева Елена,Clever,3–5 лет,"дружба, семья, животные, природа, искусство, эмоции, страх","сказка, семейная история",179,3,описание: обрезанная аннотация издательства; «почему рекомендуем»: шаблон ×656; автор: фамилия перед именем
https://n-e-n.ru/knigi/kniga/malenkiy-gruzovichok-gruzovichok-speshit-na-pomosch/,Маленький грузовичок. Грузовичок спешит на помощь,Ульева Елена,Clever,2–5 лет,"животные, искусство, спорт",сказка,178,3,описание: обрезанная аннотация издательства; «почему рекомендуем»: шаблон ×669; автор: фамилия перед именем
https://n-e-n.ru/knigi/kniga/malenkiy-gruzovichok-gruzovichok-spokoynoy-nochi/,"Маленький грузовичок. Грузовичок, спокойной ночи!",Ульева Елена,Clever,2–5 лет,"семья, животные, искусство, спорт, взросление","сказка, фэнтези, приключения",177,3,описание: обрезанная аннотация издательства; «почему рекомендуем»: шаблон ×656; автор: фамилия перед именем
https://n-e-n.ru/knigi/kniga/malenkiy-gruzovichok-knizhki-kartinki-gruzovichok-i-ego-druzya-7762/,Маленький грузовичок. Книжки-картинки. Грузовичок и его друзья 7762,Ульева Елена,Clever,2–4 лет,"дружба, искусство",реалистическая проза,165,3,«почему рекомендуем»: шаблон ×669; возраст: «2–4 лет» → «2–4 года»; автор: фамилия перед именем
https://n-e-n.ru/knigi/kniga/malenkiy-gruzovichok-chitaem-s-mamoy-malenkiy-gruzovichok-ne-hochet-spat/,Маленький грузовичок. Читаем с мамой. Маленький грузовичок не хочет спать,Ульева Елена,Clever,3–5 лет,"семья, детский сад, животные, искусство, спорт, ответственность","сказка, приключения",174,3,описание: обрезанная аннотация издательства; «почему рекомендуем»: шаблон ×669; автор: фамилия перед именем
https://n-e-n.ru/knigi/kniga/malenkiy-duh-schastya/,Маленький дух счастья,Чжан Юэ (Zhang Yue),МИФ.Детство,7–12 лет,"дружба, животные, природа, путешествия, взросление, доброта","сказка, фэнтези",175,3,описание: обрезанная аннотация издательства; «почему рекомендуем»: шаблон ×656; страницы: 3726 — сбой импорта
https://n-e-n.ru/knigi/kniga/malenkiy-musorovoz-i-tayna-ukradennyh-gazet-il-r-amtora/,Маленький мусоровоз и тайна украденных газет (ил. Р. Амтора),Михаэль Энглер,Эксмо,3–6 лет,"школа, животные, природа, путешествия, взросление, детектив","сказка, детектив, приключения",174,3,"описание: обрезанная аннотация издательства; «почему рекомендуем»: шаблон ×669; название: данные издания (иллюстратор, номер издания) внутри названия"
https://n-e-n.ru/knigi/kniga/malenkiy-musorovoz-malysh-musorovoz-edet-na-remont/,Маленький мусоровоз. Малыш мусоровоз едет на ремонт,Весова Юлия,Clever,2–5 лет,"дружба, животные, искусство",реалистическая проза,178,3,описание: обрезанная аннотация издательства; «почему рекомендуем»: шаблон ×870; автор: фамилия перед именем
https://n-e-n.ru/knigi/kniga/malenkiy-prints-illyustratsii-ha-chang-tahtag/,Маленький принц (иллюстрации Ха Чанг — Tahtag),Нора Галь,МИФ.Детство,7–12 лет,"дружба, школа, животные, космос, путешествия, ответственность",сказка,173,3,описание: обрезанная аннотация издательства; «почему рекомендуем»: шаблон ×656; страницы: 3726 — сбой импорта
https://n-e-n.ru/knigi/kniga/mama-mu-i-snegokat/,Мама Му и снегокат,Юя; Томас Висландер; Свен Нурдквист,Белая ворона,4–9 лет,"семья, взросление, юмор, приключения","приключения, юмор",179,3,описание: обрезанная аннотация издательства; «почему рекомендуем»: шаблон ×870; автор: имя записано по-разному в разных карточках
https://n-e-n.ru/knigi/kniga/mama-mu-poranilas/,Мама Му поранилась,Юя Висландер; Свен Нурдквист,Белая ворона,4–9 лет,"семья, животные, путешествия, взросление, приключения",приключения,177,3,описание: обрезанная аннотация издательства; «почему рекомендуем»: шаблон ×656; автор: имя записано по-разному в разных карточках
https://n-e-n.ru/knigi/kniga/mafalda-vse-slozhno-ne-po-detski/,Мафальда. Всё сложно не по-детски,Ки́но,Мелик-Пашаев,7–14 лет,"искусство, волшебство",реалистическая проза,172,3,описание: обрезанная аннотация издательства; «почему рекомендуем»: шаблон ×669; «почему рекомендуем»: «о» вместо «об»
https://n-e-n.ru/knigi/kniga/masha-i-oyka/,Маша и Ойка,Софья Прокофьева,Азбука-Аттикус,6–11 лет,отношения,реалистическая проза,147,3,«почему рекомендуем»: шаблон ×669; «почему рекомендуем»: «о» вместо «об»; нет поля: число страниц
https://n-e-n.ru/knigi/kniga/medved-v-svoem-repertuare/,Медведь в своем репертуаре,Губерт Ширнек,Поляндрия,5–15 лет,"дружба, семья, школа, животные, природа",юмор,176,3,описание: обрезанная аннотация издательства; «почему рекомендуем»: шаблон ×669; автор: имя записано по-разному в разных карточках
https://n-e-n.ru/knigi/kniga/medved-hochet-rasskazat-istoriyu/,Медведь хочет рассказать историю,Филип К. Стед,Поляндрия,3–7 лет,"дружба, животные, природа, искусство",реалистическая проза,179,3,описание: обрезанная аннотация издательства; «почему рекомендуем»: шаблон ×669; автор: имя записано по-разному в разных карточках
https://n-e-n.ru/knigi/kniga/mila-hant/,Мила Хант,Эли Андерсон,КомпасГид,16–17 лет,"животные, взросление, детектив, фантастика","фэнтези, научная фантастика, детектив",175,3,описание: обрезанная аннотация издательства; «почему рекомендуем»: шаблон ×870; автор: имя записано по-разному в разных карточках
https://n-e-n.ru/knigi/kniga/million-priklyucheniy/,Миллион приключений,К. Булычев,АСТ,7–12 лет,"приключения, фантастика",приключения,176,3,описание: обрезанная аннотация издательства; «почему рекомендуем»: шаблон ×870; автор: имя записано по-разному в разных карточках
https://n-e-n.ru/knigi/kniga/mira/,Мира,Сабина Лемире,Самокат,10–12 лет,"дружба, семья, животные, искусство, взросление, эмоции, творчество",реалистическая проза,176,3,описание: обрезанная аннотация издательства; «почему рекомендуем»: шаблон ×870; автор: фамилия перед именем
https://n-e-n.ru/knigi/kniga/miss-cheriti/,Мисс Черити,Мари-Од Мюрай,Самокат,10–12 лет,"животные, экология, искусство, музыка, путешествия, эмоции, творчество",юмор,171,3,описание: обрезанная аннотация издательства; «почему рекомендуем»: шаблон ×120; автор: имя записано по-разному в разных карточках
https://n-e-n.ru/knigi/kniga/missiya-luchshaya-podruga/,Миссия «Лучшая подруга»,Зоран Дрвенкар,МИФ.Детство,12–17 лет,"дружба, природа, путешествия, взросление, приключения, детектив","детектив, приключения",178,3,описание: обрезанная аннотация издательства; «почему рекомендуем»: шаблон ×122; страницы: 3726 — сбой импорта
https://n-e-n.ru/knigi/kniga/miyuki-postoy/,"Миюки, постой!",Сандра Дикманн,МИФ.Детство,7–12 лет,"семья, животные, природа, мифология, взросление","сказка, фэнтези, приключения",173,3,описание: обрезанная аннотация издательства; «почему рекомендуем»: шаблон ×669; страницы: 3726 — сбой импорта
https://n-e-n.ru/knigi/kniga/moi-zveri/,Мои звери,Владимир Дуров,Детская литература,7–12 лет,животные,реалистическая проза,151,3,«почему рекомендуем»: шаблон ×669; нет поля: ISBN; нет поля: число страниц
https://n-e-n.ru/knigi/kniga/moi-pervye-skazki-fantazernye-skazki/,Мои первые сказки. Фантазёрные сказки,Лисаченко Алексей,Clever,5–7 лет,"семья, школа, детский сад, животные, искусство, эмоции","сказка, фэнтези, юмор",160,3,описание: обрезанная аннотация издательства; «почему рекомендуем»: шаблон ×669; автор: фамилия перед именем
https://n-e-n.ru/knigi/kniga/moy-mishka/,Мой Мишка,Зинаида Александрова,Мелик-Пашаев,2–6 лет,"животные, волшебство",поэзия,179,3,описание: обрезанная аннотация издательства; «почему рекомендуем»: шаблон ×656; автор: имя записано по-разному в разных карточках
https://n-e-n.ru/knigi/kniga/morskoy-ohotnik/,Морской охотник,Николай Чуковский,Детская литература,6–11 лет,"история, война",реалистическая проза,146,3,«почему рекомендуем»: шаблон ×870; автор: имя записано по-разному в разных карточках; нет поля: число страниц
https://n-e-n.ru/knigi/kniga/moh-istoriya-odnogo-psa/,Мох. История одного пса,Давид Циричи,МИФ.Детство,7–12 лет,"дружба, семья, животные, природа, история, эмоции, смерть, война, ответственность, смелость","сказка, фэнтези",178,3,описание: обрезанная аннотация издательства; «почему рекомендуем»: шаблон ×656; страницы: 3726 — сбой импорта
https://n-e-n.ru/knigi/kniga/motsart-i-robinzon-volshebstvo-syrnoy-luny/,Моцарт и Робинзон. Волшебство сырной луны,Гунди Хергет,МИФ.Детство,7–12 лет,"дружба, школа, животные, космос, юмор, эмоции, творчество","сказка, фэнтези, научная фантастика",177,3,описание: обрезанная аннотация издательства; «почему рекомендуем»: шаблон ×656; страницы: 3726 — сбой импорта
https://n-e-n.ru/knigi/kniga/motsart-i-robinzon-derzkiy-blinnyy-plan/,Моцарт и Робинзон. Дерзкий блинный план,Гунди Хергет,МИФ.Детство,7–12 лет,"дружба, школа, животные, космос, юмор, эмоции, смелость, творчество","научная фантастика, приключения, юмор",176,3,описание: обрезанная аннотация издательства; «почему рекомендуем»: шаблон ×870; страницы: 3726 — сбой импорта
https://n-e-n.ru/knigi/kniga/motsart-i-robinzon-pochti-neobitaemyy-ostrov/,Моцарт и Робинзон. Почти необитаемый остров,Гунди Хергет,МИФ.Детство,7–12 лет,"дружба, школа, животные, космос, путешествия, эмоции, творчество","научная фантастика, приключения, юмор",179,3,описание: обрезанная аннотация издательства; «почему рекомендуем»: шаблон ×656; страницы: 3726 — сбой импорта
https://n-e-n.ru/knigi/kniga/moshennik-na-pole-chudes/,Мошенник на поле чудес,Владимир Сотников,Эксмо,7–12 лет,отношения,детектив,180,3,«почему рекомендуем»: шаблон ×669; «почему рекомендуем»: «о» вместо «об»; нет поля: число страниц
https://n-e-n.ru/knigi/kniga/moya-mama-samaya-luchshaya/,Моя мама самая лучшая,Ульева Елена,Clever,4–6 лет,"семья, искусство, отношения",реалистическая проза,180,3,описание: обрезанная аннотация издательства; «почему рекомендуем»: шаблон ×870; автор: фамилия перед именем
https://n-e-n.ru/knigi/kniga/moya-sestrenka-olkozavra/,Моя сестренка Олькозавра,Дина Гербек,Стрекоза,1–10 лет,"семья, школа, животные, взросление, братья и сёстры",реалистическая проза,178,3,описание: обрезанная аннотация издательства; «почему рекомендуем»: шаблон ×656; автор: фамилия перед именем
https://n-e-n.ru/knigi/kniga/moya-schastlivaya-zhizn-8-e-izd/,Моя счастливая жизнь (8-е изд.),Русе Лагеркранц,КомпасГид,4–9 лет,"животные, искусство, взросление, юмор",юмор,179,3,"описание: обрезанная аннотация издательства; «почему рекомендуем»: шаблон ×37; название: данные издания (иллюстратор, номер издания) внутри названия"
https://n-e-n.ru/knigi/kniga/mrachnyy-vzvod-byl-ili-nebyl/,Мрачный взвод. Быль или небыль,Рита Хоффман,МИФ.Детство,7–12 лет,"животные, мифология","сказка, фэнтези",177,3,описание: обрезанная аннотация издательства; «почему рекомендуем»: шаблон ×656; страницы: 3726 — сбой импорта
https://n-e-n.ru/knigi/kniga/muzyka-krylev/,Музыка крыльев,Дэвид Алмонд,МИФ.Детство,7–12 лет,"дружба, семья, школа, животные, природа, братья и сёстры, эмоции",реалистическая проза,174,3,описание: обрезанная аннотация издательства; «почему рекомендуем»: шаблон ×870; страницы: 3726 — сбой импорта
https://n-e-n.ru/knigi/kniga/myshonok-po-imeni-dzhulian/,Мышонок по имени Джулиан,Джо Тодд-Стентон,МИФ.Детство,7–12 лет,"дружба, школа, животные",сказка,178,3,описание: обрезанная аннотация издательства; «почему рекомендуем»: шаблон ×870; страницы: 3726 — сбой импорта
https://n-e-n.ru/knigi/kniga/merilin-i-ee-chudische/,Мэрилин и её чудище,Мишель Кнудсен,Поляндрия,3–7 лет,искусство,реалистическая проза,178,3,описание: обрезанная аннотация издательства; «почему рекомендуем»: шаблон ×656; «почему рекомендуем»: «о» вместо «об»
https://n-e-n.ru/knigi/kniga/myaumyau-tom-2-zhizn-horosha-pravda/,Мяумяу. Том 2. Жизнь хороша… Правда?,Мари Тиби,Эксмо,7–12 лет,животные,реалистическая проза,176,3,описание: обрезанная аннотация издательства; «почему рекомендуем»: шаблон ×870; страницы: 2 — похоже на номер в серии; объём считается неверно
https://n-e-n.ru/knigi/kniga/na-beregu-temnogo-morya-1/,На берегу Темного моря (#1),Эндрю Питерсон,Эксмо,7–12 лет,"семья, животные, природа, история, приключения, братья и сёстры","фэнтези, научная фантастика, детектив",174,3,описание: обрезанная аннотация издательства; «почему рекомендуем»: шаблон ×870; страницы: 1 — похоже на номер в серии; объём считается неверно
https://n-e-n.ru/knigi/kniga/nablyudateli/,Наблюдатели,Басова Евгения,КомпасГид,10–15 лет,"семья, животные, природа, волшебство, приключения, братья и сёстры, развод родителей, фантастика","фэнтези, научная фантастика, приключения",180,3,описание: обрезанная аннотация издательства; «почему рекомендуем»: шаблон ×870; автор: фамилия перед именем
https://n-e-n.ru/knigi/kniga/naoborotnyy-mir/,Наоборотный мир,Гульшат Абдеева,Эксмо,7–12 лет,"семья, животные, путешествия, приключения, детектив, фантастика","фэнтези, научная фантастика, детектив",179,3,описание: обрезанная аннотация издательства; «почему рекомендуем»: шаблон ×669; страницы: 1 — похоже на номер в серии; объём считается неверно
https://n-e-n.ru/knigi/kniga/nastoyaschaya-babushka/,Настоящая бабушка,Каролин Рок,Поляндрия,3–7 лет,"семья, искусство",сказка,176,3,описание: обрезанная аннотация издательства; «почему рекомендуем»: шаблон ×870; автор: фамилия перед именем
https://n-e-n.ru/knigi/kniga/nastoyaschaya-zhizn-zhakomina-geynsboro/,Настоящая жизнь Жакомина Гейнсборо,Ребекка Дотремер,МИФ.Детство,7–12 лет,"семья, дружба, природа","книжка-картинка, философская сказка",93,3,«почему рекомендуем»: шаблон ×26; страницы: 2019 — похоже на год издания; нет поля: ISBN
https://n-e-n.ru/knigi/kniga/ne-morgay-vypusk-1/,Не моргай! (выпуск 1),Джош Аллен,Эксмо,12–17 лет,"школа, животные, взросление, приключения",приключения,179,3,описание: обрезанная аннотация издательства; «почему рекомендуем»: шаблон ×870; страницы: 1 — похоже на номер в серии; объём считается неверно
https://n-e-n.ru/knigi/kniga/ne-popadis-vypusk-3/,Не попадись! (Выпуск 3),Джош Аллен,Эксмо,7–12 лет,"школа, приключения, эмоции","фэнтези, научная фантастика",175,3,описание: обрезанная аннотация издательства; «почему рекомендуем»: шаблон ×656; страницы: 3 — похоже на номер в серии; объём считается неверно
https://n-e-n.ru/knigi/kniga/nezemlyane/,Неземляне,Джефф Родки,МИФ.Детство,12–17 лет,"семья, животные, космос, история, мифология, эмоции","сказка, фэнтези, научная фантастика",180,3,описание: обрезанная аннотация издательства; «почему рекомендуем»: шаблон ×120; страницы: 3726 — сбой импорта
https://n-e-n.ru/knigi/kniga/neznayka-na-lune/,Незнайка на Луне,Николай Носов,АСТ,6–11 лет,отношения,реалистическая проза,171,3,«почему рекомендуем»: шаблон ×656; «почему рекомендуем»: «о» вместо «об»; автор: имя записано по-разному в разных карточках
https://n-e-n.ru/knigi/kniga/nemetskie-narodnye-skazki/,Немецкие народные сказки,Е. Иванова; А. Ратновский,Дрофа,6–11 лет,волшебство,сказка,43,3,«почему рекомендуем»: шаблон ×669; автор: имя записано по-разному в разных карточках; нет поля: число страниц
https://n-e-n.ru/knigi/kniga/nemyslimye-istorii-kapitana-bumsa-kapitan-bums-i-zolotaya-rybka/,Немыслимые истории капитана Бумса. Капитан Бумс и «Золотая рыбка»,Визибелли Андреа,Clever,5–8 лет,"природа, искусство, морские приключения, приключения",приключения,167,3,описание: обрезанная аннотация издательства; «почему рекомендуем»: шаблон ×870; автор: имя записано по-разному в разных карточках
https://n-e-n.ru/knigi/kniga/neobyknovennye-priklyucheniya-peti-v-afrike/,Необыкновенные приключения Пети в Африке,Войцеховский Борис,Clever,3–6 лет,"животные, космос, искусство, приключения","детектив, приключения",179,3,описание: обрезанная аннотация издательства; «почему рекомендуем»: шаблон ×669; автор: фамилия перед именем
https://n-e-n.ru/knigi/kniga/neobyknovennye-priklyucheniya-peti-v-kosmose/,Необыкновенные приключения Пети в космосе,Войцеховский Борис,Clever,3–6 лет,"школа, детский сад, животные, космос, искусство","научная фантастика, приключения, поэзия",175,3,описание: обрезанная аннотация издательства; «почему рекомендуем»: шаблон ×656; автор: фамилия перед именем
https://n-e-n.ru/knigi/kniga/nerealnye-kanikuly-3/,Нереальные каникулы (# 3),Даниэль Блекманн; Томас Гуссунг,Эксмо,8–12 лет,"дружба, животные, природа, взросление, юмор, эмоции","фэнтези, приключения, юмор",176,3,описание: обрезанная аннотация издательства; «почему рекомендуем»: шаблон ×669; страницы: 3 — похоже на номер в серии; объём считается неверно
https://n-e-n.ru/knigi/kniga/nika-prevraschaetsya/,Ника превращается,Елена Мамонтова,МИФ.Детство,4–6 лет,"семья, животные, взросление, волшебство, приключения","сказка, фэнтези, приключения",177,3,описание: обрезанная аннотация издательства; «почему рекомендуем»: шаблон ×656; страницы: 3726 — сбой импорта
https://n-e-n.ru/knigi/kniga/novaya-konditerskaya-sinoriny-koritsy-3-e-izd/,Новая кондитерская Синьорины Корицы (3-е изд.),Луиджи Баллерини,КомпасГид,4–9 лет,"дружба, юмор, приключения, эмоции","приключения, юмор",172,3,"описание: обрезанная аннотация издательства; «почему рекомендуем»: шаблон ×37; название: данные издания (иллюстратор, номер издания) внутри названия"
https://n-e-n.ru/knigi/kniga/novogodniy-domik-dlya-myshki-il-r-harri/,Новогодний домик для Мышки (ил. Р. Харри),Ребекка Харри,Эксмо,7–12 лет,"дружба, животные, природа, путешествия, волшебство","сказка, фэнтези",179,3,"описание: обрезанная аннотация издательства; «почему рекомендуем»: шаблон ×870; название: данные издания (иллюстратор, номер издания) внутри названия"
https://n-e-n.ru/knigi/kniga/novogodnyaya-azbuka/,Новогодняя азбука,Узорова Ольга,Clever,2–5 лет,"семья, школа, детский сад, животные, искусство, творчество","сказка, фэнтези, юмор",173,3,описание: обрезанная аннотация издательства; «почему рекомендуем»: шаблон ×656; автор: фамилия перед именем
https://n-e-n.ru/knigi/kniga/novyy-god-v-volshebnom-lesu/,Новый год в волшебном лесу,Екатерина Александровна Лопатина-Неволина,Эксмо,0–3 лет,"животные, природа",фэнтези,136,3,«почему рекомендуем»: шаблон ×37; возраст: «0–3 лет» → «0–3 года»; нет поля: число страниц
https://n-e-n.ru/knigi/kniga/novyy-god-v-russkoy-istorii/,Новый год в русской истории,Екатерина Андреевна Мокрушева,МИФ.Детство,7–12 лет,"семья, мифология, волшебство","сказка, фэнтези",178,3,описание: обрезанная аннотация издательства; «почему рекомендуем»: шаблон ×669; страницы: 3726 — сбой импорта
https://n-e-n.ru/knigi/kniga/norman-2-e-izd/,Норман (2-е изд.),Камель Бенауда,КомпасГид,10–15 лет,"дружба, школа, животные, природа, взросление, смелость, доброта","фэнтези, научная фантастика, приключения",174,3,"описание: обрезанная аннотация издательства; «почему рекомендуем»: шаблон ×870; название: данные издания (иллюстратор, номер издания) внутри названия"
https://n-e-n.ru/knigi/kniga/nochnoy-sadovnik/,Ночной садовник,Терри Фэн; Эрик Фэн,Поляндрия,3–7 лет,"семья, животные, природа, искусство, отношения, братья и сёстры",фэнтези,180,3,описание: обрезанная аннотация издательства; «почему рекомендуем»: шаблон ×870; автор: имя записано по-разному в разных карточках
https://n-e-n.ru/knigi/kniga/nochnye-rytsari/,Ночные рыцари,Гидеон Стерер,МИФ.Детство,7–12 лет,"животные, природа, волшебство, страх","сказка, фэнтези, поэзия",178,3,описание: обрезанная аннотация издательства; «почему рекомендуем»: шаблон ×870; страницы: 3726 — сбой импорта
https://n-e-n.ru/knigi/kniga/nu-pogodi/,"Ну, погоди!",Федор Камов,Самовар,7–12 лет,отношения,реалистическая проза,137,3,«почему рекомендуем»: шаблон ×870; нет поля: ISBN; нет поля: число страниц
https://n-e-n.ru/knigi/kniga/nuzhnye-veschi/,Нужные вещи,Питер Карнавас,Поляндрия,3–7 лет,"семья, животные, искусство",реалистическая проза,175,3,описание: обрезанная аннотация издательства; «почему рекомендуем»: шаблон ×669; автор: фамилия перед именем
https://n-e-n.ru/knigi/kniga/o-chestnom-vorone-kovarnoy-sove-i-glupom-lise/,"О честном вороне, коварной сове и глупом лисе",сказки Эскимосские,Мелик-Пашаев,4–6 лет,"животные, искусство, волшебство",сказка,175,3,описание: обрезанная аннотация издательства; «почему рекомендуем»: шаблон ×669; автор: поле собрано с ошибкой
https://n-e-n.ru/knigi/kniga/ogromnyy-krokodil/,Огромный крокодил,Роальд Даль,Самокат,4–6 лет,"животные, смерть",сказка,168,3,описание: обрезанная аннотация издательства; «почему рекомендуем»: шаблон ×656; автор: имя записано по-разному в разных карточках
https://n-e-n.ru/knigi/kniga/ozornye-druzya-homa-i-suslik/,Озорные друзья Хома и Суслик,Альберт Иванов,Эксмо,7–12 лет,"дружба, животные, природа",реалистическая проза,155,3,«почему рекомендуем»: шаблон ×870; автор: имя записано по-разному в разных карточках; нет поля: число страниц
https://n-e-n.ru/knigi/kniga/okolo-muzyki-i-drugie-rasskazy-2-e-izd/,Около музыки и другие рассказы (2-е изд.),Нина Дашевская,КомпасГид,13–15 лет,"животные, природа, музыка, взросление",реалистическая проза,176,3,"описание: обрезанная аннотация издательства; «почему рекомендуем»: шаблон ×120; название: данные издания (иллюстратор, номер издания) внутри названия"
https://n-e-n.ru/knigi/kniga/oliver-tvist-il-e-orehovoy/,Оливер Твист (ил. Е. Ореховой),Чарльз Диккенс,Эксмо,7–12 лет,"школа, животные, природа, волшебство, приключения",сказка,168,3,"описание: обрезанная аннотация издательства; «почему рекомендуем»: шаблон ×656; название: данные издания (иллюстратор, номер издания) внутри названия"
https://n-e-n.ru/knigi/kniga/omut/,Омут,Каримова Снежана,КомпасГид,12–17 лет,"взросление, эмоции","фэнтези, научная фантастика",180,3,описание: обрезанная аннотация издательства; «почему рекомендуем»: шаблон ×870; автор: фамилия перед именем
https://n-e-n.ru/knigi/kniga/operatsiya-prizrak-iz-kamina-7/,Операция «Призрак из камина» (#7),Светлана Кривошлыкова,Эксмо,7–12 лет,"дружба, школа, животные, природа, отношения, детектив",детектив,177,3,описание: обрезанная аннотация издательства; «почему рекомендуем»: шаблон ×870; страницы: 7 — похоже на номер в серии; объём считается неверно
https://n-e-n.ru/knigi/kniga/osennie-istorii-pro-miru-i-goshu/,Осенние истории про Миру и Гошу,Наталья Ремиш,МИФ.Детство,5–8 лет,"дружба, семья, школа, животные",реалистическая проза,176,3,описание: обрезанная аннотация издательства; «почему рекомендуем»: шаблон ×669; страницы: 3726 — сбой импорта
https://n-e-n.ru/knigi/kniga/ostorozhno-medved/,"Осторожно, медведь!",Даниэла Кулот,Мелик-Пашаев,2–6 лет,"животные, искусство, волшебство, приключения","сказка, приключения",178,3,описание: обрезанная аннотация издательства; «почему рекомендуем»: шаблон ×656; автор: имя записано по-разному в разных карточках
https://n-e-n.ru/knigi/kniga/ostrov-moego-dedushki/,Остров моего дедушки,Бенджи Дэвис,Поляндрия,3–7 лет,"семья, животные, искусство, морские приключения",реалистическая проза,176,3,описание: обрезанная аннотация издательства; «почему рекомендуем»: шаблон ×870; автор: имя записано по-разному в разных карточках
https://n-e-n.ru/knigi/kniga/otkryvaem-mone/,Открываем Моне,Катерина Яннику,Поляндрия,3–7 лет,"семья, искусство, путешествия, юмор, приключения, братья и сёстры, творчество","юмор, поэзия",178,3,описание: обрезанная аннотация издательства; «почему рекомендуем»: шаблон ×870; автор: фамилия перед именем
https://n-e-n.ru/knigi/kniga/ohotniki-na-prizrakov-tom-1/,Охотники на призраков. Том 1,Чхон Нынгым,МИФ.Детство,12–17 лет,"дружба, семья, школа, животные, природа, братья и сёстры","сказка, фэнтези, приключения",177,3,описание: обрезанная аннотация издательства; «почему рекомендуем»: шаблон ×870; страницы: 3726 — сбой импорта
https://n-e-n.ru/knigi/kniga/ohotniki-na-prizrakov-tom-2/,Охотники на призраков. Том 2,Чхон Нынгым,МИФ.Детство,10–12 лет,"дружба, семья, школа, животные, природа, братья и сёстры","сказка, фэнтези, приключения",180,3,описание: обрезанная аннотация издательства; «почему рекомендуем»: шаблон ×870; страницы: 3726 — сбой импорта
https://n-e-n.ru/knigi/kniga/ochen-strashnaya-istoriya/,Очень страшная история,Даниил Хармс,Sovʺi͡a︡zh Bevo,6–12 лет,"взросление, страх","поэзия, юмор",132,3,«почему рекомендуем»: шаблон ×656; страницы: 2007 — похоже на год издания; нет поля: ISBN
https://n-e-n.ru/knigi/kniga/ochki-dlya-selesty/,Очки для Селесты,Мария Колкер,Альпина.Дети,3–6 лет,"семья, школа, природа, отношения",реалистическая проза,178,3,описание: обрезанная аннотация издательства; «почему рекомендуем»: шаблон ×656; нет поля: ISBN
https://n-e-n.ru/knigi/kniga/oshibka-saymona-5/,Ошибка Саймона (#5),Эйми Картер,Эксмо,7–12 лет,"дружба, семья, школа, животные, природа, братья и сёстры, смерть","фэнтези, научная фантастика, приключения",180,3,описание: обрезанная аннотация издательства; «почему рекомендуем»: шаблон ×669; страницы: 5 — похоже на номер в серии; объём считается неверно
https://n-e-n.ru/knigi/kniga/pastuh-i-pastushka-zvezdopad/,Пастух и пастушка. Звездопад,Виктор Астафьев,Эксмо,7–12 лет,"школа, животные, космос, страх",реалистическая проза,174,3,описание: обрезанная аннотация издательства; «почему рекомендуем»: шаблон ×656; автор: имя записано по-разному в разных карточках
https://n-e-n.ru/knigi/kniga/pasha-i-papa-govoryat-o-zhivotnyh/,Паша и папа говорят о животных,Сюзанна Вебер,МИФ.Детство,7–12 лет,"семья, животные, природа, путешествия, взросление",реалистическая проза,169,3,описание: обрезанная аннотация издательства; «почему рекомендуем»: шаблон ×669; страницы: 3726 — сбой импорта
https://n-e-n.ru/knigi/kniga/pervoe-chtenie-vernye-druzya-31-istoriya/,Первое чтение. Верные друзья. 31 история,Данилова Лида,Clever,3–5 лет,"дружба, семья, животные, искусство, взросление, эмоции","сказка, приключения, юмор",179,3,описание: обрезанная аннотация издательства; «почему рекомендуем»: шаблон ×656; автор: фамилия перед именем
https://n-e-n.ru/knigi/kniga/pervoe-chtenie-vmeste-veselee-31-istoriya/,Первое чтение. Вместе веселее. 31 история,Данилова Лида,Clever,3–5 лет,"дружба, семья, школа, детский сад, животные, братья и сёстры, эмоции, страх","юмор, семейная история",177,3,описание: обрезанная аннотация издательства; «почему рекомендуем»: шаблон ×656; автор: фамилия перед именем
https://n-e-n.ru/knigi/kniga/pervyy-zakon-shurupchika/,Первый закон Шурупчика,Стрельцова Алиса,КомпасГид,12–17 лет,"дружба, животные, искусство, взросление, эмоции, доброта",реалистическая проза,178,3,описание: обрезанная аннотация издательства; «почему рекомендуем»: шаблон ×122; автор: фамилия перед именем
https://n-e-n.ru/knigi/kniga/perepoloh-na-ferme-kak-poymat-vora/,Переполох на ферме. Как поймать вора,Марин Роза,Clever,6–8 лет,"дружба, животные, искусство, юмор",юмор,177,3,описание: обрезанная аннотация издательства; «почему рекомендуем»: шаблон ×870; автор: фамилия перед именем
https://n-e-n.ru/knigi/kniga/persey/,Персей,Ольга Орлова,Альпина.Дети,6–11 лет,"космос, история, мифология, искусство",сказка,165,3,описание: обрезанная аннотация издательства; «почему рекомендуем»: шаблон ×669; автор: имя записано по-разному в разных карточках
https://n-e-n.ru/knigi/kniga/pizhamnye-istorii-zasypay-malysh/,"Пижамные истории. Засыпай, малыш",Раффаэлла,Clever,2–3 лет,"семья, школа, животные, природа, космос","сказка, фэнтези, юмор",173,3,описание: обрезанная аннотация издательства; «почему рекомендуем»: шаблон ×870; возраст: «2–3 лет» → «2–3 года»
https://n-e-n.ru/knigi/kniga/pizhamnye-istorii-pro-mashiny-i-mashinki/,Пижамные истории. Про машины и машинки,Раффаэлла,Clever,2–3 лет,"семья, школа, детский сад, животные, искусство","сказка, юмор",168,3,описание: обрезанная аннотация издательства; «почему рекомендуем»: шаблон ×669; возраст: «2–3 лет» → «2–3 года»
https://n-e-n.ru/knigi/kniga/piter-krolik-i-drugie-il-huamen-studio/,Питер-кролик и другие (ил. Хуамен Студио),Беатрис Поттер,Эксмо,7–12 лет,"дружба, животные, природа, волшебство, приключения, ответственность","сказка, приключения",176,3,"описание: обрезанная аннотация издательства; «почему рекомендуем»: шаблон ×870; название: данные издания (иллюстратор, номер издания) внутри названия"
https://n-e-n.ru/knigi/kniga/plemya-zippoli/,Племя Зипполи,Пере Джинард,МИФ.Детство,12–17 лет,"семья, школа, природа, взросление, отношения, братья и сёстры, творчество","сказка, фэнтези, приключения",178,3,описание: обрезанная аннотация издательства; «почему рекомендуем»: шаблон ×870; страницы: 3726 — сбой импорта
https://n-e-n.ru/knigi/kniga/povar-myshka/,Повар Мышка,Ольга Вербицкая,Мелик-Пашаев,2–3 лет,"животные, путешествия, волшебство, страх, детектив",детектив,173,3,описание: обрезанная аннотация издательства; «почему рекомендуем»: шаблон ×870; возраст: «2–3 лет» → «2–3 года»
https://n-e-n.ru/knigi/kniga/podarok-dlya-deda-moroza-ili-pohischenie-novogodney-elki-s-avtografom/,"Подарок для Деда Мороза, или Похищение новогодней ёлки (с автографом)",Хворост Александра,КомпасГид,3–6 лет,"животные, природа, искусство, детектив",детектив,172,3,описание: обрезанная аннотация издательства; «почему рекомендуем»: шаблон ×669; автор: имя записано по-разному в разных карточках
https://n-e-n.ru/knigi/kniga/podvigi-gerakla-il-a-vlasovoy/,Подвиги Геракла (ил. А. Власовой),Николай Кун,Эксмо,10–11 лет,"семья, школа, животные, природа, история, братья и сёстры","сказка, поэзия",175,3,"описание: обрезанная аннотация издательства; «почему рекомендуем»: шаблон ×122; название: данные издания (иллюстратор, номер издания) внутри названия"
https://n-e-n.ru/knigi/kniga/podsnezhniki-i-vonyuchie-krysy/,Подснежники и вонючие крысы,Оскар Крун,Самокат,13–15 лет,"семья, животные, космос, приключения, братья и сёстры, смелость",научная фантастика,178,3,описание: обрезанная аннотация издательства; «почему рекомендуем»: шаблон ×120; автор: имя записано по-разному в разных карточках
https://n-e-n.ru/knigi/kniga/pozhirayuschiy/,Пожирающий,Полина Щербак,Самокат,13–15 лет,"семья, приключения, братья и сёстры, смерть",реалистическая проза,177,3,описание: обрезанная аннотация издательства; «почему рекомендуем»: шаблон ×870; автор: фамилия перед именем
https://n-e-n.ru/knigi/kniga/poleznye-skazki-skazki-pro-poleznye-privychki/,Полезные сказки. Сказки про полезные привычки,Минаева Катя,Clever,3–6 лет,"дружба, семья, школа, животные, искусство","сказка, юмор",172,3,описание: обрезанная аннотация издательства; «почему рекомендуем»: шаблон ×669; автор: фамилия перед именем
https://n-e-n.ru/knigi/kniga/politika-to-o-chem-vzroslye-tebe-ne-rasskazyvayut/,"Политика. То, о чем взрослые тебе не рассказывают*",Богусь Янишевский,Белая ворона,12–17 лет,"школа, взросление, юмор",юмор,177,3,описание: обрезанная аннотация издательства; «почему рекомендуем»: шаблон ×120; нет поля: число страниц
https://n-e-n.ru/knigi/kniga/poldi-i-pavlusha-nenarokom-vokrug-sveta/,Польди и Павлуша. Ненароком вокруг света,Кристиан; Фабиан Джеремисы,Поляндрия,3–7 лет,"семья, животные, искусство, приключения",приключения,178,3,описание: обрезанная аннотация издательства; «почему рекомендуем»: шаблон ×870; автор: имя записано по-разному в разных карточках
https://n-e-n.ru/knigi/kniga/polety-v-odinochku/,Полёты в одиночку,Роальд Даль,Самокат,7–9 лет,"школа, история, юмор, приключения, война","сказка, приключения, юмор",168,3,описание: обрезанная аннотация издательства; «почему рекомендуем»: шаблон ×656; автор: имя записано по-разному в разных карточках
https://n-e-n.ru/knigi/kniga/pomogayuschie-skazki-maminy-pomoschniki/,Помогающие сказки. Мамины помощники,Ульева Елена,Clever,3–5 лет,"семья, животные, искусство, братья и сёстры",сказка,178,3,описание: обрезанная аннотация издательства; «почему рекомендуем»: шаблон ×669; автор: фамилия перед именем
https://n-e-n.ru/knigi/kniga/pomogayuschie-skazki-u-menya-vse-poluchitsya/,Помогающие сказки. У меня всё получится!,Ульева Елена,Clever,3–5 лет,"дружба, животные, искусство, самооценка",сказка,176,3,описание: обрезанная аннотация издательства; «почему рекомендуем»: шаблон ×656; автор: фамилия перед именем
https://n-e-n.ru/knigi/kniga/pomogayuschie-skazki-uchus-druzhit-skazki/,Помогающие сказки. Учусь дружить. Сказки,Ульева Елена,Clever,3–5 лет,"дружба, животные, искусство, отношения, волшебство",сказка,180,3,описание: обрезанная аннотация издательства; «почему рекомендуем»: шаблон ×669; автор: фамилия перед именем
https://n-e-n.ru/knigi/kniga/porosenok-v-kolyuchey-shubke-i-drugie-skazki/,Поросёнок в колючей шубке и другие сказки,Сергей Козлов,АСТ,6–11 лет,"дружба, волшебство",сказка,144,3,«почему рекомендуем»: шаблон ×870; автор: имя записано по-разному в разных карточках; нет поля: число страниц
https://n-e-n.ru/knigi/kniga/poteryal-myshonok-son/,Потерял Мышонок сон...,Лиза Бранденбург,МИФ.Детство,3–6 лет,"семья, животные, путешествия",реалистическая проза,173,3,описание: обрезанная аннотация издательства; «почему рекомендуем»: шаблон ×669; страницы: 3726 — сбой импорта
https://n-e-n.ru/knigi/kniga/pouchitelnye-rasskazy-pro-malchika-yashu/,Поучительные рассказы про мальчика Яшу,Едуард Успенский,АСТ,6–11 лет,отношения,реалистическая проза,118,3,«почему рекомендуем»: шаблон ×870; автор: опечатка в имени; автор: имя записано по-разному в разных карточках
https://n-e-n.ru/knigi/kniga/pravila-bezopasnosti-v-skazkah-pravila-bezopasnosti-kruglyy-god/,Правила безопасности в сказках. Правила безопасности круглый год,Ульева Елена,Clever,3–5 лет,"школа, детский сад, животные, природа, искусство","сказка, юмор",180,3,описание: обрезанная аннотация издательства; «почему рекомендуем»: шаблон ×870; автор: фамилия перед именем
https://n-e-n.ru/knigi/kniga/pravila-bezopasnosti-v-skazkah-pravila-bezopasnosti-na-ulitse/,Правила безопасности в сказках. Правила безопасности на улице,Ульева Елена,Clever,3–5 лет,"семья, животные, искусство, путешествия, взросление",сказка,175,3,описание: обрезанная аннотация издательства; «почему рекомендуем»: шаблон ×656; автор: фамилия перед именем
https://n-e-n.ru/knigi/kniga/pravila-bezopasnosti-doma/,Правила безопасности дома,Ульева Елена,Clever,3–5 лет,"семья, животные, искусство, путешествия, взросление",сказка,173,3,описание: обрезанная аннотация издательства; «почему рекомендуем»: шаблон ×656; автор: фамилия перед именем
https://n-e-n.ru/knigi/kniga/privet-mayak/,"Привет, маяк!",Софи Блэколл,МИФ.Детство,7–12 лет,"семья, животные, природа, отношения, волшебство","сказка, фэнтези",176,3,описание: обрезанная аннотация издательства; «почему рекомендуем»: шаблон ×669; страницы: 3726 — сбой импорта
https://n-e-n.ru/knigi/kniga/privet-eto-my/,"Привет, это мы!",Татьяна Руссита,МИФ.Детство,4–6 лет,"семья, животные, взросление",реалистическая проза,171,3,описание: обрезанная аннотация издательства; «почему рекомендуем»: шаблон ×656; страницы: 3726 — сбой импорта
https://n-e-n.ru/knigi/kniga/prizrak-na-cherdake-vypusk-2/,Призрак на чердаке (выпуск 2),Бетти Рен Райт,Эксмо,12–17 лет,"животные, природа, взросление",детектив,176,3,описание: обрезанная аннотация издательства; «почему рекомендуем»: шаблон ×122; страницы: 2 — похоже на номер в серии; объём считается неверно
https://n-e-n.ru/knigi/kniga/priklyuchenie/,Приключение,Аарон Бекер,МИФ.Детство,7–12 лет,"животные, природа, путешествия, взросление, волшебство, смелость, творчество","сказка, фэнтези, приключения",178,3,описание: обрезанная аннотация издательства; «почему рекомендуем»: шаблон ×669; страницы: 3726 — сбой импорта
https://n-e-n.ru/knigi/kniga/priklyucheniya-ezhulki-myagkaya-oblozhka-kak-ezhulka-i-ego-druzya-2/,Приключения Ежульки (мягкая обложка). Как Ежулька и его друзья поверили в новогоднее чудо,Батлер М. Кристина,Clever,3–5 лет,"дружба, семья, школа, животные, природа, братья и сёстры","сказка, приключения",175,3,описание: обрезанная аннотация издательства; «почему рекомендуем»: шаблон ×870; автор: имя записано по-разному в разных карточках
https://n-e-n.ru/knigi/kniga/priklyucheniya-ezhulki-myagkaya-oblozhka-kak-ezhulka-i-ego-druzya/,Приключения Ежульки (мягкая обложка). Как Ежулька и его друзья помогли Деду Морозу,Батлер М. Кристина,Clever,3–5 лет,"дружба, семья, животные, природа, искусство, ответственность","сказка, фэнтези, приключения",179,3,описание: обрезанная аннотация издательства; «почему рекомендуем»: шаблон ×870; автор: имя записано по-разному в разных карточках
https://n-e-n.ru/knigi/kniga/priklyucheniya-ezhulki-myagkaya-oblozhka-kak-ezhulka-i-ego-druzya-chut/,Приключения Ежульки (мягкая обложка). Как Ежулька и его друзья чуть Новый год не пропустили,Батлер М. Кристина,Clever,3–5 лет,"дружба, семья, школа, животные, природа, братья и сёстры, смелость","сказка, фэнтези, приключения",176,3,описание: обрезанная аннотация издательства; «почему рекомендуем»: шаблон ×656; автор: имя записано по-разному в разных карточках
https://n-e-n.ru/knigi/kniga/priklyucheniya-ezhulki-myagkaya-oblozhka-samaya-zvezdnaya-noch/,Приключения Ежульки (мягкая обложка). Самая звёздная ночь,Батлер М. Кристина,Clever,3–5 лет,"дружба, семья, животные, космос, искусство","сказка, фэнтези, приключения",180,3,описание: обрезанная аннотация издательства; «почему рекомендуем»: шаблон ×656; автор: имя записано по-разному в разных карточках
https://n-e-n.ru/knigi/kniga/priklyucheniya-ezhulki-myagkaya-oblozhka-samyy-prekryasnyy-den/,Приключения Ежульки (мягкая обложка). Самый преКРЯсный день,Батлер М. Кристина,Clever,3–5 лет,"дружба, семья, животные, природа, искусство, ответственность",приключения,176,3,описание: обрезанная аннотация издательства; «почему рекомендуем»: шаблон ×656; автор: имя записано по-разному в разных карточках
https://n-e-n.ru/knigi/kniga/priklyucheniya-ezhulki-myagkaya-oblozhka-chto-stryaslos-pod-novyy-god/,Приключения Ежульки (мягкая обложка). Что стряслось под Новый год?,Батлер М. Кристина,Clever,3–5 лет,"дружба, животные, искусство, взросление, волшебство, детектив","сказка, фэнтези, детектив",178,3,описание: обрезанная аннотация издательства; «почему рекомендуем»: шаблон ×656; автор: имя записано по-разному в разных карточках
https://n-e-n.ru/knigi/kniga/priklyucheniya-ezhulki-kak-ezhulka-i-ego-druzya-poverili-v-novogodnee/,Приключения Ежульки. Как Ежулька и его друзья поверили в новогоднее чудо,Батлер М. Кристина,Clever,3–5 лет,"дружба, животные, искусство, отношения, приключения","сказка, приключения",176,3,описание: обрезанная аннотация издательства; «почему рекомендуем»: шаблон ×870; автор: имя записано по-разному в разных карточках
https://n-e-n.ru/knigi/kniga/priklyucheniya-ezhulki-kak-ezhulka-i-ego-druzya-pomogli-dedu-morozu/,Приключения Ежульки. Как Ежулька и его друзья помогли Деду Морозу,Батлер М. Кристина,Clever,3–5 лет,"дружба, семья, животные, искусство, волшебство","сказка, фэнтези, приключения",178,3,описание: обрезанная аннотация издательства; «почему рекомендуем»: шаблон ×669; автор: имя записано по-разному в разных карточках
https://n-e-n.ru/knigi/kniga/priklyucheniya-ezhulki-kak-ezhulka-i-ego-druzya-chut-novyy-god-ne/,Приключения Ежульки. Как Ежулька и его друзья чуть Новый год не пропустили,Батлер М. Кристина,Clever,3–5 лет,"дружба, семья, животные, природа, искусство, смелость","сказка, приключения",178,3,описание: обрезанная аннотация издательства; «почему рекомендуем»: шаблон ×669; автор: имя записано по-разному в разных карточках
https://n-e-n.ru/knigi/kniga/priklyucheniya-ezhulki-samaya-zvezdnaya-noch/,Приключения Ежульки. Самая звёздная ночь,Батлер М. Кристина,Clever,3–5 лет,"дружба, семья, животные, космос, искусство","сказка, приключения",172,3,описание: обрезанная аннотация издательства; «почему рекомендуем»: шаблон ×669; автор: имя записано по-разному в разных карточках
https://n-e-n.ru/knigi/kniga/priklyucheniya-ezhulki-samyy-prekryasnyy-den/,Приключения Ежульки. Самый преКРЯсный день,Батлер М. Кристина,Clever,3–5 лет,"дружба, семья, животные, природа, искусство",приключения,176,3,описание: обрезанная аннотация издательства; «почему рекомендуем»: шаблон ×669; автор: имя записано по-разному в разных карточках
https://n-e-n.ru/knigi/kniga/priklyucheniya-ezhulki-chto-stryaslos-pod-novyy-god/,Приключения Ежульки. Что стряслось под Новый год?,Батлер М. Кристина,Clever,3–5 лет,"животные, искусство, волшебство, приключения, детектив","сказка, фэнтези, детектив",179,3,описание: обрезанная аннотация издательства; «почему рекомендуем»: шаблон ×870; автор: имя записано по-разному в разных карточках
https://n-e-n.ru/knigi/kniga/priklyucheniya-karandasha-i-samodelkina-il-a-eliseeva/,Приключения Карандаша и Самоделкина (ил. А. Елисеева),Юрий Дружков,Эксмо,7–12 лет,"дружба, школа, животные, природа, космос, динозавры","сказка, фэнтези, приключения",179,3,"описание: обрезанная аннотация издательства; «почему рекомендуем»: шаблон ×669; название: данные издания (иллюстратор, номер издания) внутри названия"
https://n-e-n.ru/knigi/kniga/priklyucheniya-konrada-fryulinga/,Приключения Конрада Фрюлинга,Хуберт Ширнек,Альпина.Дети,7–12 лет,"семья, животные, искусство, волшебство, приключения, братья и сёстры, страх","фэнтези, приключения",171,3,описание: обрезанная аннотация издательства; «почему рекомендуем»: шаблон ×669; автор: имя записано по-разному в разных карточках
https://n-e-n.ru/knigi/kniga/priklyucheniya-odisseya/,Приключения Одиссея,Е. А. Тудоровская,Детская литература,7–12 лет,"приключения, война",приключения,142,3,«почему рекомендуем»: шаблон ×656; нет поля: ISBN; нет поля: число страниц
https://n-e-n.ru/knigi/kniga/priklyucheniya-starogo-bashmaka-rasskazannye-im-samim/,"Приключения Старого Башмака, рассказанные им самим",Георгий Балл,Новое литературное обозрение,6–11 лет,приключения,фэнтези,155,3,«почему рекомендуем»: шаблон ×870; нет поля: ISBN; нет поля: число страниц
https://n-e-n.ru/knigi/kniga/priklyucheniya-tosi-bosi-tosya-bosya-i-pohititel-sil/,Приключения Тоси-Боси. Тося-Бося и Похититель сил,Весова Юлия,Clever,2–5 лет,"семья, школа, детский сад, животные, искусство","сказка, приключения, юмор",178,3,описание: обрезанная аннотация издательства; «почему рекомендуем»: шаблон ×656; автор: фамилия перед именем
https://n-e-n.ru/knigi/kniga/priklyucheniya-tosi-bosi-tosya-bosya-i-nesmetnye-sokrovischa/,Приключения Тоси-Боси. Тося-Бося и несметные сокровища,Весова Юлия,Clever,2–5 лет,"семья, животные, природа, искусство, юмор, братья и сёстры","сказка, приключения, юмор",175,3,описание: обрезанная аннотация издательства; «почему рекомендуем»: шаблон ×669; автор: фамилия перед именем
https://n-e-n.ru/knigi/kniga/priklyucheniya-tosi-bosi-tosya-bosya-i-tainstvennyy-nikto/,Приключения Тоси-Боси. Тося-Бося и таинственный Никто,Весова Юлия,Clever,2–5 лет,"семья, животные, искусство, юмор, приключения, братья и сёстры, страх, ответственность, детектив","сказка, детектив, приключения",173,3,описание: обрезанная аннотация издательства; «почему рекомендуем»: шаблон ×656; автор: фамилия перед именем
https://n-e-n.ru/knigi/kniga/priklyucheniya-yuliusa-oduvanchika-spasti-novyy-god/,Приключения Юлиуса Одуванчика. Спасти Новый Год,Андреас Х. Шмахтл,Поляндрия,3–7 лет,"искусство, юмор, приключения","приключения, юмор",179,3,описание: обрезанная аннотация издательства; «почему рекомендуем»: шаблон ×656; «почему рекомендуем»: «о» вместо «об»
https://n-e-n.ru/knigi/kniga/priklyucheniya-v-ledyanoy-akademii-tayna-volshebnogo-posoha/,Приключения в Ледяной академии. Тайна волшебного посоха,Кириллова Ольга,Clever,6–10 лет,"семья, школа, животные, искусство, взросление","фэнтези, детектив, приключения",170,3,описание: обрезанная аннотация издательства; «почему рекомендуем»: шаблон ×870; автор: фамилия перед именем
https://n-e-n.ru/knigi/kniga/priklyucheniya-dinozavrika-dina-dinozavrik-din-ne-hochet-delitsya/,Приключения динозаврика Дина. Динозаврик Дин не хочет делиться!,Бедуэ Тьерри,Clever,2–4 лет,"дружба, семья, детский сад, животные, искусство, братья и сёстры, эмоции, динозавры","сказка, приключения, юмор",176,3,описание: обрезанная аннотация издательства; «почему рекомендуем»: шаблон ×870; возраст: «2–4 лет» → «2–4 года»
https://n-e-n.ru/knigi/kniga/priklyucheniya-dinozavrika-dina-dinozavrik-din-ne-hochet-spat/,Приключения динозаврика Дина. Динозаврик Дин не хочет спать!,Бедуэ Тьерри,Clever,2–4 лет,"семья, животные, искусство, взросление, юмор, эмоции, страх, динозавры","сказка, приключения, юмор",178,3,описание: обрезанная аннотация издательства; «почему рекомендуем»: шаблон ×870; возраст: «2–4 лет» → «2–4 года»
https://n-e-n.ru/knigi/kniga/priklyucheniya-dinozavrika-dina-dinozavrik-din-nichego-ne-boitsya/,Приключения динозаврика Дина. Динозаврик Дин ничего не боится!,Бедуэ Тьерри,Clever,2–4 лет,"дружба, семья, детский сад, животные, природа, эмоции, страх, динозавры","сказка, приключения, юмор",180,3,описание: обрезанная аннотация издательства; «почему рекомендуем»: шаблон ×669; возраст: «2–4 лет» → «2–4 года»
https://n-e-n.ru/knigi/kniga/priklyucheniya-doistoricheskogo-malchika-il-v-kanivtsa/,Приключения доисторического мальчика (ил. В. Канивца),Д’Эрвильи Э.,Эксмо,12–17 лет,"дружба, семья, школа, животные, история, братья и сёстры, творчество",приключения,178,3,"описание: обрезанная аннотация издательства; «почему рекомендуем»: шаблон ×122; название: данные издания (иллюстратор, номер издания) внутри названия"
https://n-e-n.ru/knigi/kniga/priklyucheniya-zheltogo-chemodanchika/,Приключения желтого чемоданчика,Софья Прокофьева,Эксмо,6–11 лет,приключения,приключения,171,3,описание: обрезанная аннотация издательства; «почему рекомендуем»: шаблон ×669; нет поля: число страниц
https://n-e-n.ru/knigi/kniga/priklyucheniya-kotyat-i-schenyat-kotenok-plyusha-ili-pushistye/,"Приключения котят и щенят. Котенок Плюша, или Пушистые приключения",Ульева Елена,Clever,6–8 лет,"дружба, семья, школа, животные, искусство, братья и сёстры, ответственность","сказка, приключения",178,3,описание: обрезанная аннотация издательства; «почему рекомендуем»: шаблон ×669; автор: фамилия перед именем
https://n-e-n.ru/knigi/kniga/priklyucheniya-hameleona-ignata-hameleon-ignat-i-neveroyatnaya-grusha/,Приключения хамелеона Игната. Хамелеон Игнат и невероятная груша,Ульева Елена,Clever,3–6 лет,"дружба, семья, животные, искусство, отношения, эмоции","сказка, приключения",170,3,описание: обрезанная аннотация издательства; «почему рекомендуем»: шаблон ×669; автор: фамилия перед именем
https://n-e-n.ru/knigi/kniga/printsessa-belonozhka-ili-kto-lyubit-nosit-na-rukah/,"Принцесса Белоножка, или Кто любит, носит на руках",Людмила Стефановна Петрушевская,АСТ,7–12 лет,отношения,реалистическая проза,139,3,«почему рекомендуем»: шаблон ×656; «почему рекомендуем»: «о» вместо «об»; автор: имя записано по-разному в разных карточках
https://n-e-n.ru/knigi/kniga/printsessa-dunya-i/,Принцесса Дуня и...,Александр Киселёв; Лера Сидорова,Альпина.Дети,6–10 лет,"дружба, семья, школа, природа, космос, фантастика",реалистическая проза,179,3,описание: обрезанная аннотация издательства; «почему рекомендуем»: шаблон ×870; автор: имя записано по-разному в разных карточках
https://n-e-n.ru/knigi/kniga/priplyvshiy-dom/,Приплывший дом,Каримова Снежана,КомпасГид,13–17 лет,"животные, история, взросление, детектив","фэнтези, научная фантастика, детектив",165,3,описание: обрезанная аннотация издательства; «почему рекомендуем»: шаблон ×870; автор: фамилия перед именем
https://n-e-n.ru/knigi/kniga/pro-babaku-kostochkinu-3/,Про Бабаку Косточкину-3,Никольская Анна,Clever,7–13 лет,"дружба, семья, животные, природа, история, братья и сёстры, эмоции","приключения, юмор",176,3,описание: обрезанная аннотация издательства; «почему рекомендуем»: шаблон ×656; автор: фамилия перед именем
https://n-e-n.ru/knigi/kniga/pro-veru-i-anfisu/,Про Веру и Анфису,Едуард Успенский,АСТ,6–11 лет,отношения,реалистическая проза,155,3,«почему рекомендуем»: шаблон ×870; автор: опечатка в имени; автор: имя записано по-разному в разных карточках
https://n-e-n.ru/knigi/kniga/pro-bitvy-i-srazheniya/,Про битвы и сражения,Эдуард Шендерович,Самокат,4–6 лет,отношения,поэзия,178,3,описание: обрезанная аннотация издательства; «почему рекомендуем»: шаблон ×669; «почему рекомендуем»: «о» вместо «об»
https://n-e-n.ru/knigi/kniga/pro-zverey/,Про зверей,Константин Дмитриевич Ушинский,Mir knigi,6–11 лет,животные,реалистическая проза,148,3,«почему рекомендуем»: шаблон ×656; автор: имя записано по-разному в разных карточках; нет поля: число страниц
https://n-e-n.ru/knigi/kniga/pro-kozlenka-kotoryy-umel-schitat-do-desyati/,"Про козлёнка, который умел считать до десяти",Альф Прёйсен,Мелик-Пашаев,2–3 лет,"животные, волшебство",сказка,177,3,описание: обрезанная аннотация издательства; «почему рекомендуем»: шаблон ×669; возраст: «2–3 лет» → «2–3 года»
https://n-e-n.ru/knigi/kniga/progulka-s-lunoy/,Прогулка с Луной,Кэролин Кёртис,Поляндрия,3–7 лет,"животные, искусство, путешествия, взросление, приключения","научная фантастика, приключения, поэзия",171,3,описание: обрезанная аннотация издательства; «почему рекомендуем»: шаблон ×870; автор: фамилия перед именем
https://n-e-n.ru/knigi/kniga/progulki-po-detskomu-peterburgu/,Прогулки по детскому Петербургу,Ольга Феофанова,Piter,7–12 лет,"семья, путешествия",приключения,176,3,описание: обрезанная аннотация издательства; «почему рекомендуем»: шаблон ×870; нет поля: число страниц
https://n-e-n.ru/knigi/kniga/proisshestvie-v-kuryatnike/,Происшествие в курятнике,Туре Аурстад,МИФ.Детство,12–17 лет,"дружба, семья, животные, природа, взросление, братья и сёстры, творчество, детектив","детектив, юмор",174,3,описание: обрезанная аннотация издательства; «почему рекомендуем»: шаблон ×120; страницы: 3726 — сбой импорта
https://n-e-n.ru/knigi/kniga/promezhute/,Промежутье,Ребекка Ансари,МИФ.Детство,7–12 лет,"семья, школа, животные, природа, космос, смерть","сказка, фэнтези, детектив",178,3,описание: обрезанная аннотация издательства; «почему рекомендуем»: шаблон ×656; страницы: 3726 — сбой импорта
https://n-e-n.ru/knigi/kniga/propazha/,Пропажа,Екатерина Серова,Мелик-Пашаев,2–6 лет,"дружба, юмор, волшебство, детектив","детектив, юмор, поэзия",175,3,описание: обрезанная аннотация издательства; «почему рекомендуем»: шаблон ×656; автор: имя записано по-разному в разных карточках
https://n-e-n.ru/knigi/kniga/prosto-rikka-i-tochka/,Просто Рикка. И точка,Майкен Нулюнд,МИФ.Детство,7–12 лет,"семья, школа, животные, природа, отношения, братья и сёстры, первая любовь, смерть","сказка, фэнтези, научная фантастика",176,3,описание: обрезанная аннотация издательства; «почему рекомендуем»: шаблон ×656; страницы: 3726 — сбой импорта
https://n-e-n.ru/knigi/kniga/prosto-prazdnik/,Просто праздник!,Артур Гиваргизов,Самокат,4–6 лет,отношения,поэзия,180,3,описание: обрезанная аннотация издательства; «почему рекомендуем»: шаблон ×656; «почему рекомендуем»: «о» вместо «об»
https://n-e-n.ru/knigi/kniga/professor-kislyh-schey/,Профессор кислых щей,В. Драгунский,Эксмо,6–11 лет,отношения,реалистическая проза,126,3,«почему рекомендуем»: шаблон ×669; «почему рекомендуем»: «о» вместо «об»; автор: имя записано по-разному в разных карточках
https://n-e-n.ru/knigi/kniga/pryatki-na-ferme/,Прятки на ферме,Бьонди Гислен; Карбоней Бенедикт; Болен Дельфин,Clever,2–3 лет,"семья, школа, детский сад, животные, искусство","сказка, приключения, юмор",176,3,описание: обрезанная аннотация издательства; «почему рекомендуем»: шаблон ×669; возраст: «2–3 лет» → «2–3 года»
https://n-e-n.ru/knigi/kniga/puteshestvie-korablika/,Путешествие Кораблика,Кодзи Исикава,Поляндрия,2–4 лет,"искусство, путешествия, морские приключения, приключения",реалистическая проза,171,3,описание: обрезанная аннотация издательства; «почему рекомендуем»: шаблон ×870; возраст: «2–4 лет» → «2–4 года»
https://n-e-n.ru/knigi/kniga/puteshestvie-v-drevlyandiyu/,Путешествие в Древляндию,Елена Росес,МИФ.Детство,7–12 лет,"дружба, семья, природа, путешествия, волшебство, братья и сёстры","сказка, фэнтези, детектив",175,3,описание: обрезанная аннотация издательства; «почему рекомендуем»: шаблон ×870; страницы: 3726 — сбой импорта
https://n-e-n.ru/knigi/kniga/puteshestvie-po-zvezdam-vypusk-4/,Путешествие по звездам (выпуск 4),Гарриет Манкастер,Эксмо,7–12 лет,"дружба, животные, природа, космос, путешествия","сказка, фэнтези, приключения",177,3,описание: обрезанная аннотация издательства; «почему рекомендуем»: шаблон ×669; страницы: 4 — похоже на номер в серии; объём считается неверно
https://n-e-n.ru/knigi/kniga/pushistye-istorii-kotenok-plyusha-ischet-semyu/,Пушистые истории. Котенок Плюша ищет семью,Ульева Елена,Clever,6–10 лет,"семья, школа, животные, искусство, спорт, братья и сёстры, первая любовь","приключения, юмор",170,3,описание: обрезанная аннотация издательства; «почему рекомендуем»: шаблон ×656; автор: фамилия перед именем
https://n-e-n.ru/knigi/kniga/pushistye-istorii-kotenok-pushinka-ischet-dom/,Пушистые истории. Котенок Пушинка ищет дом,Ульева Елена,Clever,6–10 лет,"дружба, семья, школа, животные, искусство, эмоции",приключения,177,3,описание: обрезанная аннотация издательства; «почему рекомендуем»: шаблон ×870; автор: фамилия перед именем
https://n-e-n.ru/knigi/kniga/pushistye-istorii-kotenok-snezhinka-i-novogodnee-chudo/,Пушистые истории. Котенок Снежинка и новогоднее чудо,Ульева Елена,Clever,6–9 лет,"дружба, семья, школа, животные, искусство, братья и сёстры, смелость","сказка, приключения",172,3,описание: обрезанная аннотация издательства; «почему рекомендуем»: шаблон ×870; автор: фамилия перед именем
https://n-e-n.ru/knigi/kniga/pushistye-istorii-schenok-bublik-poteryalsya/,Пушистые истории. Щенок Бублик потерялся,Ульева Елена,Clever,6–9 лет,"дружба, семья, школа, животные, искусство, ответственность, доброта",приключения,179,3,описание: обрезанная аннотация издательства; «почему рекомендуем»: шаблон ×870; автор: фамилия перед именем
https://n-e-n.ru/knigi/kniga/pushistye-istorii-schenok-druzhok-ischet-druzey/,Пушистые истории. Щенок Дружок ищет друзей,Ульева Елена,Clever,6–9 лет,"дружба, семья, животные, искусство, спорт","сказка, юмор",175,3,описание: обрезанная аннотация издательства; «почему рекомендуем»: шаблон ×870; автор: фамилия перед именем
https://n-e-n.ru/knigi/kniga/pushistye-istorii-schenok-ogonek-day-lapu/,"Пушистые истории. Щенок Огонек, дай лапу!",Ульева Елена,Clever,6–9 лет,"дружба, семья, школа, животные, искусство",приключения,177,3,описание: обрезанная аннотация издательства; «почему рекомендуем»: шаблон ×669; автор: фамилия перед именем
https://n-e-n.ru/knigi/kniga/pushistye-priklyucheniya-kotenok-plyusha-ischet-semyu/,Пушистые приключения. Котенок Плюша ищет семью,Ульева Елена,Clever,6–8 лет,"дружба, семья, школа, детский сад, животные, братья и сёстры","сказка, приключения",175,3,описание: обрезанная аннотация издательства; «почему рекомендуем»: шаблон ×656; автор: фамилия перед именем
https://n-e-n.ru/knigi/kniga/pes-proglotivshiy-mir/,"Пёс, проглотивший мир",Сандра Дикманн,МИФ.Детство,7–12 лет,"дружба, семья, животные, природа, взросление","сказка, фэнтези",178,3,описание: обрезанная аннотация издательства; «почему рекомендуем»: шаблон ×870; страницы: 3726 — сбой импорта
https://n-e-n.ru/knigi/kniga/raduga-hameleon/,Радуга Хамелеон,Юсуке Ёнедзу,Поляндрия,2–4 лет,"искусство, юмор","сказка, юмор",113,3,«почему рекомендуем»: шаблон ×656; «почему рекомендуем»: «о» вместо «об»; возраст: «2–4 лет» → «2–4 года»
https://n-e-n.ru/knigi/kniga/raznotsvetnyy-sneg-3-e-izd/,Разноцветный снег (3-е изд.),Наталия Волкова,КомпасГид,9–13 лет,"семья, школа, животные, взросление, эмоции",реалистическая проза,179,3,"описание: обрезанная аннотация издательства; «почему рекомендуем»: шаблон ×669; название: данные издания (иллюстратор, номер издания) внутри названия"
https://n-e-n.ru/knigi/kniga/rassvetnyy-tyulen/,Рассветный тюлень,Холли Вебб,Эксмо,12–17 лет,"животные, природа, взросление, волшебство, приключения, детектив","детектив, приключения",174,3,описание: обрезанная аннотация издательства; «почему рекомендуем»: шаблон ×870; автор: имя записано по-разному в разных карточках
https://n-e-n.ru/knigi/kniga/rasskazy/,Рассказы,Радий Погодин,Мелик-Пашаев,4–14 лет,"морские приключения, волшебство",реалистическая проза,169,3,описание: обрезанная аннотация издательства; «почему рекомендуем»: шаблон ×870; название повторяется ×2 — проверить дубль
https://n-e-n.ru/knigi/kniga/rasskazy-o-belochke-i-tamarochke/,Рассказы о белочке и тамарочке,Л. Пантелеев,Проф-Пресс,6–11 лет,школа,реалистическая проза,147,3,«почему рекомендуем»: шаблон ×656; автор: имя записано по-разному в разных карточках; нет поля: число страниц
https://n-e-n.ru/knigi/kniga/rassledovaniya-v-shkole-2-e-izd/,Расследования в школе (2-е изд),Жан-Филипп Арру-Виньо,КомпасГид,9–13 лет,"семья, школа, животные, искусство, юмор, братья и сёстры, смелость, детектив","детектив, приключения, юмор",179,3,"описание: обрезанная аннотация издательства; «почему рекомендуем»: шаблон ×656; название: данные издания (иллюстратор, номер издания) внутри названия"
https://n-e-n.ru/knigi/kniga/regina-puteshestvennitsa-speshit-v-aziyu/,Регина-путешественница спешит в Азию,Регина Тодоренко,Эксмо,3–6 лет,"семья, животные, природа, мифология, путешествия, братья и сёстры, эмоции","сказка, детектив, приключения",175,3,описание: обрезанная аннотация издательства; «почему рекомендуем»: шаблон ×870; автор: фамилия перед именем
https://n-e-n.ru/knigi/kniga/rechnoe-ditya-tayna-plavuchego-doma/,Речное дитя. Тайна плавучего дома,Больман Сабине,Clever,8–9 лет,"дружба, семья, животные, искусство, взросление, братья и сёстры","детектив, приключения, юмор",180,3,описание: обрезанная аннотация издательства; «почему рекомендуем»: шаблон ×870; автор: фамилия перед именем
https://n-e-n.ru/knigi/kniga/rikki-tikki-tavi-i-drugie-skazki-il-k-pavlovoy/,Рикки-Тикки-Тави и другие сказки (ил. К. Павловой),Редьярд Киплинг,Эксмо,7–12 лет,"школа, животные, природа, отношения, волшебство, страх",сказка,180,3,"описание: обрезанная аннотация издательства; «почему рекомендуем»: шаблон ×669; название: данные издания (иллюстратор, номер издания) внутри названия"
https://n-e-n.ru/knigi/kniga/rozhdenie-magicheskih-suschestv-chast-1/,Рождение магических существ. Часть 1,Leon Image,Эксмо,7–12 лет,"семья, животные, природа, история, путешествия",приключения,174,3,описание: обрезанная аннотация издательства; «почему рекомендуем»: шаблон ×669; страницы: 1 — похоже на номер в серии; объём считается неверно
https://n-e-n.ru/knigi/kniga/rozhdestvo-i-novyy-god/,Рождество и Новый год,Микеле Д’иньяцио,МИФ.Детство,7–12 лет,"животные, природа, отношения, приключения",приключения,179,3,описание: обрезанная аннотация издательства; «почему рекомендуем»: шаблон ×669; страницы: 3726 — сбой импорта
https://n-e-n.ru/knigi/kniga/rukavichki/,Рукавички,Пол Гэльдон,Мелик-Пашаев,2–3 лет,"школа, животные, волшебство","сказка, поэзия",179,3,описание: обрезанная аннотация издательства; «почему рекомендуем»: шаблон ×870; возраст: «2–3 лет» → «2–3 года»
https://n-e-n.ru/knigi/kniga/rusachok/,Русачок,Борис Заходер,Мелик-Пашаев,4–6 лет,"животные, музыка, волшебство",сказка,174,3,описание: обрезанная аннотация издательства; «почему рекомендуем»: шаблон ×669; автор: имя записано по-разному в разных карточках
https://n-e-n.ru/knigi/kniga/russkaya-plennitsa-frantsuzskogo-kota/,Русская пленница французского кота,Игорь Жуков,Пешком в историю,6–11 лет,"животные, война",реалистическая проза,176,3,описание: обрезанная аннотация издательства; «почему рекомендуем»: шаблон ×870; нет поля: число страниц
https://n-e-n.ru/knigi/kniga/russkie-deti/,Русские дети,Павел Крусанов; Александр Етоев,Азбука-Аттикус,6–12 лет,"отношения, страх",реалистическая проза,175,3,описание: обрезанная аннотация издательства; «почему рекомендуем»: шаблон ×870; нет поля: число страниц
https://n-e-n.ru/knigi/kniga/ryzhaya-skazka/,Рыжая сказка,С. Г. Козлов,ОЛМА,6–11 лет,волшебство,сказка,179,3,«почему рекомендуем»: шаблон ×669; автор: имя записано по-разному в разных карточках; нет поля: число страниц
https://n-e-n.ru/knigi/kniga/ryzhiy-kot-i-novyy-god/,Рыжий кот и Новый год,Фульвия Дель’инноченти,МИФ.Детство,7–12 лет,"семья, животные, путешествия, отношения, волшебство","сказка, фэнтези, приключения",178,3,описание: обрезанная аннотация издательства; «почему рекомендуем»: шаблон ×870; страницы: 3726 — сбой импорта
https://n-e-n.ru/knigi/kniga/s-lyubovyu-shmyak-knizhka-s-nakleykami/,"С любовью, Шмяк. Книжка с наклейками",Скоттон Роб,Clever,2–4 лет,"животные, искусство, отношения, юмор",юмор,179,3,описание: обрезанная аннотация издательства; «почему рекомендуем»: шаблон ×656; возраст: «2–4 лет» → «2–4 года»
https://n-e-n.ru/knigi/kniga/sadko-i-drugie-russkie-byliny/,Садко и другие русские былины,И. В. Карнаухова,,7–12 лет,"дружба, природа",сказка,148,3,«почему рекомендуем»: шаблон ×669; нет поля: издательство; нет поля: число страниц
https://n-e-n.ru/knigi/kniga/salto-nazad/,Сальто назад,Дарси Миллер,Альпина.Дети,9–14 лет,"дружба, семья, животные, искусство, спорт, смелость",реалистическая проза,178,3,описание: обрезанная аннотация издательства; «почему рекомендуем»: шаблон ×656; автор: имя записано по-разному в разных карточках
https://n-e-n.ru/knigi/kniga/santa-klaus-i-ego-priklyucheniya-il-mirti/,Санта-Клаус и его приключения (ил. Мирти),Лаймен Фрэнк Баум,Эксмо,7–12 лет,"семья, животные, юмор, волшебство, приключения, доброта","сказка, фэнтези, приключения",178,3,"описание: обрезанная аннотация издательства; «почему рекомендуем»: шаблон ×669; название: данные издания (иллюстратор, номер издания) внутри названия"
https://n-e-n.ru/knigi/kniga/saharnyy-rebenok/,Сахарный ребёнок,Ольга Громова,КомпасГид,11–15 лет,"семья, история, отношения","историческая проза, семейная история",124,3,«почему рекомендуем»: шаблон ×120; страницы: 2020 — похоже на год издания; нет поля: ISBN
https://n-e-n.ru/knigi/kniga/sverchok-kotoryy-dumal-tolko-o-sebe/,"Сверчок, который думал только о себе",Сусанна Исерн,Мелик-Пашаев,2–3 лет,"дружба, животные, волшебство",реалистическая проза,179,3,описание: обрезанная аннотация издательства; «почему рекомендуем»: шаблон ×656; возраст: «2–3 лет» → «2–3 года»
https://n-e-n.ru/knigi/kniga/svetlik-tuchkin-i-puzyr-zhelaniy-3-e-izd/,Светлик Тучкин и Пузырь желаний (3-е изд.),Виктория Ледерман,КомпасГид,7–12 лет,"дружба, школа, детский сад, животные, взросление, эмоции","приключения, юмор",176,3,"описание: обрезанная аннотация издательства; «почему рекомендуем»: шаблон ×656; название: данные издания (иллюстратор, номер издания) внутри названия"
https://n-e-n.ru/knigi/kniga/svetlik-tuchkin-i-ukradennye-kanikuly-3-e-izd/,Светлик Тучкин и украденные каникулы (3-е изд.),Виктория Ледерман,КомпасГид,6–10 лет,"школа, взросление, юмор, приключения","приключения, юмор",175,3,"описание: обрезанная аннотация издательства; «почему рекомендуем»: шаблон ×870; название: данные издания (иллюстратор, номер издания) внутри названия"
https://n-e-n.ru/knigi/kniga/svetomore-tom-2-razrushitel-solntsa/,Светоморье. Том 2. Разрушитель солнца,Тим Проберт,МИФ.Детство,7–12 лет,"дружба, школа, животные, космос, история, страх, война, смелость","сказка, фэнтези, детектив",177,3,описание: обрезанная аннотация издательства; «почему рекомендуем»: шаблон ×870; страницы: 3726 — сбой импорта
https://n-e-n.ru/knigi/kniga/svetomore-tom-3-temnye-vremena/,Светоморье. Том 3. Темные времена,Тим Проберт,МИФ.Детство,7–12 лет,"дружба, семья, животные, волшебство, приключения, братья и сёстры, страх","сказка, фэнтези, детектив",179,3,описание: обрезанная аннотация издательства; «почему рекомендуем»: шаблон ×656; страницы: 3726 — сбой импорта
https://n-e-n.ru/knigi/kniga/svintusy/,Свинтусы,Роальд Даль,Самокат,7–9 лет,животные,сказка,178,3,описание: обрезанная аннотация издательства; «почему рекомендуем»: шаблон ×669; автор: имя записано по-разному в разных карточках
https://n-e-n.ru/knigi/kniga/sekret-elovyh-pisem-2/,Секрет еловых писем (#2),Фрауке Шойнеманн,Эксмо,7–12 лет,"дружба, школа, животные, юмор, приключения, детектив","детектив, приключения, юмор",178,3,описание: обрезанная аннотация издательства; «почему рекомендуем»: шаблон ×656; страницы: 2 — похоже на номер в серии; объём считается неверно
https://n-e-n.ru/knigi/kniga/semeynye-skazki-babushkiny-skazki-dlya-chteniya-pered-snom/,Семейные сказки. Бабушкины сказки для чтения перед сном,Ульева Елена,Clever,4–6 лет,"семья, искусство, отношения, эмоции","сказка, семейная история",175,3,описание: обрезанная аннотация издательства; «почему рекомендуем»: шаблон ×656; автор: фамилия перед именем
https://n-e-n.ru/knigi/kniga/semeynye-skazki-dedushkiny-skazki-dlya-chteniya-pered-snom/,Семейные сказки. Дедушкины сказки для чтения перед сном,Ульева Елена,Clever,4–6 лет,"семья, школа, животные, искусство, отношения, эмоции","сказка, семейная история",176,3,описание: обрезанная аннотация издательства; «почему рекомендуем»: шаблон ×669; автор: фамилия перед именем
https://n-e-n.ru/knigi/kniga/semeynye-skazki-mama-ya-lyublyu-tebya/,"Семейные сказки. Мама, я люблю тебя",Ульева Елена,Clever,2–5 лет,"семья, природа, искусство, отношения, волшебство","сказка, фэнтези, семейная история",178,3,описание: обрезанная аннотация издательства; «почему рекомендуем»: шаблон ×669; автор: фамилия перед именем
https://n-e-n.ru/knigi/kniga/semeynye-skazki-moya-mama-samaya-luchshaya-podarochnoe/,Семейные сказки. Моя мама самая лучшая (подарочное),Ульева Елена,Clever,4–6 лет,"дружба, семья, школа, животные, искусство, братья и сёстры","сказка, семейная история",179,3,описание: обрезанная аннотация издательства; «почему рекомендуем»: шаблон ×870; автор: фамилия перед именем
https://n-e-n.ru/knigi/kniga/semeynye-skazki-papa-ya-lyublyu-tebya/,"Семейные сказки. Папа, я люблю тебя",Ульева Елена,Clever,2–5 лет,"семья, школа, природа, искусство, отношения","сказка, семейная история",172,3,описание: обрезанная аннотация издательства; «почему рекомендуем»: шаблон ×656; автор: фамилия перед именем
https://n-e-n.ru/knigi/kniga/sem-dney-do-sakury/,Семь дней до сакуры,Лаврова Светлана,КомпасГид,9–13 лет,"семья, взросление, приключения, братья и сёстры","фэнтези, научная фантастика, приключения",174,3,описание: обрезанная аннотация издательства; «почему рекомендуем»: шаблон ×656; автор: фамилия перед именем
https://n-e-n.ru/knigi/kniga/seraya-zvezdochka/,Серая Звёздочка,Борис Заходер,Мелик-Пашаев,2–10 лет,"животные, космос, волшебство",сказка,174,3,описание: обрезанная аннотация издательства; «почему рекомендуем»: шаблон ×669; автор: имя записано по-разному в разных карточках
https://n-e-n.ru/knigi/kniga/serdtse-dikogo-luga/,Сердце дикого луга,Холли Вебб,Эксмо,3–6 лет,"школа, животные, природа, путешествия, юмор, эмоции","приключения, юмор",175,3,описание: обрезанная аннотация издательства; «почему рекомендуем»: шаблон ×870; автор: имя записано по-разному в разных карточках
https://n-e-n.ru/knigi/kniga/sinorina-koritsa-3-e-izd/,Синьорина Корица (3-е изд.),Луиджи Баллерини,КомпасГид,4–9 лет,"животные, музыка, отношения, приключения",приключения,172,3,"описание: обрезанная аннотация издательства; «почему рекомендуем»: шаблон ×37; название: данные издания (иллюстратор, номер издания) внутри названия"
https://n-e-n.ru/knigi/kniga/sinyaya-kniga-skazok/,Синяя книга сказок,Носов Михаил,Clever,4–7 лет,"семья, школа, детский сад, животные, искусство","сказка, фэнтези",180,3,описание: обрезанная аннотация издательства; «почему рекомендуем»: шаблон ×870; автор: фамилия перед именем
https://n-e-n.ru/knigi/kniga/sirius/,Сириус,Стефан Серван,МИФ.Детство,14–15 лет,"дружба, семья, животные, природа, космос, братья и сёстры, война",сказка,179,3,описание: обрезанная аннотация издательства; «почему рекомендуем»: шаблон ×870; страницы: 3726 — сбой импорта
https://n-e-n.ru/knigi/kniga/skazka-na-noch-spi-drakosha-bayu-bay/,"Сказка на ночь. Спи, Дракоша, баю-бай!",Шульц Бьянка,Clever,2–4 лет,"животные, искусство",сказка,177,3,описание: обрезанная аннотация издательства; «почему рекомендуем»: шаблон ×870; возраст: «2–4 лет» → «2–4 года»
https://n-e-n.ru/knigi/kniga/skazka-na-noch-spokoynoy-nochi-zoopark/,"Сказка на ночь. Спокойной ночи, зоопарк!",Мендес Наталия,Clever,2–5 лет,"дружба, семья, животные, природа, искусство, братья и сёстры, эмоции","сказка, поэзия",176,3,описание: обрезанная аннотация издательства; «почему рекомендуем»: шаблон ×870; автор: фамилия перед именем
https://n-e-n.ru/knigi/kniga/skazka-na-noch-spokoynoy-nochi-lesnye-zveryata/,"Сказка на ночь. Спокойной ночи, лесные зверята!",Мендес Наталия,Clever,2–5 лет,"дружба, семья, животные, природа, искусство, братья и сёстры, эмоции","сказка, поэзия",174,3,описание: обрезанная аннотация издательства; «почему рекомендуем»: шаблон ×669; автор: фамилия перед именем
https://n-e-n.ru/knigi/kniga/skazka-na-noch-spokoynoy-nochi-musorovozik/,"Сказка на ночь. Спокойной ночи, мусоровозик!",Вальде Лена,Clever,2–4 лет,"дружба, семья, животные, искусство, спорт","сказка, поэзия",173,3,описание: обрезанная аннотация издательства; «почему рекомендуем»: шаблон ×656; возраст: «2–4 лет» → «2–4 года»
https://n-e-n.ru/knigi/kniga/skazka-na-noch-spokoynoy-nochi-pozharnaya-mashinka/,"Сказка на ночь. Спокойной ночи, пожарная машинка!",Мендес Наталия,Clever,2–5 лет,"дружба, семья, животные, искусство, спорт, братья и сёстры, эмоции","сказка, поэзия",176,3,описание: обрезанная аннотация издательства; «почему рекомендуем»: шаблон ×669; автор: фамилия перед именем
https://n-e-n.ru/knigi/kniga/skazka-na-noch-spokoynoy-nochi-politseyskaya-mashinka/,"Сказка на ночь. Спокойной ночи, полицейская машинка!",Мендес Наталия,Clever,2–5 лет,"дружба, семья, животные, природа, искусство, братья и сёстры, эмоции","сказка, приключения, поэзия",174,3,описание: обрезанная аннотация издательства; «почему рекомендуем»: шаблон ×870; автор: фамилия перед именем
https://n-e-n.ru/knigi/kniga/skazka-na-noch-spokoynoy-nochi-pesik/,"Сказка на ночь. Спокойной ночи, пёсик!",Мендес Наталия,Clever,2–5 лет,"дружба, животные, искусство, юмор, эмоции","сказка, юмор, поэзия",178,3,описание: обрезанная аннотация издательства; «почему рекомендуем»: шаблон ×669; автор: фамилия перед именем
https://n-e-n.ru/knigi/kniga/skazka-na-noch-spokoynoy-nochi-ferma/,"Сказка на ночь. Спокойной ночи, ферма!",Мендес Наталия,Clever,3–5 лет,"семья, животные, искусство, взросление, юмор, братья и сёстры, эмоции","сказка, приключения, юмор",178,3,описание: обрезанная аннотация издательства; «почему рекомендуем»: шаблон ×656; автор: фамилия перед именем
https://n-e-n.ru/knigi/kniga/skazka-na-noch-spokoynoy-nochi-ekskavator/,"Сказка на ночь. Спокойной ночи, экскаватор!",Мендес Наталия,Clever,2–5 лет,"искусство, взросление, юмор, приключения, эмоции","сказка, приключения, юмор",176,3,описание: обрезанная аннотация издательства; «почему рекомендуем»: шаблон ×870; автор: фамилия перед именем
https://n-e-n.ru/knigi/kniga/skazka-na-noch-schastlivyy-dom/,Сказка на ночь. Счастливый дом,Фельдман Елена,Clever,3–5 лет,"животные, экология, искусство, творчество",сказка,162,3,описание: обрезанная аннотация издательства; «почему рекомендуем»: шаблон ×870; автор: фамилия перед именем
https://n-e-n.ru/knigi/kniga/skazka-na-noch-chto-delayut-mama-i-papa-kogda-ya-splyu/,"Сказка на ночь. Что делают мама и папа, когда я сплю?",Войцеховский Борис,Clever,3–5 лет,"семья, животные, искусство, взросление, юмор","сказка, юмор",176,3,описание: обрезанная аннотация издательства; «почему рекомендуем»: шаблон ×669; автор: фамилия перед именем
https://n-e-n.ru/knigi/kniga/skazka-o-poteryannom-vremeni-il-e-komrakovoy/,Сказка о потерянном времени (ил. Е. Комраковой),Евгений Шварц,Эксмо,9–11 лет,"дружба, семья, школа, животные, природа, братья и сёстры","сказка, фэнтези, приключения",176,3,"описание: обрезанная аннотация издательства; «почему рекомендуем»: шаблон ×656; название: данные издания (иллюстратор, номер издания) внутри названия"
https://n-e-n.ru/knigi/kniga/skazka-pro-azbuku/,Сказка про азбуку,Людмила Петрушевская,Мелик-Пашаев,2–6 лет,"животные, взросление, волшебство",сказка,180,3,описание: обрезанная аннотация издательства; «почему рекомендуем»: шаблон ×870; автор: имя записано по-разному в разных карточках
https://n-e-n.ru/knigi/kniga/skazki-ushinskiy/,Сказки,Константин Дмитриевич Ушинский,Детская литература,7–12 лет,животные,сказка,161,3,«почему рекомендуем»: шаблон ×870; автор: имя записано по-разному в разных карточках; название повторяется ×6 — проверить дубль
https://n-e-n.ru/knigi/kniga/skazki-chukovskiy/,Сказки,Корней Иванович Чуковский,АСТ,5–9 лет,волшебство,"сказка, поэзия",156,3,«почему рекомендуем»: шаблон ×669; автор: имя записано по-разному в разных карточках; название повторяется ×6 — проверить дубль
https://n-e-n.ru/knigi/kniga/skazki-pushkin/,Сказки,Александр Сергеевич Пушкин,АСТ,6–11 лет,волшебство,сказка,157,3,«почему рекомендуем»: шаблон ×870; автор: имя записано по-разному в разных карточках; название повторяется ×6 — проверить дубль
https://n-e-n.ru/knigi/kniga/skazki-il-v-kanivtsa/,Сказки (ил. В. Канивца),Редьярд Киплинг,Эксмо,7–12 лет,"животные, природа",сказка,178,3,"описание: обрезанная аннотация издательства; «почему рекомендуем»: шаблон ×669; название: данные издания (иллюстратор, номер издания) внутри названия"
https://n-e-n.ru/knigi/kniga/skazki-volshebnogo-lesa-novogodnie-skazki/,Сказки волшебного леса. Новогодние сказки,Ульева Елена,Clever,3–5 лет,"семья, детский сад, животные, природа, искусство","сказка, фэнтези, приключения",180,3,описание: обрезанная аннотация издательства; «почему рекомендуем»: шаблон ×656; автор: фамилия перед именем
https://n-e-n.ru/knigi/kniga/skazki-volshebnoi-polyanki/,Сказки волшебнои полянки,Валерий Кастрючин,Букмастер,7–12 лет,животные,"сказка, фэнтези",130,3,«почему рекомендуем»: шаблон ×669; опечатка: «волшебнои» (потеряна «й»); нет поля: число страниц
https://n-e-n.ru/knigi/kniga/skazki-dlya-detey-dobrye-skazki/,Сказки для детей. Добрые сказки,Гали Александра,Clever,5–8 лет,"дружба, семья, животные, искусство, морские приключения, эмоции, смелость","сказка, фэнтези, приключения",178,3,описание: обрезанная аннотация издательства; «почему рекомендуем»: шаблон ×669; автор: имя записано по-разному в разных карточках
https://n-e-n.ru/knigi/kniga/skazki-dlya-detey-moy-skazochnyy-novyy-god/,Сказки для детей. Мой сказочный Новый год,Русинова Евгения,Clever,4–6 лет,"семья, животные, искусство, взросление, юмор","сказка, фэнтези, приключения",177,3,описание: обрезанная аннотация издательства; «почему рекомендуем»: шаблон ×656; автор: фамилия перед именем
https://n-e-n.ru/knigi/kniga/skazki-dlya-malyshey-knizhki-kartonki-zolushka/,Сказки для малышей. Книжки-картонки. Золушка,Перро Шарль,Clever,2–3 лет,"семья, школа, искусство, путешествия, волшебство, братья и сёстры","сказка, фэнтези",176,3,описание: обрезанная аннотация издательства; «почему рекомендуем»: шаблон ×870; возраст: «2–3 лет» → «2–3 года»
https://n-e-n.ru/knigi/kniga/skazki-dlya-malyshey-knizhki-kartonki-kot-v-sapogah/,Сказки для малышей. Книжки-картонки. Кот в сапогах,Перро Ш.,Clever,2–3 лет,"школа, животные, искусство, путешествия, волшебство","сказка, фэнтези",176,3,описание: обрезанная аннотация издательства; «почему рекомендуем»: шаблон ×669; возраст: «2–3 лет» → «2–3 года»
https://n-e-n.ru/knigi/kniga/skazki-dlya-malyshey-knizhki-kartonki-krasnaya-shapochka/,Сказки для малышей. Книжки-картонки. Красная Шапочка,Перро Шарль,Clever,2–4 лет,"семья, школа, животные, искусство, волшебство","сказка, фэнтези",172,3,описание: обрезанная аннотация издательства; «почему рекомендуем»: шаблон ×870; возраст: «2–4 лет» → «2–4 года»
https://n-e-n.ru/knigi/kniga/skazki-dlya-malyshey-knizhki-kartonki-tri-medvedya/,Сказки для малышей. Книжки-картонки. Три медведя,Коллектив авторов,Clever,2–3 лет,"семья, животные, природа, искусство, путешествия, братья и сёстры","сказка, юмор",178,3,описание: обрезанная аннотация издательства; «почему рекомендуем»: шаблон ×669; возраст: «2–3 лет» → «2–3 года»
https://n-e-n.ru/knigi/kniga/skazki-medvedya-gustava-dom-v-malinnike/,Сказки медведя Густава. Дом в малиннике,Тильде Михельс,МИФ.Детство,7–12 лет,"школа, животные",сказка,176,3,описание: обрезанная аннотация издательства; «почему рекомендуем»: шаблон ×669; страницы: 3726 — сбой импорта
https://n-e-n.ru/knigi/kniga/skazki-medvedya-gustava-kosolapaya-dolina/,Сказки медведя Густава. Косолапая долина,Тильде Михельс,МИФ.Детство,3–6 лет,"школа, животные, путешествия, приключения",сказка,177,3,описание: обрезанная аннотация издательства; «почему рекомендуем»: шаблон ×669; страницы: 3726 — сбой импорта
https://n-e-n.ru/knigi/kniga/skazki-medvedya-gustava-revuschiy-ruchey/,Сказки медведя Густава. Ревущий ручей,Тильде Михельс,МИФ.Детство,7–12 лет,"семья, школа, животные, путешествия, братья и сёстры, творчество","сказка, поэзия",172,3,описание: обрезанная аннотация издательства; «почему рекомендуем»: шаблон ×870; страницы: 3726 — сбой импорта
https://n-e-n.ru/knigi/kniga/skazki-na-noch/,Сказки на ночь,Наталья Ремиш,МИФ.Детство,3–6 лет,"семья, животные, юмор, волшебство, приключения, эмоции","сказка, фэнтези, приключения",169,3,описание: обрезанная аннотация издательства; «почему рекомендуем»: шаблон ×656; страницы: 3726 — сбой импорта
https://n-e-n.ru/knigi/kniga/skazki-pro-krokodila-genu-cheburashku-i-ih-druzey/,"Сказки про Крокодила Гену, Чебурашку и их друзей",Едуард Успенский,АСТ,6–11 лет,"дружба, волшебство",поэзия,154,3,«почему рекомендуем»: шаблон ×656; автор: опечатка в имени; автор: имя записано по-разному в разных карточках
https://n-e-n.ru/knigi/kniga/skazki-pro-vremena-goda-bolshaya-kniga-skazok-pro-prirodu/,Сказки про времена года. Большая книга сказок про природу,Ульева Елена,Clever,3–5 лет,"дружба, животные, природа, искусство, приключения","сказка, приключения",173,3,описание: обрезанная аннотация издательства; «почему рекомендуем»: шаблон ×656; автор: фамилия перед именем
https://n-e-n.ru/knigi/kniga/skazki-pro-drakonov/,Сказки про драконов,Владимир Бояринов,АСТ,7–12 лет,волшебство,"сказка, фэнтези",148,3,«почему рекомендуем»: шаблон ×669; нет поля: ISBN; нет поля: число страниц
https://n-e-n.ru/knigi/kniga/skazki-multfilmy-dlya-devchonok-i-malchishek/,Сказки-мультфильмы для девчонок и мальчишек,А. Савченко,АСТ,6–11 лет,волшебство,сказка,142,3,«почему рекомендуем»: шаблон ×656; автор: имя записано по-разному в разных карточках; нет поля: число страниц
https://n-e-n.ru/knigi/kniga/skazki-obnimashki-dobrye-dela-skazki-dlya-chteniya-pered-snom/,Сказки-обнимашки. Добрые дела. Сказки для чтения перед сном,Ульева Елена,Clever,3–5 лет,"семья, животные, экология, искусство, взросление","сказка, фэнтези",176,3,описание: обрезанная аннотация издательства; «почему рекомендуем»: шаблон ×669; автор: фамилия перед именем
https://n-e-n.ru/knigi/kniga/skazki-obnimashki-mamina-lyubov-skazki-dlya-chteniya-pered-snom/,Сказки-обнимашки. Мамина любовь. Сказки для чтения перед сном,Ульева Елена,Clever,3–5 лет,"семья, животные, искусство, отношения",сказка,169,3,описание: обрезанная аннотация издательства; «почему рекомендуем»: шаблон ×656; автор: фамилия перед именем
https://n-e-n.ru/knigi/kniga/skazki-obnimashki-skazki-o-druzhnoy-seme/,Сказки-обнимашки. Сказки о дружной семье,Ульева Елена,Clever,4–6 лет,"дружба, семья, животные, искусство, отношения, эмоции","сказка, семейная история",174,3,описание: обрезанная аннотация издательства; «почему рекомендуем»: шаблон ×669; автор: фамилия перед именем
https://n-e-n.ru/knigi/kniga/skazkoterapiya-bolshaya-kniga-sonnyh-skazok/,Сказкотерапия. Большая книга сонных сказок,Ульева Елена,Clever,2–5 лет,"семья, животные, искусство, волшебство","сказка, фэнтези",176,3,описание: обрезанная аннотация издательства; «почему рекомендуем»: шаблон ×669; автор: фамилия перед именем
https://n-e-n.ru/knigi/kniga/skazochnye-istorii/,Сказочные истории,Андрей Усачёв,Росмэн,6–11 лет,животные,сказка,67,3,«почему рекомендуем»: шаблон ×656; автор: имя записано по-разному в разных карточках; нет поля: число страниц
https://n-e-n.ru/knigi/kniga/skazy/,Сказы,Павел Бажов,МИФ.Детство,7–12 лет,"дружба, школа, животные, природа, мифология",сказка,178,3,описание: обрезанная аннотация издательства; «почему рекомендуем»: шаблон ×656; страницы: 3726 — сбой импорта
https://n-e-n.ru/knigi/kniga/skok-poskok/,Скок-поскок,Ю Васнецов,,7–12 лет,животные,"сказка, поэзия",138,3,«почему рекомендуем»: шаблон ×870; нет поля: издательство; нет поля: число страниц
https://n-e-n.ru/knigi/kniga/slonenok-v-kitae/,Слонёнок в Китае,Сесил Джослин,Самокат,2–3 лет,"семья, школа, искусство, творчество",сказка,175,3,описание: обрезанная аннотация издательства; «почему рекомендуем»: шаблон ×669; возраст: «2–3 лет» → «2–3 года»
https://n-e-n.ru/knigi/kniga/sneg-otpravlyaetsya-v-gorod/,Снег отправляется в город,Татьяна Макарова,Мелик-Пашаев,4–10 лет,"дружба, природа, юмор, волшебство","сказка, юмор",180,3,описание: обрезанная аннотация издательства; «почему рекомендуем»: шаблон ×656; автор: имя записано по-разному в разных карточках
https://n-e-n.ru/knigi/kniga/snezhnaya-koroleva-illyustratsii-oksany-viktorovoy/,Снежная королева (иллюстрации Оксаны Викторовой),Оксана Викторова,МИФ.Детство,7–12 лет,"семья, школа, животные, природа, приключения, братья и сёстры, творчество",сказка,179,3,описание: обрезанная аннотация издательства; «почему рекомендуем»: шаблон ×669; страницы: 3726 — сбой импорта
https://n-e-n.ru/knigi/kniga/snofrid-iz-lugovoy-doliny/,Снофрид из Луговой долины,Андреас Х. Шмахтл,Поляндрия,3–7 лет,"искусство, приключения",приключения,175,3,описание: обрезанная аннотация издательства; «почему рекомендуем»: шаблон ×37; «почему рекомендуем»: «о» вместо «об»
https://n-e-n.ru/knigi/kniga/sny-bongo/,Сны Бонго,Анастасия Строкина,МИФ.Детство,7–12 лет,"дружба, животные, путешествия, взросление, волшебство, страх","сказка, фэнтези",175,3,описание: обрезанная аннотация издательства; «почему рекомендуем»: шаблон ×669; страницы: 3726 — сбой импорта
https://n-e-n.ru/knigi/kniga/sovyata/,Совята,Мартин Уодделл,Поляндрия,2–5 лет,"животные, семья, природа","книжка-картинка, семейная история",84,3,«почему рекомендуем»: шаблон ×870; «почему рекомендуем»: падеж («любит народная сказка»); автор: фамилия перед именем
https://n-e-n.ru/knigi/kniga/solntse-na-potolke/,Солнце на потолке,Олег Кургузов,Белый город,6–11 лет,отношения,реалистическая проза,154,3,«почему рекомендуем»: шаблон ×870; нет поля: ISBN; нет поля: число страниц
https://n-e-n.ru/knigi/kniga/sonnye-skazki-slavitskiy/,Сонные Сказки,Илья Славицкий,"Moskva Moscow, Russia",7–12 лет,волшебство,сказка,65,3,«почему рекомендуем»: шаблон ×656; название повторяется ×3 — проверить дубль; нет поля: число страниц
https://n-e-n.ru/knigi/kniga/sonnye-skazki-dlya-malyshey-zasypatelnye-skazki-dlya-chteniya-pered-snom/,Сонные сказки для малышей. Засыпательные сказки для чтения перед сном,Ульева Елена,Clever,3–5 лет,"семья, животные, искусство, путешествия, взросление, страх","сказка, фэнтези",179,3,описание: обрезанная аннотация издательства; «почему рекомендуем»: шаблон ×870; автор: фамилия перед именем
https://n-e-n.ru/knigi/kniga/sonnye-skazki-spi-moya-radost/,"Сонные сказки. Спи, моя радость",Ульева Елена,Clever,3–5 лет,"дружба, школа, детский сад, животные, искусство, эмоции, страх",сказка,175,3,описание: обрезанная аннотация издательства; «почему рекомендуем»: шаблон ×656; автор: фамилия перед именем
https://n-e-n.ru/knigi/kniga/sostoyanie-neveselosti/,Состояние невесёлости,Алексей Зайцев,Самокат,2–3 лет,юмор,"юмор, поэзия",172,3,описание: обрезанная аннотация издательства; «почему рекомендуем»: шаблон ×669; возраст: «2–3 лет» → «2–3 года»
https://n-e-n.ru/knigi/kniga/spasti-odettu-6/,Спасти Одетту (#6),Фрауке Шойнеманн,Эксмо,7–12 лет,"животные, природа, приключения, детектив",детектив,180,3,описание: обрезанная аннотация издательства; «почему рекомендуем»: шаблон ×669; страницы: 6 — похоже на номер в серии; объём считается неверно
https://n-e-n.ru/knigi/kniga/spokoynoy-nochi-karlhen/,"Спокойной ночи, Карлхен!",Бернер Ротраут Сюзанне,Мелик-Пашаев,2–3 лет,"семья, искусство, путешествия, волшебство, приключения",приключения,178,3,описание: обрезанная аннотация издательства; «почему рекомендуем»: шаблон ×870; возраст: «2–3 лет» → «2–3 года»
https://n-e-n.ru/knigi/kniga/sportorama/,Спорторама,Бенуа Тардиф,Самокат,2–3 лет,"семья, школа, детский сад, животные, мифология, братья и сёстры, эмоции",юмор,174,3,описание: обрезанная аннотация издательства; «почему рекомендуем»: шаблон ×870; возраст: «2–3 лет» → «2–3 года»
https://n-e-n.ru/knigi/kniga/starye-i-novye-istorii-o-prostokvashino/,Старые и новые истории о Простоквашино,Едуард Успенский,АСТ,6–11 лет,отношения,реалистическая проза,152,3,«почему рекомендуем»: шаблон ×870; автор: опечатка в имени; автор: имя записано по-разному в разных карточках
https://n-e-n.ru/knigi/kniga/staryy-morehod/,Старый мореход,Виктор Драгунский,Мелик-Пашаев,4–10 лет,"школа, природа, музыка, морские приключения, волшебство",реалистическая проза,178,3,описание: обрезанная аннотация издательства; «почему рекомендуем»: шаблон ×870; автор: имя записано по-разному в разных карточках
https://n-e-n.ru/knigi/kniga/stihi-dlya-malyshey-lyagushki-na-makushke/,Стихи для малышей. Лягушки на макушке,Весова Юлия,Clever,3–6 лет,"семья, животные, искусство, юмор","юмор, поэзия",179,3,описание: обрезанная аннотация издательства; «почему рекомендуем»: шаблон ×870; автор: фамилия перед именем
https://n-e-n.ru/knigi/kniga/stihi-dlya-malyshey-novyy-god-v-lyubimoy-skazke-sbornik-stihov/,Стихи для малышей. Новый год в любимой сказке. Сборник стихов,Маслина Мария,Clever,3–6 лет,"семья, животные, природа, искусство, юмор","сказка, фэнтези, юмор",170,3,описание: обрезанная аннотация издательства; «почему рекомендуем»: шаблон ×669; автор: фамилия перед именем
https://n-e-n.ru/knigi/kniga/stihi-dlya-malyshey-papa-mama-ya-sbornik-stihotvoreniy/,"Стихи для малышей. Папа, мама, я... Сборник стихотворений",Весова Юлия,Clever,4–6 лет,"семья, космос, искусство, отношения, волшебство","фэнтези, поэзия, семейная история",175,3,описание: обрезанная аннотация издательства; «почему рекомендуем»: шаблон ×669; автор: фамилия перед именем
https://n-e-n.ru/knigi/kniga/stihi-dlya-malyshey-solnyshko-v-ladoshke/,Стихи для малышей. Солнышко в ладошке,Карпова Наталья,Clever,3–5 лет,"дружба, семья, животные, искусство, юмор, братья и сёстры","фэнтези, приключения, юмор",174,3,описание: обрезанная аннотация издательства; «почему рекомендуем»: шаблон ×669; автор: фамилия перед именем
https://n-e-n.ru/knigi/kniga/stihi-dlya-malyshey-solnyshko-dlya-mamy/,Стихи для малышей. Солнышко для мамы,Карпова Наталья,Clever,4–6 лет,"семья, животные, природа, искусство, взросление, динозавры","фэнтези, научная фантастика, приключения",173,3,описание: обрезанная аннотация издательства; «почему рекомендуем»: шаблон ×669; автор: фамилия перед именем
https://n-e-n.ru/knigi/kniga/stihi-i-skazki-marshak/,Стихи и сказки,Самуил Маршак,АСТ,7–12 лет,волшебство,сказка,34,3,«почему рекомендуем»: шаблон ×669; название повторяется ×2 — проверить дубль; нет поля: число страниц
https://n-e-n.ru/knigi/kniga/stihi-i-skazki/,Стихи и сказки,Борис Владимирович Заходер,АСТ,6–11 лет,волшебство,поэзия,178,3,«почему рекомендуем»: шаблон ×656; автор: имя записано по-разному в разных карточках; название повторяется ×2 — проверить дубль
https://n-e-n.ru/knigi/kniga/stihi-o-tsvetah/,Стихи о цветах,Маша Лукашкина,МИФ.Детство,7–12 лет,"дружба, семья, животные, природа, история","сказка, поэзия",174,3,описание: обрезанная аннотация издательства; «почему рекомендуем»: шаблон ×669; страницы: 3726 — сбой импорта
https://n-e-n.ru/knigi/kniga/stihi-skazki-zanimatelnye-istorii/,"Стихи, сказки, занимательные истории",Даниил Хармс,Стрекоза,6–11 лет,волшебство,поэзия,49,3,«почему рекомендуем»: шаблон ×669; нет поля: ISBN; нет поля: число страниц
https://n-e-n.ru/knigi/kniga/strashilki-dlya-podrostkov-devochka-iz-chernogo-mramora/,Страшилки для подростков. Девочка из черного мрамора,Плошкина Ася,Clever,12–14 лет,"дружба, семья, школа, животные, природа","фэнтези, детектив",179,3,описание: обрезанная аннотация издательства; «почему рекомендуем»: шаблон ×122; автор: фамилия перед именем
https://n-e-n.ru/knigi/kniga/strashilki-dlya-podrostkov-yanisyarvi-mrachnaya-tayna-chudo-ozera/,Страшилки для подростков. Янисъярви. Мрачная тайна чудо-озера,Коскина Ксения,Clever,12–14 лет,"дружба, семья, животные, история, мифология, братья и сёстры","сказка, фэнтези, детектив",175,3,описание: обрезанная аннотация издательства; «почему рекомендуем»: шаблон ×870; автор: фамилия перед именем
https://n-e-n.ru/knigi/kniga/strashnaya-istoriya/,Страшная история,Альберт Иванов,АСТ,6–11 лет,"отношения, смелость",реалистическая проза,149,3,«почему рекомендуем»: шаблон ×870; автор: имя записано по-разному в разных карточках; нет поля: число страниц
https://n-e-n.ru/knigi/kniga/strashno-interesnye-priklyucheniya-koldunya-po-sosedstvu/,Страшно интересные приключения. Колдунья по соседству,Колтовскова Анастасия,Clever,6–9 лет,"дружба, школа, животные, искусство, взросление, страх","детектив, приключения",172,3,описание: обрезанная аннотация издательства; «почему рекомендуем»: шаблон ×870; автор: фамилия перед именем
https://n-e-n.ru/knigi/kniga/strashno-interesnye-priklyucheniya-po-sledam-privideniya/,Страшно интересные приключения. По следам привидения,Колтовскова Анастасия,Clever,6–9 лет,"дружба, животные, искусство, взросление, юмор, детектив","детектив, приключения, юмор",180,3,описание: обрезанная аннотация издательства; «почему рекомендуем»: шаблон ×870; автор: фамилия перед именем
https://n-e-n.ru/knigi/kniga/strashnye-istorii/,Страшные истории,Софья Яновицкая,МИФ.Детство,7–12 лет,"школа, животные, приключения","детектив, приключения",176,3,описание: обрезанная аннотация издательства; «почему рекомендуем»: шаблон ×870; страницы: 3726 — сбой импорта
https://n-e-n.ru/knigi/kniga/strashnye-istorii-robloks-ne-igray-v-temnote/,Страшные истории Роблокс. Не играй в темноте!,Аррикин Букс,Эксмо,7–12 лет,"юмор, страх","фэнтези, научная фантастика, юмор",180,3,описание: обрезанная аннотация издательства; «почему рекомендуем»: шаблон ×669; автор: фамилия перед именем
https://n-e-n.ru/knigi/kniga/stertyy/,Стёртый,Лиза Томпсон,МИФ.Детство,12–17 лет,"дружба, семья, школа, животные, взросление, братья и сёстры, развод родителей","сказка, фэнтези",177,3,описание: обрезанная аннотация издательства; «почему рекомендуем»: шаблон ×120; страницы: 3726 — сбой импорта
https://n-e-n.ru/knigi/kniga/sunduchok-semeynyh-skazok-semeynye-skazki/,Сундучок семейных сказок. Семейные сказки,Ульева Елена,Clever,3–5 лет,"семья, искусство, путешествия, отношения, братья и сёстры, эмоции","сказка, семейная история",175,3,описание: обрезанная аннотация издательства; «почему рекомендуем»: шаблон ×656; автор: фамилия перед именем
https://n-e-n.ru/knigi/kniga/sunduchok-semeynyh-skazok-u-babushki-v-sadu-uchim-tsveta-i-schitaem-do-5/,Сундучок семейных сказок. У бабушки в саду. Учим цвета и считаем до 5,Джулиано Ларисса,Clever,2–4 лет,"семья, природа, искусство","поэзия, семейная история",180,3,описание: обрезанная аннотация издательства; «почему рекомендуем»: шаблон ×656; возраст: «2–4 лет» → «2–4 года»
https://n-e-n.ru/knigi/kniga/sunduchok-semeynyh-skazok-u-babushki-na-kuhne-uchim-protivopolozhnosti/,Сундучок семейных сказок. У бабушки на кухне. Учим противоположности,Джулиано Ларисса,Clever,2–4 лет,"семья, искусство, братья и сёстры","поэзия, семейная история",179,3,описание: обрезанная аннотация издательства; «почему рекомендуем»: шаблон ×870; возраст: «2–4 лет» → «2–4 года»
https://n-e-n.ru/knigi/kniga/sunduchok-semeynyh-skazok-ya-hochu-k-mame/,Сундучок семейных сказок. Я хочу к маме!,Кордерой Трейси,Clever,3–5 лет,"семья, детский сад, животные, искусство, юмор, эмоции","сказка, приключения, юмор",174,3,описание: обрезанная аннотация издательства; «почему рекомендуем»: шаблон ×669; автор: имя записано по-разному в разных карточках
https://n-e-n.ru/knigi/kniga/sunduchok-semeynyh-skazok-ya-hochu-k-pape/,Сундучок семейных сказок. Я хочу к папе!,Кордерой Трейси,Clever,3–5 лет,"дружба, семья, животные, искусство, отношения, эмоции","сказка, приключения, юмор",176,3,описание: обрезанная аннотация издательства; «почему рекомендуем»: шаблон ×656; автор: имя записано по-разному в разных карточках
https://n-e-n.ru/knigi/kniga/supergeroi-komiks-supergeroi-priklyucheniya-nachinayutsya/,Супергерои. Комикс. Супергерои. Приключения начинаются!,Лодвиц Софи; Пислер Эв; Дурбиано Люси,Clever,6–9 лет,"дружба, семья, школа, животные, природа","фэнтези, приключения, юмор",178,3,описание: обрезанная аннотация издательства; «почему рекомендуем»: шаблон ×870; автор: имя записано по-разному в разных карточках
https://n-e-n.ru/knigi/kniga/schastlivtsy/,Счастливцы,Басова Евгения,КомпасГид,13–17 лет,"животные, взросление",реалистическая проза,180,3,описание: обрезанная аннотация издательства; «почему рекомендуем»: шаблон ×120; автор: фамилия перед именем
https://n-e-n.ru/knigi/kniga/syschik-na-arene-5/,Сыщик на арене (#5),Фрауке Шойнеманн,Эксмо,7–12 лет,"дружба, животные, природа, юмор, детектив","детектив, юмор",176,3,описание: обрезанная аннотация издательства; «почему рекомендуем»: шаблон ×669; страницы: 5 — похоже на номер в серии; объём считается неверно
https://n-e-n.ru/knigi/kniga/syurpriz-dlya-sinoriny-koritsy-2-e-izd/,Сюрприз для Синьорины Корицы (2-е изд.),Луиджи Баллерини,КомпасГид,4–9 лет,"семья, школа, юмор, приключения, братья и сёстры","приключения, юмор",178,3,"описание: обрезанная аннотация издательства; «почему рекомендуем»: шаблон ×870; название: данные издания (иллюстратор, номер издания) внутри названия"
https://n-e-n.ru/knigi/kniga/tainstvennyy-shepot-2/,Таинственный шепот (#2),Светлана Кривошлыкова,Эксмо,7–12 лет,"дружба, школа, животные, взросление, отношения, детектив",детектив,173,3,описание: обрезанная аннотация издательства; «почему рекомендуем»: шаблон ×656; страницы: 2 — похоже на номер в серии; объём считается неверно
https://n-e-n.ru/knigi/kniga/tayna-hvoinki/,Тайна Хвоинки,Лена Андерсон,Белая ворона,3–6 лет,"школа, детский сад, искусство","детектив, поэзия",180,3,описание: обрезанная аннотация издательства; «почему рекомендуем»: шаблон ×656; автор: имя записано по-разному в разных карточках
https://n-e-n.ru/knigi/kniga/tayna-zabroshennogo-doma/,Тайна заброшенного дома,Флориан Дениссон,МИФ.Детство,12–17 лет,"животные, природа, взросление, инклюзия, детектив",детектив,179,3,описание: обрезанная аннотация издательства; «почему рекомендуем»: шаблон ×120; страницы: 3726 — сбой импорта
https://n-e-n.ru/knigi/kniga/tayna-odnoy-nogi/,Тайна одной ноги,Александра Зайцева,МИФ.Детство,12–17 лет,"дружба, животные, природа, взросление, юмор, эмоции, детектив","детектив, юмор",172,3,описание: обрезанная аннотация издательства; «почему рекомендуем»: шаблон ×122; страницы: 3726 — сбой импорта
https://n-e-n.ru/knigi/kniga/tayna-starogo-shkafa-4/,Тайна старого шкафа (#4),Светлана Кривошлыкова,Эксмо,7–12 лет,"дружба, школа, животные, отношения, волшебство, детектив",детектив,173,3,описание: обрезанная аннотация издательства; «почему рекомендуем»: шаблон ×870; страницы: 4 — похоже на номер в серии; объём считается неверно
https://n-e-n.ru/knigi/kniga/tayny-muzeya-voskovyh-figur-delo-o-propavshey-koroleve/,Тайны музея восковых фигур. Дело о пропавшей королеве,Фогель фон Майя,Clever,7–10 лет,"семья, школа, животные, искусство, взросление, детектив","фэнтези, детектив, приключения",179,3,описание: обрезанная аннотация издательства; «почему рекомендуем»: шаблон ×656; автор: имя записано по-разному в разных карточках
https://n-e-n.ru/knigi/kniga/tayny-muzeya-voskovyh-figur-sekretnaya-missiya-drakuly/,Тайны музея восковых фигур. Секретная миссия Дракулы,Фогель фон Майя,Clever,7–10 лет,"дружба, семья, школа, животные, искусство, детектив","фэнтези, детектив, приключения",173,3,описание: обрезанная аннотация издательства; «почему рекомендуем»: шаблон ×669; автор: имя записано по-разному в разных карточках
https://n-e-n.ru/knigi/kniga/tak-i-ne-tak/,Так и не так,Корней Чуковский,Мелик-Пашаев,2–6 лет,"семья, волшебство",реалистическая проза,171,3,описание: обрезанная аннотация издательства; «почему рекомендуем»: шаблон ×656; автор: имя записано по-разному в разных карточках
https://n-e-n.ru/knigi/kniga/talant-koula/,Талант Коула,Лиза Томпсон,МИФ.Детство,12–17 лет,"дружба, семья, школа, животные, природа, братья и сёстры, эмоции, страх","сказка, детектив, юмор",177,3,описание: обрезанная аннотация издательства; «почему рекомендуем»: шаблон ×120; страницы: 3726 — сбой импорта
https://n-e-n.ru/knigi/kniga/tam-gde-okean-vstrechaetsya-s-nebom/,"Там, где океан встречается с небом",Терри Фэн; Эрик Фэн,Поляндрия,3–7 лет,"семья, животные, природа, искусство, путешествия",фэнтези,177,3,описание: обрезанная аннотация издательства; «почему рекомендуем»: шаблон ×656; автор: имя записано по-разному в разных карточках
https://n-e-n.ru/knigi/kniga/teoriya-aysberga/,Теория Айсберга,Буикс Кристофер,КомпасГид,13–17 лет,"животные, природа, искусство, взросление",реалистическая проза,175,3,описание: обрезанная аннотация издательства; «почему рекомендуем»: шаблон ×120; автор: имя записано по-разному в разных карточках
https://n-e-n.ru/knigi/kniga/tilda-yablochnoe-semechko-bolshoy-perepoloh/,Тильда Яблочное Семечко. Большой переполох,Маша Судовых,МИФ.Детство,7–12 лет,"дружба, школа, животные, природа, взросление, первая любовь",приключения,176,3,описание: обрезанная аннотация издательства; «почему рекомендуем»: шаблон ×656; страницы: 3726 — сбой импорта
https://n-e-n.ru/knigi/kniga/tilda-yablochnoe-semechko-veter-priklyucheniy/,Тильда Яблочное Семечко. Ветер приключений,Юлия Симбирская,МИФ.Детство,3–6 лет,"дружба, школа, животные, природа, путешествия",приключения,172,3,описание: обрезанная аннотация издательства; «почему рекомендуем»: шаблон ×656; страницы: 3726 — сбой импорта
https://n-e-n.ru/knigi/kniga/tilda-yablochnoe-semechko-kuda-propal-rupert/,Тильда Яблочное Семечко. Куда пропал Руперт?,Мэгуми Иваса,МИФ.Детство,7–12 лет,"школа, животные, природа, взросление, детектив",детектив,176,3,описание: обрезанная аннотация издательства; «почему рекомендуем»: шаблон ×656; страницы: 3726 — сбой импорта
https://n-e-n.ru/knigi/kniga/tim-taler-ili-prodannyy-smeh-illyustratsii-niki-golts-2-e-izd/,"Тим Талер, или Проданный смех (иллюстрации Ники Гольц) (2-е изд.)",Джеймс Крюс,КомпасГид,10–17 лет,"взросление, приключения",приключения,178,3,"описание: обрезанная аннотация издательства; «почему рекомендуем»: шаблон ×122; название: данные издания (иллюстратор, номер издания) внутри названия"
https://n-e-n.ru/knigi/kniga/tim-i-diggi/,Тим и Дигги,Ирина Лейк,Поляндрия,7–9 лет,"животные, искусство, взросление, волшебство, приключения","фэнтези, приключения",180,3,описание: обрезанная аннотация издательства; «почему рекомендуем»: шаблон ×656; автор: фамилия перед именем
https://n-e-n.ru/knigi/kniga/timur-i-ego-komanda-vneklassnoe-chtenie/,Тимур и его команда (Внеклассное чтение),Аркадий Гайдар,МИФ.Детство,7–12 лет,"дружба, школа, мифология, волшебство, приключения, творчество","сказка, детектив, приключения",170,3,описание: обрезанная аннотация издательства; «почему рекомендуем»: шаблон ×870; страницы: 3726 — сбой импорта
https://n-e-n.ru/knigi/kniga/tintin-i-pikarosy/,Тинтин и пикаросы,Эрже,Мелик-Пашаев,7–14 лет,"искусство, волшебство, творчество",реалистическая проза,175,3,описание: обрезанная аннотация издательства; «почему рекомендуем»: шаблон ×656; «почему рекомендуем»: «о» вместо «об»
https://n-e-n.ru/knigi/kniga/tochka-zreniya-vseveduschego-chitatelya-tom-3/,Точка зрения Всеведущего читателя. Том 3,Квон Гёыль,МИФ.Детство,7–12 лет,"дружба, животные, космос, смерть",реалистическая проза,179,3,описание: обрезанная аннотация издательства; «почему рекомендуем»: шаблон ×656; страницы: 3726 — сбой импорта
https://n-e-n.ru/knigi/kniga/tochka-zreniya-vseveduschego-chitatelya-tom-4/,Точка зрения Всеведущего читателя. Том 4,Квон Гёыль,МИФ.Детство,7–12 лет,"животные, космос, приключения","сказка, фэнтези",174,3,описание: обрезанная аннотация издательства; «почему рекомендуем»: шаблон ×870; страницы: 3726 — сбой импорта
https://n-e-n.ru/knigi/kniga/tri-povesti-o-vase-kurolesove/,Три повести о Васе Куролесове,Юрий Коваль,Izdatelʹskiĭ proekt A i B,6–11 лет,"отношения, детектив",реалистическая проза,150,3,«почему рекомендуем»: шаблон ×669; «почему рекомендуем»: «о» вместо «об»; нет поля: число страниц
https://n-e-n.ru/knigi/kniga/tri-porosenka-smirnova/,Три поросенка,Е. Смирнова,,3–7 лет,"культурное разнообразие, животные",сказка,133,3,«почему рекомендуем»: шаблон ×669; нет поля: издательство; нет поля: число страниц
https://n-e-n.ru/knigi/kniga/tri-porosenka-mihalkov/,Три поросёнка,Сергей Владимирович Михалков,АСТ,6–11 лет,"культурное разнообразие, животные, волшебство, братья и сёстры",сказка,99,3,«почему рекомендуем»: шаблон ×656; автор: имя записано по-разному в разных карточках; название повторяется ×3 — проверить дубль
https://n-e-n.ru/knigi/kniga/troya-i-net-voyne-kontsa/,Троя. И нет войне конца,Иван Поммо,Самокат,7–9 лет,"история, мифология, искусство, война",сказка,179,3,описание: обрезанная аннотация издательства; «почему рекомендуем»: шаблон ×669; «почему рекомендуем»: «о» вместо «об»
https://n-e-n.ru/knigi/kniga/ty-budesh-moim-drugom/,Ты будешь моим другом!,Питер Браун,Поляндрия,3–7 лет,"дружба, животные, искусство, взросление, юмор",юмор,174,3,описание: обрезанная аннотация издательства; «почему рекомендуем»: шаблон ×656; автор: фамилия перед именем
https://n-e-n.ru/knigi/kniga/tyulka/,Тюлька,Джулия Дональдсон,Машины Творения,3–7 лет,"животные, школа, юмор, творчество","сказка, поэзия",117,3,«почему рекомендуем»: шаблон ×669; страницы: 2011 — похоже на год издания; нет поля: ISBN
https://n-e-n.ru/knigi/kniga/tetya-dyadi-fedora-ili-pobeg-iz-prostokvashino/,"Тётя дяди Фёдора, или, побег из простоквашино",Е. Успенский,Самовар,6–11 лет,школа,реалистическая проза,138,3,«почему рекомендуем»: шаблон ×870; автор: имя записано по-разному в разных карточках; нет поля: число страниц
https://n-e-n.ru/knigi/kniga/udivitelnaya-devochka-3-e-izd/,Удивительная девочка (3-е изд.),Виктория Ледерман,КомпасГид,4–9 лет,"семья, школа, детский сад, животные, взросление","юмор, семейная история",176,3,"описание: обрезанная аннотация издательства; «почему рекомендуем»: шаблон ×870; название: данные издания (иллюстратор, номер издания) внутри названия"
https://n-e-n.ru/knigi/kniga/udivitelnye-kubiki/,Удивительные кубики,Юсуке Ёнедзу,Поляндрия,2–4 лет,"искусство, приключения",приключения,95,3,«почему рекомендуем»: шаблон ×656; «почему рекомендуем»: «о» вместо «об»; возраст: «2–4 лет» → «2–4 года»
https://n-e-n.ru/knigi/kniga/udivitelnyy-mir-kelpurnii-teyt/,Удивительный мир Кэлпурнии Тэйт,Жаклин Келли,Самокат,10–12 лет,"семья, животные, приключения, братья и сёстры",приключения,176,3,описание: обрезанная аннотация издательства; «почему рекомендуем»: шаблон ×122; автор: фамилия перед именем
https://n-e-n.ru/knigi/kniga/uzhel-ta-samaya-tatyana/,Ужель та самая Татьяна?,Клементина Бове,Самокат,13–15 лет,"школа, животные, искусство, спорт, взросление, эмоции","сказка, поэзия",179,3,описание: обрезанная аннотация издательства; «почему рекомендуем»: шаблон ×120; автор: фамилия перед именем
https://n-e-n.ru/knigi/kniga/ulitka-i-kit/,Улитка и кит,Джулия Дональдсон,Машины Творения,3–7 лет,"животные, путешествия, дружба","приключения, поэзия",102,3,«почему рекомендуем»: шаблон ×870; страницы: 2020 — похоже на год издания; нет поля: ISBN
https://n-e-n.ru/knigi/kniga/ulichnye-lyudi/,Уличные люди,Кравцова Ирина,КомпасГид,13–17 лет,отношения,реалистическая проза,173,3,описание: обрезанная аннотация издательства; «почему рекомендуем»: шаблон ×122; «почему рекомендуем»: «о» вместо «об»
https://n-e-n.ru/knigi/kniga/uno-kroshechnoe-priklyuchenie/,Уно. Крошечное приключение,Ромен Пюжоль,МИФ.Детство,7–12 лет,"дружба, семья, животные, взросление, юмор, страх","приключения, юмор",178,3,описание: обрезанная аннотация издательства; «почему рекомендуем»: шаблон ×669; страницы: 3726 — сбой импорта
https://n-e-n.ru/knigi/kniga/uno-s-nosom-naperegonki/,Уно. С носом наперегонки,Ромен Пюжоль,МИФ.Детство,7–12 лет,"дружба, семья, школа, животные, взросление","приключения, юмор",177,3,описание: обрезанная аннотация издательства; «почему рекомендуем»: шаблон ×870; страницы: 3726 — сбой импорта
https://n-e-n.ru/knigi/kniga/uroki-lva/,Уроки льва,Джон Эйджи,МИФ.Детство,7–12 лет,"школа, животные, приключения, смелость",сказка,175,3,описание: обрезанная аннотация издательства; «почему рекомендуем»: шаблон ×870; страницы: 3726 — сбой импорта
https://n-e-n.ru/knigi/kniga/fantasticheskie-letayuschie-knigi-mistera-morrisa/,Фантастические летающие книги мистера Морриса,Уильям Джойс,Поляндрия,3–7 лет,искусство,научная фантастика,178,3,описание: обрезанная аннотация издательства; «почему рекомендуем»: шаблон ×656; «почему рекомендуем»: «о» вместо «об»
https://n-e-n.ru/knigi/kniga/ferdinand/,Фердинанд,Манро Лиф,Владос,3–7 лет,"животные, самооценка",сказка,115,3,«почему рекомендуем»: шаблон ×870; страницы: 2018 — похоже на год издания; нет поля: ISBN
https://n-e-n.ru/knigi/kniga/frizhel-i-fluffi-tayna-propavshih-arbuzov-vypusk-1/,Фрижель и Флуффи. Тайна пропавших арбузов. Выпуск 1,Жан-Кристоф Дерьен,Эксмо,7–12 лет,"дружба, животные, приключения","детектив, приключения",177,3,описание: обрезанная аннотация издательства; «почему рекомендуем»: шаблон ×656; страницы: 1 — похоже на номер в серии; объём считается неверно
https://n-e-n.ru/knigi/kniga/frosya-korovina/,Фрося Коровина,Востоков Станислав,Clever,7–11 лет,"семья, животные, природа, искусство, юмор, братья и сёстры, творчество",юмор,179,3,описание: обрезанная аннотация издательства; «почему рекомендуем»: шаблон ×656; автор: фамилия перед именем
https://n-e-n.ru/knigi/kniga/hvoinka-svinofufik-i-nosik-rozochkoy/,"Хвоинка, Свинофуфик и Носик-Розочкой",Лена Андерсон,Белая ворона,3–6 лет,"школа, детский сад, искусство",поэзия,180,3,описание: обрезанная аннотация издательства; «почему рекомендуем»: шаблон ×656; автор: имя записано по-разному в разных карточках
https://n-e-n.ru/knigi/kniga/hedvig-i-prekrasnaya-printsessa-kniga-chetvertaya/,Хедвиг и прекрасная принцесса. Книга четвертая,Фрида Нильсон,Самокат,7–9 лет,"дружба, семья, школа, животные, природа, смерть, инклюзия","сказка, приключения, юмор",177,3,описание: обрезанная аннотация издательства; «почему рекомендуем»: шаблон ×656; автор: имя записано по-разному в разных карточках
https://n-e-n.ru/knigi/kniga/hedvig-nakonets-to-idet-v-shkolu-kniga-pervaya/,Хедвиг наконец-то идет в школу! Книга первая,Фрида Нильсон,Самокат,7–9 лет,"семья, школа, животные, изобретения, эмоции",сказка,179,3,описание: обрезанная аннотация издательства; «почему рекомендуем»: шаблон ×870; автор: имя записано по-разному в разных карточках
https://n-e-n.ru/knigi/kniga/hor-ohotnikov/,Хор охотников,Г. Скребицкий,Izd-vo IKAR,7–12 лет,"природа, история, искусство",реалистическая проза,159,3,«почему рекомендуем»: шаблон ×669; нет поля: ISBN; нет поля: число страниц
https://n-e-n.ru/knigi/kniga/hot-chto-to-horoshenkoe/,Хоть что-то хорошенькое,Роберт Манч,Мелик-Пашаев,4–10 лет,"искусство, волшебство",реалистическая проза,178,3,описание: обрезанная аннотация издательства; «почему рекомендуем»: шаблон ×669; «почему рекомендуем»: «о» вместо «об»
https://n-e-n.ru/knigi/kniga/hochu-po-pravde-sovremennaya-podrostkovaya-drama/,Хочу по правде: современная подростковая драма,Дарья Варденбург; Мария Огнева; Серафима Орлова; Екатерина Бизяева,Самокат,13–15 лет,"школа, животные, театр, взросление, приключения, эмоции, смелость",сказка,176,3,описание: обрезанная аннотация издательства; «почему рекомендуем»: шаблон ×870; автор: имя записано по-разному в разных карточках
https://n-e-n.ru/knigi/kniga/hrabrye-trusishki/,Храбрые трусишки,Жиль Бизуэрн,Мелик-Пашаев,2–3 лет,"дружба, животные, волшебство, приключения",приключения,177,3,описание: обрезанная аннотация издательства; «почему рекомендуем»: шаблон ×870; возраст: «2–3 лет» → «2–3 года»
https://n-e-n.ru/knigi/kniga/hraniteli-mira/,Хранители мира,Лорен О'хара,МИФ.Детство,7–12 лет,"дружба, школа, животные, природа, космос","детектив, приключения",177,3,описание: обрезанная аннотация издательства; «почему рекомендуем»: шаблон ×669; страницы: 3726 — сбой импорта
https://n-e-n.ru/knigi/kniga/hraniteli-mira-doroga-domoy/,Хранители мира. Дорога домой,Лорен О'хара,МИФ.Детство,7–12 лет,"дружба, школа, животные, природа, путешествия, эмоции","детектив, юмор",171,3,описание: обрезанная аннотация издательства; «почему рекомендуем»: шаблон ×870; страницы: 3726 — сбой импорта
https://n-e-n.ru/knigi/kniga/hroniki-pereputya/,Хроники Перепутья,Ана Награни,МИФ.Детство,7–12 лет,"семья, школа, животные, природа, мифология, братья и сёстры, страх","сказка, фэнтези, приключения",174,3,описание: обрезанная аннотация издательства; «почему рекомендуем»: шаблон ×669; страницы: 3726 — сбой импорта
https://n-e-n.ru/knigi/kniga/tsatsa-zamorskaya/,Цаца заморская,Елена Макарова,Самокат,13–15 лет,"семья, животные, морские приключения, взросление, эмоции",реалистическая проза,179,3,описание: обрезанная аннотация издательства; «почему рекомендуем»: шаблон ×122; автор: имя записано по-разному в разных карточках
https://n-e-n.ru/knigi/kniga/tsatsiki-i-retsina/,Цацики и Рецина,Мони Нильсон,Самокат,10–12 лет,"семья, животные, отношения, юмор, братья и сёстры, эмоции",юмор,171,3,описание: обрезанная аннотация издательства; «почему рекомендуем»: шаблон ×870; автор: имя записано по-разному в разных карточках
https://n-e-n.ru/knigi/kniga/tsatsiki-i-vselennaya/,Цацики и вселенная,Мони Нильсон,Самокат,7–9 лет,"семья, школа, спорт, взросление, братья и сёстры",реалистическая проза,177,3,описание: обрезанная аннотация издательства; «почему рекомендуем»: шаблон ×656; автор: имя записано по-разному в разных карточках
https://n-e-n.ru/knigi/kniga/tsatsiki-i-ego-semya/,Цацики и его семья,Мони Нильсон,Самокат,13–15 лет,"семья, взросление, отношения, эмоции",реалистическая проза,176,3,описание: обрезанная аннотация издательства; «почему рекомендуем»: шаблон ×870; автор: имя записано по-разному в разных карточках
https://n-e-n.ru/knigi/kniga/tsatsiki-i-lyubov/,Цацики и любовь,Мони Нильсон,Самокат,7–9 лет,"дружба, семья, школа, отношения, братья и сёстры, смерть",реалистическая проза,177,3,описание: обрезанная аннотация издательства; «почему рекомендуем»: шаблон ×870; автор: имя записано по-разному в разных карточках
https://n-e-n.ru/knigi/kniga/tsatsiki-idet-v-shkolu/,Цацики идёт в школу,Мони Нильсон,Самокат,7–9 лет,"дружба, семья, школа, животные, театр, эмоции, страх, смерть",юмор,176,3,описание: обрезанная аннотация издательства; «почему рекомендуем»: шаблон ×870; автор: имя записано по-разному в разных карточках
https://n-e-n.ru/knigi/kniga/charlz-darvin-revolyutsiya/,Чарлз Дарвин. Революция,Аннабель Кремер,Белая ворона,12–17 лет,"школа, животные, путешествия, морские приключения, приключения",реалистическая проза,180,3,описание: обрезанная аннотация издательства; «почему рекомендуем»: шаблон ×120; автор: имя записано по-разному в разных карточках
https://n-e-n.ru/knigi/kniga/charli-i-bolshoy-steklyannyy-lift/,Чарли и большой стеклянный лифт,Роальд Даль,Самокат,4–6 лет,"космос, путешествия, приключения","сказка, научная фантастика, приключения",176,3,описание: обрезанная аннотация издательства; «почему рекомендуем»: шаблон ×870; автор: имя записано по-разному в разных карточках
https://n-e-n.ru/knigi/kniga/chasy-zvezd-sdelka-s-chudovischem-1/,Часы звезд. Сделка с чудовищем (#1),Франческа Гиббонс,Эксмо,12–17 лет,"семья, животные, природа, космос, взросление","сказка, фэнтези, научная фантастика",177,3,описание: обрезанная аннотация издательства; «почему рекомендуем»: шаблон ×870; страницы: 1 — похоже на номер в серии; объём считается неверно
https://n-e-n.ru/knigi/kniga/chasy-zvezd-serebryanaya-koroleva-2/,Часы звезд. Серебряная королева (#2),Франческа Гиббонс,Эксмо,12–17 лет,"семья, животные, природа, космос, взросление, братья и сёстры","сказка, фэнтези, научная фантастика",173,3,описание: обрезанная аннотация издательства; «почему рекомендуем»: шаблон ×122; страницы: 2 — похоже на номер в серии; объём считается неверно
https://n-e-n.ru/knigi/kniga/chey-bok/,Чей бок?,Татьяна Руссита,МИФ.Детство,3–6 лет,"семья, животные, природа, взросление, юмор, эмоции",юмор,171,3,описание: обрезанная аннотация издательства; «почему рекомендуем»: шаблон ×656; страницы: 3726 — сбой импорта
https://n-e-n.ru/knigi/kniga/chernaya-kareta-2/,Черная Карета (#2),Эндрю Питерсон,Эксмо,12–17 лет,"дружба, семья, животные, путешествия, взросление","фэнтези, научная фантастика",179,3,описание: обрезанная аннотация издательства; «почему рекомендуем»: шаблон ×870; страницы: 2 — похоже на номер в серии; объём считается неверно
https://n-e-n.ru/knigi/kniga/chitaem-vmeste-chitayu-sam-kak-mitya-o-sobake-mechtal/,Читаем вместе. Читаю сам. Как Митя о собаке мечтал,Весова Юлия,Clever,4–7 лет,"семья, школа, животные, искусство, взросление","сказка, приключения, юмор",178,3,описание: обрезанная аннотация издательства; «почему рекомендуем»: шаблон ×656; автор: фамилия перед именем
https://n-e-n.ru/knigi/kniga/chto-sluchilos-na-rozhdestvo-il-k-hansen/,Что случилось на Рождество (ил. К. Хансен),Отфрид Пройслер,Эксмо,7–12 лет,"дружба, школа, животные, природа, космос, доброта",сказка,178,3,"описание: обрезанная аннотация издательства; «почему рекомендуем»: шаблон ×870; название: данные издания (иллюстратор, номер издания) внутри названия"
https://n-e-n.ru/knigi/kniga/chto-takoe-horosho-stihi-detyam-il-e-kuznetsovoy/,Что такое хорошо? Стихи детям (ил. Е. Кузнецовой),Владимир Маяковский,Эксмо,7–12 лет,"семья, животные, природа, юмор, волшебство","юмор, поэзия",179,3,"описание: обрезанная аннотация издательства; «почему рекомендуем»: шаблон ×656; название: данные издания (иллюстратор, номер издания) внутри названия"
https://n-e-n.ru/knigi/kniga/chto-ya-chuvstvuyu-segodnya-il-f-zito/,Что я чувствую сегодня (ил. Ф. Зито),Джудитта Кампелло,Эксмо,3–6 лет,"семья, школа, животные, природа, волшебство, эмоции, страх",сказка,177,3,"описание: обрезанная аннотация издательства; «почему рекомендуем»: шаблон ×656; название: данные издания (иллюстратор, номер издания) внутри названия"
https://n-e-n.ru/knigi/kniga/chud/,Чуд,Сантини Бертран,Самокат,7–9 лет,"дружба, животные, искусство, театр, отношения, эмоции",сказка,179,3,описание: обрезанная аннотация издательства; «почему рекомендуем»: шаблон ×656; автор: имя записано по-разному в разных карточках
https://n-e-n.ru/knigi/kniga/chudesa-sveta-dlya-detey-ot-6-do-12-let/,Чудеса света для детей (от 6 до 12 лет),Наталья Андрианова,Эксмо,7–12 лет,"семья, животные, природа, история, путешествия, братья и сёстры",приключения,172,3,описание: обрезанная аннотация издательства; «почему рекомендуем»: шаблон ×669; страницы: 6 — похоже на номер в серии; объём считается неверно
https://n-e-n.ru/knigi/kniga/chudovische-i-krasavitsa-odnazhdy-v-skazke/,Чудовище и красавица. Однажды в сказке,Кенни Кан,МИФ.Детство,7–12 лет,"школа, животные, природа, юмор, волшебство","сказка, фэнтези, приключения",174,3,описание: обрезанная аннотация издательства; «почему рекомендуем»: шаблон ×656; страницы: 3726 — сбой импорта
https://n-e-n.ru/knigi/kniga/sharf-v-yarkuyu-polosku/,Шарф в яркую полоску,Ксения Забабашкина,МИФ.Детство,7–12 лет,"животные, природа, приключения, детектив","сказка, детектив, приключения",179,3,описание: обрезанная аннотация издательства; «почему рекомендуем»: шаблон ×669; страницы: 3726 — сбой импорта
https://n-e-n.ru/knigi/kniga/shedevry-detskoy-literatury-skazki-pushkina/,Шедевры детской литературы. Сказки Пушкина,Пушкин Александр,Clever,6–8 лет,"школа, детский сад, животные, природа, искусство","сказка, приключения",176,3,описание: обрезанная аннотация издательства; «почему рекомендуем»: шаблон ×669; автор: фамилия перед именем
https://n-e-n.ru/knigi/kniga/shkola-globus/,Школа «Глобус»,Алексей Олейников,МИФ.Детство,12–17 лет,"школа, животные, взросление, юмор, волшебство, детектив","фэнтези, научная фантастика, детектив",177,3,описание: обрезанная аннотация издательства; «почему рекомендуем»: шаблон ×120; страницы: 3726 — сбой импорта
https://n-e-n.ru/knigi/kniga/shkola-dobra-i-zla-rassvet/,Школа Добра и Зла. Рассвет,Соман Чайнани,Эксмо,12–17 лет,"семья, школа, животные, природа, мифология, братья и сёстры, страх","сказка, фэнтези, научная фантастика",170,3,описание: обрезанная аннотация издательства; «почему рекомендуем»: шаблон ×870; автор: фамилия перед именем
https://n-e-n.ru/knigi/kniga/shkola-shredingera/,Школа Шрёдингера,сборника рассказов «Школа Шрёдингера» Авторы,Самокат,13–15 лет,"семья, школа, животные, космос, история, война, фантастика","сказка, научная фантастика",179,3,описание: обрезанная аннотация издательства; «почему рекомендуем»: шаблон ×122; автор: поле собрано с ошибкой
https://n-e-n.ru/knigi/kniga/shkola-magicheskih-zverey/,Школа магических зверей,Маргит Ауэр,МИФ.Детство,7–12 лет,"дружба, школа, животные, взросление, волшебство","сказка, фэнтези, детектив",176,3,описание: обрезанная аннотация издательства; «почему рекомендуем»: шаблон ×669; страницы: 3726 — сбой импорта
https://n-e-n.ru/knigi/kniga/shkola-magicheskih-zverey-kopay-glubzhe/,Школа магических зверей. Копай глубже!,Маргит Ауэр,МИФ.Детство,7–12 лет,"дружба, школа, животные, волшебство, приключения","сказка, фэнтези, детектив",177,3,описание: обрезанная аннотация издательства; «почему рекомендуем»: шаблон ×870; страницы: 3726 — сбой импорта
https://n-e-n.ru/knigi/kniga/shkola-magicheskih-zverey-kto-sidit-v-temnote/,Школа магических зверей. Кто сидит в темноте?,Маргит Ауэр,МИФ.Детство,7–12 лет,"дружба, школа, животные, волшебство, приключения","сказка, фэнтези, детектив",177,3,описание: обрезанная аннотация издательства; «почему рекомендуем»: шаблон ×656; страницы: 3726 — сбой импорта
https://n-e-n.ru/knigi/kniga/shkola-snegurochek-i-tayna-propavshey-hranitelnitsy/,Школа снегурочек и тайна пропавшей хранительницы,Валерия Ошеева,МИФ.Детство,7–12 лет,"школа, животные, природа, волшебство, эмоции, детектив","сказка, фэнтези, детектив",176,3,описание: обрезанная аннотация издательства; «почему рекомендуем»: шаблон ×870; страницы: 3726 — сбой импорта
https://n-e-n.ru/knigi/kniga/shkola-stihiy-magiya-altaya/,Школа стихий. Магия Алтая,Леви Анна,Clever,12–14 лет,"дружба, семья, школа, животные, история","фэнтези, детектив, приключения",177,3,описание: обрезанная аннотация издательства; «почему рекомендуем»: шаблон ×120; автор: имя записано по-разному в разных карточках
https://n-e-n.ru/knigi/kniga/shkola-talantov-urok-vtoroy-konets-sveta/,Школа талантов. Урок второй: конец света,Маргит Ауэр,МИФ.Детство,7–12 лет,"дружба, школа, животные, взросление, приключения, динозавры","детектив, приключения",176,3,описание: обрезанная аннотация издательства; «почему рекомендуем»: шаблон ×870; страницы: 3726 — сбой импорта
https://n-e-n.ru/knigi/kniga/shkola-talantov-urok-tretiy-chudovischa-na-vyhod/,"Школа талантов. Урок третий: чудовища, на выход!",Маргит Ауэр,МИФ.Детство,7–12 лет,"дружба, школа, животные, природа, взросление, детектив","сказка, фэнтези, детектив",175,3,описание: обрезанная аннотация издательства; «почему рекомендуем»: шаблон ×669; страницы: 3726 — сбой импорта
https://n-e-n.ru/knigi/kniga/shkola-chudo-veschey-ischeznuvshiy-podsvechnik-1/,Школа чудо-вещей. Исчезнувший подсвечник (#1),Кира Гембри,Эксмо,7–10 лет,"дружба, школа, природа, взросление, юмор","сказка, фэнтези, научная фантастика",175,3,описание: обрезанная аннотация издательства; «почему рекомендуем»: шаблон ×870; страницы: 1 — похоже на номер в серии; объём считается неверно
https://n-e-n.ru/knigi/kniga/shkola-chudo-veschey-letayuschiy-zont-2/,Школа чудо-вещей. Летающий зонт (#2),Кира Гембри,Эксмо,7–10 лет,"дружба, школа, животные, природа, взросление","сказка, фэнтези, научная фантастика",177,3,описание: обрезанная аннотация издательства; «почему рекомендуем»: шаблон ×656; страницы: 2 — похоже на номер в серии; объём считается неверно
https://n-e-n.ru/knigi/kniga/shkola-chudo-veschey-neveroyatnaya-sumka-3/,Школа чудо-вещей. Невероятная сумка (#3),Кира Гембри,Эксмо,7–10 лет,"дружба, школа, животные, природа, взросление","сказка, фэнтези, научная фантастика",177,3,описание: обрезанная аннотация издательства; «почему рекомендуем»: шаблон ×656; страницы: 3 — похоже на номер в серии; объём считается неверно
https://n-e-n.ru/knigi/kniga/shkolnaya-klassika-sto-let-tomu-vpered/,Школьная классика. Сто лет тому вперед,Булычев Кир,Clever,12–14 лет,"дружба, школа, животные, космос, история, фантастика","научная фантастика, приключения",180,3,описание: обрезанная аннотация издательства; «почему рекомендуем»: шаблон ×120; автор: фамилия перед именем
https://n-e-n.ru/knigi/kniga/shlyapniki/,Шляпники,Тамзин Мерчант,"АСТ, Вилли Винки",8–13 лет,семья,реалистическая проза,177,3,описание: обрезанная аннотация издательства; «почему рекомендуем»: шаблон ×120; автор: фамилия перед именем
https://n-e-n.ru/knigi/kniga/shmyak-govorit-spasibo-knizhka-s-nakleykami/,Шмяк говорит спасибо. Книжка с наклейками,Скоттон Роб,Clever,2–4 лет,"дружба, животные, искусство, юмор, приключения",юмор,175,3,описание: обрезанная аннотация издательства; «почему рекомендуем»: шаблон ×870; возраст: «2–4 лет» → «2–4 года»
https://n-e-n.ru/knigi/kniga/shmyak-slasti-ili-napasti-knizhka-s-nakleykami/,Шмяк: сласти или напасти. Книжка с наклейками,Скоттон Роб,Clever,2–4 лет,"школа, животные, искусство, юмор, страх",юмор,177,3,описание: обрезанная аннотация издательства; «почему рекомендуем»: шаблон ×656; возраст: «2–4 лет» → «2–4 года»
https://n-e-n.ru/knigi/kniga/shokoladus-volshebnaya-korona-mayya/,Шоколадус. Волшебная корона майя,Фогель Майя,Clever,8–11 лет,"дружба, животные, история, искусство, взросление, детектив","фэнтези, детектив, приключения",174,3,описание: обрезанная аннотация издательства; «почему рекомендуем»: шаблон ×870; автор: имя записано по-разному в разных карточках
https://n-e-n.ru/knigi/kniga/shokoladus-esche-nemnogo-priklyucheniy/,Шоколадус. Ещё немного приключений,Фогель Майя,Clever,8–11 лет,"дружба, семья, школа, животные, природа, братья и сёстры, детектив","детектив, приключения",179,3,описание: обрезанная аннотация издательства; «почему рекомендуем»: шаблон ×870; автор: имя записано по-разному в разных карточках
https://n-e-n.ru/knigi/kniga/shokoladus-magicheskiy-oreshek/,Шоколадус. Магический орешек,Фогель Майя,Clever,8–11 лет,"дружба, школа, животные, история, искусство, детектив","сказка, фэнтези, детектив",168,3,описание: обрезанная аннотация издательства; «почему рекомендуем»: шаблон ×870; автор: имя записано по-разному в разных карточках
https://n-e-n.ru/knigi/kniga/shokoladus-perets-piff-paff/,Шоколадус. Перец пифф-пафф,Фогель Майя,Clever,8–11 лет,"дружба, животные, искусство, спорт, взросление, детектив","детектив, приключения",177,3,описание: обрезанная аннотация издательства; «почему рекомендуем»: шаблон ×870; автор: имя записано по-разному в разных карточках
https://n-e-n.ru/knigi/kniga/shokoladus-sekret-volshebnogo-kakao/,Шоколадус. Секрет волшебного какао,Фогель Майя,Clever,8–12 лет,"дружба, семья, животные, мифология, искусство","сказка, фэнтези, детектив",171,3,описание: обрезанная аннотация издательства; «почему рекомендуем»: шаблон ×669; автор: имя записано по-разному в разных карточках
https://n-e-n.ru/knigi/kniga/shokoladus-sekret-yaguara/,Шоколадус. Секрет ягуара,Фогель Майя,Clever,8–12 лет,"дружба, семья, школа, животные, мифология, детектив","сказка, фэнтези, детектив",175,3,описание: обрезанная аннотация издательства; «почему рекомендуем»: шаблон ×870; автор: имя записано по-разному в разных карточках
https://n-e-n.ru/knigi/kniga/shustrik-i-tishka/,Шустрик и Тишка,Эрвин Мозер,Мелик-Пашаев,2–6 лет,"дружба, волшебство",сказка,178,3,описание: обрезанная аннотация издательства; «почему рекомендуем»: шаблон ×669; автор: фамилия перед именем
https://n-e-n.ru/knigi/kniga/schelkunchik-i-myshinyy-korol-il-eleny-larussi/,Щелкунчик и Мышиный король (ил. Елены Ларусси),Эрнст Теодор Амадей Гофман,Эксмо,7–12 лет,"школа, животные, природа, отношения, волшебство","сказка, фэнтези",173,3,"описание: обрезанная аннотация издательства; «почему рекомендуем»: шаблон ×870; название: данные издания (иллюстратор, номер издания) внутри названия"
https://n-e-n.ru/knigi/kniga/schenok-dzhekson-ili-pervoe-rozhdestvo-vypusk-56/,"Щенок Джексон, или Первое Рождество (выпуск 56)",Холли Вебб,Эксмо,6–9 лет,"дружба, животные, природа, взросление, волшебство, детектив","детектив, приключения",174,3,описание: обрезанная аннотация издательства; «почему рекомендуем»: шаблон ×870; автор: имя записано по-разному в разных карточках
https://n-e-n.ru/knigi/kniga/schenok-milo-ili-schaste-na-povodke-vypusk-51/,"Щенок Мило, или Счастье на поводке (выпуск 51)",Холли Вебб,Эксмо,6–9 лет,"дружба, семья, животные, природа, взросление, детектив","детектив, приключения, юмор",173,3,описание: обрезанная аннотация издательства; «почему рекомендуем»: шаблон ×656; автор: имя записано по-разному в разных карточках
https://n-e-n.ru/knigi/kniga/schenok-trevis-ili-malenkiy-spasatel-vypusk-54/,"Щенок Трэвис, или Маленький спасатель (выпуск 54)",Холли Вебб,Эксмо,6–9 лет,"дружба, животные, природа, взросление, волшебство, детектив","детектив, приключения",178,3,описание: обрезанная аннотация издательства; «почему рекомендуем»: шаблон ×656; автор: имя записано по-разному в разных карточках
https://n-e-n.ru/knigi/kniga/schenok-hanni-ili-vozvraschaysya-skoree-vypusk-57/,"Щенок Ханни, или Возвращайся скорее (выпуск 57)",Холли Вебб,Эксмо,6–9 лет,"дружба, семья, животные, природа, взросление, братья и сёстры, детектив","детектив, приключения",174,3,описание: обрезанная аннотация издательства; «почему рекомендуем»: шаблон ×656; автор: имя записано по-разному в разных карточках
https://n-e-n.ru/knigi/kniga/schenok-kotoryy-ochen-lyubil-schitat/,"Щенок, который очень любил щитать",Г. П. Шалаева,АСТ,6–11 лет,животные,сказка,175,3,описание: обрезанная аннотация издательства; «почему рекомендуем»: шаблон ×656; нет поля: число страниц
https://n-e-n.ru/knigi/kniga/emil-i-margo-beskonechnoe-chaepitie-kniga-dlya-pervogo-chteniya/,Эмиль и Марго. Бесконечное чаепитие. Книга для первого чтения,Энн Дидье; Оливье Мэллер,МИФ.Детство,7–12 лет,"дружба, семья, школа, животные, природа, эмоции, страх, детектив","детектив, приключения, юмор",178,3,описание: обрезанная аннотация издательства; «почему рекомендуем»: шаблон ×656; страницы: 3726 — сбой импорта
https://n-e-n.ru/knigi/kniga/emil-i-margo-kamennyy-monstr-kniga-dlya-pervogo-chteniya/,Эмиль и Марго. Каменный монстр. Книга для первого чтения,Оливье Делуайе,МИФ.Детство,7–12 лет,"дружба, семья, школа, животные, природа","сказка, фэнтези, приключения",179,3,описание: обрезанная аннотация издательства; «почему рекомендуем»: шаблон ×870; страницы: 3726 — сбой импорта
https://n-e-n.ru/knigi/kniga/emil-i-margo-strashno-vazhnaya-tseremoniya/,Эмиль и Марго. Страшно важная церемония,Лесли Мейзер,МИФ.Детство,7–12 лет,"дружба, семья, школа, животные, природа","сказка, фэнтези, приключения",177,3,описание: обрезанная аннотация издательства; «почему рекомендуем»: шаблон ×870; страницы: 3726 — сбой импорта
https://n-e-n.ru/knigi/kniga/emmi-i-poslednie-elfy-tom-1-ubezhische/,Эмми и последние эльфы. Том 1: Убежище,Барро Вероник,Эксмо,7–12 лет,"семья, животные, природа, юмор, волшебство, братья и сёстры","сказка, фэнтези, юмор",178,3,описание: обрезанная аннотация издательства; «почему рекомендуем»: шаблон ×870; страницы: 1 — похоже на номер в серии; объём считается неверно
https://n-e-n.ru/knigi/kniga/emmi-i-poslednie-elfy-tom-2-vozvraschenie-korolevstva/,Эмми и последние эльфы. Том 2: Возвращение королевства,Барро Вероник,Эксмо,7–12 лет,"дружба, природа, путешествия, волшебство, приключения","сказка, фэнтези, детектив",179,3,описание: обрезанная аннотация издательства; «почему рекомендуем»: шаблон ×656; страницы: 2 — похоже на номер в серии; объём считается неверно
https://n-e-n.ru/knigi/kniga/eta-knizhechka-moya-pro-morya-i-pro-mayak/,Эта книжечка моя про моря и про маяк,Владимир Маяковский,Мелик-Пашаев,2–6 лет,"природа, морские приключения, волшебство, приключения","приключения, поэзия",171,3,описание: обрезанная аннотация издательства; «почему рекомендуем»: шаблон ×870; нет поля: число страниц
https://n-e-n.ru/knigi/kniga/eho-kviktorn-i-velikoe-zapredele-1/,Эхо Квикторн и Великое Запределье (#1),Алекс Инглиш,Эксмо,7–12 лет,"дружба, отношения, приключения","фэнтези, научная фантастика, приключения",174,3,описание: обрезанная аннотация издательства; «почему рекомендуем»: шаблон ×870; страницы: 1 — похоже на номер в серии; объём считается неверно
https://n-e-n.ru/knigi/kniga/eho-kviktorn-i-zoloto-drakona-2/,Эхо Квикторн и Золото Дракона (#2),Алекс Инглиш,Эксмо,7–12 лет,"семья, природа, мифология, путешествия, приключения, братья и сёстры","сказка, фэнтези, научная фантастика",180,3,описание: обрезанная аннотация издательства; «почему рекомендуем»: шаблон ×669; страницы: 2 — похоже на номер в серии; объём считается неверно
https://n-e-n.ru/knigi/kniga/yumoristicheskie-rasskazy/,Юмористические рассказы,Антон Чехов,Эксмо,7–12 лет,"семья, школа, природа, отношения, юмор",юмор,175,3,описание: обрезанная аннотация издательства; «почему рекомендуем»: шаблон ×870; автор: имя записано по-разному в разных карточках
https://n-e-n.ru/knigi/kniga/ya-zabyla-vse-na-svete/,Я забыла все на свете,Маэль Ферпье,МИФ.Детство,12–17 лет,"дружба, семья, животные, природа, взросление, ответственность, смелость","сказка, фэнтези, научная фантастика",178,3,описание: обрезанная аннотация издательства; «почему рекомендуем»: шаблон ×122; страницы: 3726 — сбой импорта
https://n-e-n.ru/knigi/kniga/ya-i-moya-sestra-klara/,Я и моя сестра Клара,Димитр Инкиов,Мелик-Пашаев,4–6 лет,"семья, волшебство, братья и сёстры",реалистическая проза,180,3,описание: обрезанная аннотация издательства; «почему рекомендуем»: шаблон ×870; нет поля: число страниц
https://n-e-n.ru/knigi/kniga/ya-lyublyu-tebya-babushka/,"Я люблю тебя, бабушка!",Харкер Джиллиан,Clever,2–5 лет,"семья, животные, искусство",реалистическая проза,170,3,описание: обрезанная аннотация издательства; «почему рекомендуем»: шаблон ×656; автор: фамилия перед именем
https://n-e-n.ru/knigi/kniga/ya-lyublyu-tebya-dedushka/,"Я люблю тебя, дедушка!",Харкер Джиллиан,Clever,2–5 лет,"семья, животные, искусство, отношения",сказка,174,3,описание: обрезанная аннотация издательства; «почему рекомендуем»: шаблон ×669; автор: фамилия перед именем
https://n-e-n.ru/knigi/kniga/ya-lyublyu-tebya-mamochka/,"Я люблю тебя, мамочка!",Харкер Джиллиан,Clever,2–5 лет,"семья, животные, искусство, волшебство, приключения, эмоции","сказка, фэнтези, приключения",172,3,описание: обрезанная аннотация издательства; «почему рекомендуем»: шаблон ×870; автор: фамилия перед именем
https://n-e-n.ru/knigi/kniga/ya-ne-tvoya-mama/,Я не твоя мама,Марианна Дюбюк,МИФ.Детство,3–6 лет,"семья, природа, отношения, приключения, ответственность, доброта",реалистическая проза,178,3,описание: обрезанная аннотация издательства; «почему рекомендуем»: шаблон ×656; страницы: 3726 — сбой импорта
https://n-e-n.ru/knigi/kniga/ya-rastu-stihi-il-a-ilchenko/,Я расту. Стихи (ил. А. Ильченко),Агния Барто,Эксмо,3–6 лет,"дружба, школа, животные, взросление",поэзия,175,3,"описание: обрезанная аннотация издательства; «почему рекомендуем»: шаблон ×870; название: данные издания (иллюстратор, номер издания) внутри названия"
https://n-e-n.ru/knigi/kniga/ya-ne-ya-zhanna/,"Я, не я, Жанна",Зайцева Александра,Самокат,10–16 лет,"дружба, семья, школа, взросление, отношения, эмоции",реалистическая проза,171,3,описание: обрезанная аннотация издательства; «почему рекомендуем»: шаблон ×870; автор: фамилия перед именем
https://n-e-n.ru/knigi/kniga/yadovityy-drug-7/,Ядовитый друг (#7),Эйми Картер,Эксмо,7–12 лет,"дружба, семья, школа, природа, приключения, братья и сёстры","фэнтези, научная фантастика, приключения",171,3,описание: обрезанная аннотация издательства; «почему рекомендуем»: шаблон ×656; страницы: 7 — похоже на номер в серии; объём считается неверно
https://n-e-n.ru/knigi/kniga/yaroshtorm/,Ярошторм,Вашти Харди,МИФ.Детство,12–17 лет,"семья, животные, природа, путешествия, взросление, смерть, ответственность, детектив, фантастика","научная фантастика, детектив, приключения",180,3,описание: обрезанная аннотация издательства; «почему рекомендуем»: шаблон ×122; страницы: 3726 — сбой импорта
https://n-e-n.ru/knigi/kniga/ya-na-solnyshke-lezhu/,я на солнышке лежу,Сергей Козлов,АСТ,6–11 лет,отношения,поэзия,113,3,«почему рекомендуем»: шаблон ×669; «почему рекомендуем»: «о» вместо «об»; автор: имя записано по-разному в разных карточках
https://n-e-n.ru/knigi/kniga/100-skazok/,100 сказок,Владимир Сутеев,АСТ,6–11 лет,животные,сказка,128,2,«почему рекомендуем»: шаблон ×669; нет поля: число страниц
https://n-e-n.ru/knigi/kniga/13-sekretov/,13 секретов,Мишель Харрисон,Альпина.Дети,12–17 лет,"животные, история, искусство, приключения",приключения,180,2,описание: обрезанная аннотация издательства; «почему рекомендуем»: шаблон ×122
https://n-e-n.ru/knigi/kniga/20-podarkov-na-novyy-god/,20 подарков на Новый год,Валя Филиппенко; Никита Терешин,Альпина.Дети,7–12 лет,"семья, искусство",детектив,174,2,описание: обрезанная аннотация издательства; «почему рекомендуем»: шаблон ×870
https://n-e-n.ru/knigi/kniga/38-popugaev/,38 попугаев,Григорий Остер,АСТ,6–11 лет,отношения,реалистическая проза,152,2,«почему рекомендуем»: шаблон ×669; «почему рекомендуем»: «о» вместо «об»
https://n-e-n.ru/knigi/kniga/451-gradus-po-farengeytu/,451 градус по Фаренгейту,Рэй Брэдбери,АСТ,14–17 лет,"искусство, безопасность, самооценка",научная фантастика,121,2,«почему рекомендуем»: шаблон ×120; «почему рекомендуем»: «о» вместо «об»
https://n-e-n.ru/knigi/kniga/6-minut-dlya-detey/,6 минут для детей,Доминик Спенст,Альпина.Дети,9–16 лет,взросление,реалистическая проза,175,2,описание: обрезанная аннотация издательства; «почему рекомендуем»: шаблон ×120
https://n-e-n.ru/knigi/kniga/7-hrustalnyh-sharov/,7 хрустальных шаров,Эрже,Мелик-Пашаев,7–14 лет,"животные, история, путешествия, отношения, волшебство, детектив",детектив,180,2,описание: обрезанная аннотация издательства; «почему рекомендуем»: шаблон ×669
https://n-e-n.ru/knigi/kniga/clever-chtenie-doktor-medus-i-sekret-pterozavra/,CLEVER-чтение. Доктор Мёдус и секрет птерозавра,Аннетте Херцог,Clever,8–10 лет,"дружба, школа, детский сад, животные, история, фантастика","фэнтези, научная фантастика, приключения",174,2,описание: обрезанная аннотация издательства; «почему рекомендуем»: шаблон ×870
https://n-e-n.ru/knigi/kniga/clever-chtenie-malenkaya-sonya-pervyy-den-v-lesnoy-shkole/,CLEVER-чтение. Маленькая соня. Первый день в Лесной школе,Больманн Сабина,Clever,6–8 лет,"дружба, школа, детский сад, животные, природа","сказка, юмор",175,2,описание: обрезанная аннотация издательства; «почему рекомендуем»: шаблон ×870
https://n-e-n.ru/knigi/kniga/clever-chtenie-odnazhdy-v-lesu-sbornik-stihotvoreniy/,CLEVER-чтение. Однажды в лесу. Сборник стихотворений,Валаханович Ксения,Clever,3–5 лет,"животные, природа, мифология, искусство, юмор","сказка, юмор, поэзия",177,2,описание: обрезанная аннотация издательства; «почему рекомендуем»: шаблон ×669
https://n-e-n.ru/knigi/kniga/clever-chtenie-priklyucheniya-v-gusinyh-lapkah/,CLEVER-чтение. Приключения в Гусиных Лапках,Снесарь Андрей,Clever,6–8 лет,"дружба, семья, природа, искусство, приключения",приключения,175,2,описание: обрезанная аннотация издательства; «почему рекомендуем»: шаблон ×870
https://n-e-n.ru/knigi/kniga/clever-chtenie-priklyucheniya-v-kanun-rozhdestva/,CLEVER-чтение. Приключения в канун Рождества,Манн Мириам,Clever,5–8 лет,"дружба, школа, животные, природа, искусство","фэнтези, приключения, семейная история",170,2,описание: обрезанная аннотация издательства; «почему рекомендуем»: шаблон ×870
https://n-e-n.ru/knigi/kniga/clever-chtenie-supershkola-dlya-zverey/,CLEVER-чтение. Супершкола для зверей,Цильгенс Герлис,Clever,7–9 лет,"дружба, школа, животные, природа, искусство","детектив, приключения, юмор",180,2,описание: обрезанная аннотация издательства; «почему рекомендуем»: шаблон ×656
https://n-e-n.ru/knigi/kniga/clever-komiks-kanikuly-monstrov/,Clever-комикс. Каникулы монстров,Пе Ма,Clever,6–8 лет,"дружба, животные, искусство, взросление, юмор, эмоции","сказка, фэнтези, приключения",179,2,описание: обрезанная аннотация издательства; «почему рекомендуем»: шаблон ×656
https://n-e-n.ru/knigi/kniga/zoom-karantinnaya-istoriya-s-avtografom/,Zoom. Карантинная история (с автографом),Елена Борода,КомпасГид,7–13 лет,"школа, животные, взросление",реалистическая проза,179,2,описание: обрезанная аннотация издательства; «почему рекомендуем»: шаблон ×669
https://n-e-n.ru/knigi/kniga/kak-stat-bolshim-i-drugie-istorii/,«Как стать большим» и другие истории,Г. Цыферов,Geleos,6–11 лет,животные,реалистическая проза,52,2,«почему рекомендуем»: шаблон ×870; нет поля: число страниц
https://n-e-n.ru/knigi/kniga/ezhik-v-tumane-norshteyn/,Ёжик в тумане,Юрий Норштейн,АСТ,7–12 лет,животные,реалистическая проза,155,2,«почему рекомендуем»: шаблон ×669; название повторяется ×2 — проверить дубль
https://n-e-n.ru/knigi/kniga/a-novyy-god-skoro/,А Новый год скоро?,Чапмен Джейн,Clever,3–5 лет,"дружба, семья, животные, искусство, отношения, доброта",фэнтези,177,2,описание: обрезанная аннотация издательства; «почему рекомендуем»: шаблон ×656
https://n-e-n.ru/knigi/kniga/a-chto-tam-v-shkole/,А что там в школе?,Юлия Асланова; Юлия Прохоцкая,Альпина.Дети,7–12 лет,"дружба, семья, школа, животные, искусство, детектив","детектив, приключения",177,2,описание: обрезанная аннотация издательства; «почему рекомендуем»: шаблон ×656
https://n-e-n.ru/knigi/kniga/adelina-testafina-i-tayna-propavshey-vitse-babushki/,Аделина Тестафина и тайна пропавшей вице-бабушки,Кристина Марси; Франческа Карабелли,Альпина.Дети,6–10 лет,"семья, животные, мифология, искусство, приключения","сказка, детектив, приключения",174,2,описание: обрезанная аннотация издательства; «почему рекомендуем»: шаблон ×870
https://n-e-n.ru/knigi/kniga/adel-blan-sek-neobyknovennye-priklyucheniya-t-2-kn-4-6/,Адель Блан-Сек. Необыкновенные приключения. Т.2 кн. 4-6,Тарди,КомпасГид,12–17 лет,"дружба, животные, приключения","детектив, приключения",171,2,описание: обрезанная аннотация издательства; «почему рекомендуем»: шаблон ×120
https://n-e-n.ru/knigi/kniga/akuly-krasnogo-morya/,Акулы Красного моря,Эрже,Мелик-Пашаев,7–14 лет,"дружба, семья, животные, природа, волшебство, братья и сёстры",реалистическая проза,175,2,описание: обрезанная аннотация издательства; «почему рекомендуем»: шаблон ×870
https://n-e-n.ru/knigi/kniga/alisa-v-strane-chudes-alisa-za-zerkalom/,Алиса в стране чудес. Алиса за зеркалом,Льюис Кэрролл,Самокат,7–9 лет,"школа, животные, природа, искусство, музыка, творчество",сказка,179,2,описание: обрезанная аннотация издательства; «почему рекомендуем»: шаблон ×669
https://n-e-n.ru/knigi/kniga/alma-veter-krepchaet/,Альма. Ветер крепчает,Тимоте де Фомбель,Самокат,13–15 лет,морские приключения,реалистическая проза,173,2,описание: обрезанная аннотация издательства; «почему рекомендуем»: шаблон ×870
https://n-e-n.ru/knigi/kniga/alma-neotrazimaya/,Альма. Неотразимая,Тимоте де Фомбель,Самокат,13–15 лет,"семья, природа, морские приключения, приключения, братья и сёстры",приключения,177,2,описание: обрезанная аннотация издательства; «почему рекомендуем»: шаблон ×870
https://n-e-n.ru/knigi/kniga/alma-svoboda/,Альма. Свобода,Тимоте де Фомбель,Самокат,13–15 лет,"семья, природа, морские приключения, братья и сёстры",реалистическая проза,179,2,описание: обрезанная аннотация издательства; «почему рекомендуем»: шаблон ×122
https://n-e-n.ru/knigi/kniga/amneziya-dnevnik-poteryavshego-pamyat/,Амнезия. Дневник потерявшего память,Сомерс Натали,КомпасГид,13–17 лет,"дружба, семья, школа, животные, экология, братья и сёстры, эмоции, фантастика",научная фантастика,180,2,описание: обрезанная аннотация издательства; «почему рекомендуем»: шаблон ×120
https://n-e-n.ru/knigi/kniga/ana-povsyudu/,Ана повсюду,Адольфо Кордова,Самокат,7–9 лет,"школа, животные, природа, история, взросление, эмоции","сказка, историческая проза",177,2,описание: обрезанная аннотация издательства; «почему рекомендуем»: шаблон ×870
https://n-e-n.ru/knigi/kniga/angel-s-chertova-ostrova/,Ангел с Чертова острова,Леви Хенриксен,КомпасГид,7–12 лет,"семья, животные, морские приключения, отношения, приключения, развод родителей, эмоции","детектив, приключения, семейная история",178,2,описание: обрезанная аннотация издательства; «почему рекомендуем»: шаблон ×870
https://n-e-n.ru/knigi/kniga/angelino-braun/,Ангелино Браун,Дэвид Алмонд,Самокат,4–6 лет,"дружба, школа, взросление, юмор, волшебство, эмоции","сказка, фэнтези, юмор",178,2,описание: обрезанная аннотация издательства; «почему рекомендуем»: шаблон ×870
https://n-e-n.ru/knigi/kniga/anechka-nevelichka-i-solomennyy-gubert/,Анечка-Невеличка и Соломенный Губерт,Витезслав Незвал,Мелик-Пашаев,7–10 лет,"животные, мифология, искусство, волшебство",сказка,175,2,описание: обрезанная аннотация издательства; «почему рекомендуем»: шаблон ×656
https://n-e-n.ru/knigi/kniga/anni-lamsden-devochka-iz-morya/,"Анни Ламсден, девочка из моря",Дэвид Алмонд,Самокат,10–12 лет,"семья, школа, природа",сказка,176,2,описание: обрезанная аннотация издательства; «почему рекомендуем»: шаблон ×120
https://n-e-n.ru/knigi/kniga/anya-i-manya/,Аня и Маня,И. Грекова (Вентцель Елена),Мелик-Пашаев,4–10 лет,"дружба, природа, волшебство",реалистическая проза,180,2,описание: обрезанная аннотация издательства; «почему рекомендуем»: шаблон ×870
https://n-e-n.ru/knigi/kniga/ah-eta-prekrasnaya-ulitsa/,"Ах, эта прекрасная улица",Алексей Кирносов,Мелик-Пашаев,2–14 лет,"дружба, животные, отношения, волшебство",реалистическая проза,177,2,описание: обрезанная аннотация издательства; «почему рекомендуем»: шаблон ×870
https://n-e-n.ru/knigi/kniga/babochki/,Бабочки,Михаил Лукашевич,Архипелаг,2–5 лет,отношения,поэзия,63,2,«почему рекомендуем»: шаблон ×656; «почему рекомендуем»: «о» вместо «об»
https://n-e-n.ru/knigi/kniga/babushka-slomala-internet/,Бабушка сломала интернет,Марк-Уве Клинг,КомпасГид,6–9 лет,"семья, техника, юмор","повесть, комедия",120,2,«почему рекомендуем»: шаблон ×656; «почему рекомендуем»: падеж («любит народная сказка»)
https://n-e-n.ru/knigi/kniga/babushka-krichit-frider-42-istorii-iz-zhizni-prokaznikov/,Бабушка — кричит Фридер. 42 истории из жизни проказников,Гудрун Мебс,Самокат,4–6 лет,"семья, животные, искусство, приключения","сказка, приключения",180,2,описание: обрезанная аннотация издательства; «почему рекомендуем»: шаблон ×870
https://n-e-n.ru/knigi/kniga/banda-lam/,Банда лам,Хайке Ева Шмидт; Николай Ренгер,Альпина.Дети,7–12 лет,"семья, искусство, детектив",детектив,179,2,описание: обрезанная аннотация издательства; «почему рекомендуем»: шаблон ×870
https://n-e-n.ru/knigi/kniga/basseyn-ili-vse-leto-pod-otkrytym-nebom/,"Бассейн, или Всё лето под открытым небом",Виль Гмелинг,Самокат,7–9 лет,"семья, животные, путешествия, взросление, отношения, братья и сёстры, первая любовь, страх",приключения,179,2,описание: обрезанная аннотация издательства; «почему рекомендуем»: шаблон ×656
https://n-e-n.ru/knigi/kniga/belki-v-peredelke/,Белки в переделке,Рэйчел Брайт,Поляндрия,3–7 лет,"дружба, искусство, юмор","сказка, юмор",176,2,описание: обрезанная аннотация издательства; «почему рекомендуем»: шаблон ×656
https://n-e-n.ru/knigi/kniga/belyy-aist-poslanets-neba-chernyy-aist-lesnoy-otshelnik/,Белый аист. Посланец неба. Черный аист. Лесной отшельник,Николай Шпиленок,Белая ворона,4–9 лет,"животные, природа, инклюзия",реалистическая проза,179,2,описание: обрезанная аннотация издательства; «почему рекомендуем»: шаблон ×656
https://n-e-n.ru/knigi/kniga/belchonok-boris/,Бельчонок Борис,Юлия Симбирская; Марина Байкова,Альпина.Дети,3–7 лет,"дружба, животные, природа, искусство",детектив,180,2,описание: обрезанная аннотация издательства; «почему рекомендуем»: шаблон ×870
https://n-e-n.ru/knigi/kniga/bertik-i-chmuh/,Бертик и Чмух,Петра Соукупова,Самокат,7–9 лет,"семья, животные, взросление, детектив",детектив,180,2,описание: обрезанная аннотация издательства; «почему рекомендуем»: шаблон ×870
https://n-e-n.ru/knigi/kniga/biblioteka-priklyucheniy-myagkaya-oblozhka-robinzon-kruzo/,Библиотека приключений (мягкая обложка). Робинзон Крузо,Дефо Даниель,Clever,12–14 лет,"семья, школа, животные, природа, искусство, братья и сёстры","приключения, поэзия",177,2,описание: обрезанная аннотация издательства; «почему рекомендуем»: шаблон ×870
https://n-e-n.ru/knigi/kniga/biblioteka-priklyucheniy-robinzon-kruzo/,Библиотека приключений. Робинзон Крузо,Дефо Даниель,Clever,12–14 лет,"школа, животные, природа, искусство, морские приключения",приключения,173,2,описание: обрезанная аннотация издательства; «почему рекомендуем»: шаблон ×122
https://n-e-n.ru/knigi/kniga/billi-malysh/,Билли Малыш,Рене Госинни,Мелик-Пашаев,7–14 лет,"мифология, волшебство",сказка,180,2,описание: обрезанная аннотация издательства; «почему рекомендуем»: шаблон ×870
https://n-e-n.ru/knigi/kniga/bitva-s-komarami/,Битва с комарами,Бьёрн Рёрвик,Самокат,4–6 лет,"дружба, семья, животные, природа, искусство, братья и сёстры, страх, творчество","сказка, юмор",174,2,описание: обрезанная аннотация издательства; «почему рекомендуем»: шаблон ×870
https://n-e-n.ru/knigi/kniga/blinki-bill-priklyucheniya-neposlushnogo-koalenka/,Блинки Билл. Приключения непослушного коалёнка,Дороти Уолл,Мелик-Пашаев,7–10 лет,"животные, искусство, волшебство, приключения",приключения,172,2,описание: обрезанная аннотация издательства; «почему рекомендуем»: шаблон ×669
https://n-e-n.ru/knigi/kniga/bogatyrskie-russkie-skazki/,Богатырские русские сказки,Игорь Егунов,Эксмо,7–12 лет,волшебство,сказка,68,2,«почему рекомендуем»: шаблон ×656; нет поля: число страниц
https://n-e-n.ru/knigi/kniga/bogtrotter/,Богтроттер,Маргарет Уайльд,Поляндрия,3–7 лет,"животные, искусство, приключения",приключения,176,2,описание: обрезанная аннотация издательства; «почему рекомендуем»: шаблон ×669
https://n-e-n.ru/knigi/kniga/bolnitsa-dlya-dinozavrov-mezozoyskie-istorii/,Больница для динозавров: мезозойские истории,Светлана Лаврова,Самокат,10–12 лет,"семья, животные, путешествия, приключения, братья и сёстры, смерть, динозавры",реалистическая проза,179,2,описание: обрезанная аннотация издательства; «почему рекомендуем»: шаблон ×120
https://n-e-n.ru/knigi/kniga/bolshaya-kniga-skazok/,Большая книга сказок,Виталий Бянки,Азбука-Аттикус,7–12 лет,животные,сказка,138,2,«почему рекомендуем»: шаблон ×870; нет поля: число страниц
https://n-e-n.ru/knigi/kniga/bolshaya-skazochnaya-seriya-babushkiny-skazki-8-skazok-dlya-chteniya/,Большая сказочная серия. Бабушкины сказки. 8 сказок для чтения перед сном,Амьо Карин-Мари,Clever,3–5 лет,"дружба, семья, животные, искусство, отношения, первая любовь, смелость",сказка,167,2,описание: обрезанная аннотация издательства; «почему рекомендуем»: шаблон ×870
https://n-e-n.ru/knigi/kniga/bolshaya-skazochnaya-seriya-dedushkiny-skazki-na-novyy-god/,Большая сказочная серия. Дедушкины сказки на Новый год,Амьо Карин-Мари,Clever,3–5 лет,"дружба, семья, животные, природа, искусство, братья и сёстры","сказка, фэнтези",179,2,описание: обрезанная аннотация издательства; «почему рекомендуем»: шаблон ×669
https://n-e-n.ru/knigi/kniga/bolshaya-skazochnaya-seriya-dedushkiny-skazki-9-skazok-dlya-chteniya/,Большая сказочная серия. Дедушкины сказки. 9 сказок для чтения перед сном,Амьо Карин-Мари,Clever,3–5 лет,"семья, школа, искусство, волшебство","сказка, фэнтези",179,2,описание: обрезанная аннотация издательства; «почему рекомендуем»: шаблон ×656
https://n-e-n.ru/knigi/kniga/bolshaya-skazochnaya-seriya-skazki-dlya-vnuchat-7-skazok-dlya-chteniya/,Большая сказочная серия. Сказки для внучат. 7 сказок для чтения перед сном,Амьо Карин-Мари,Clever,3–5 лет,"дружба, семья, искусство, путешествия, волшебство","сказка, фэнтези",177,2,описание: обрезанная аннотация издательства; «почему рекомендуем»: шаблон ×669
https://n-e-n.ru/knigi/kniga/bolshuschee-serdtse/,Большущее сердце,Кларк Эмма Чичестер,Мелик-Пашаев,4–10 лет,"животные, природа, искусство, юмор, волшебство",юмор,173,2,описание: обрезанная аннотация издательства; «почему рекомендуем»: шаблон ×669
https://n-e-n.ru/knigi/kniga/bombochkoy-ne-prygat/,Бомбочкой не прыгать!,Ульрих Хуб,Самокат,4–6 лет,"дружба, животные",реалистическая проза,179,2,описание: обрезанная аннотация издательства; «почему рекомендуем»: шаблон ×870
https://n-e-n.ru/knigi/kniga/borya-i-klara-tayna-izumrudnyh-lodochek/,Боря и Клара. Тайна изумрудных лодочек,Юлия Кузнецова,Архипелаг,5–10 лет,"волшебство, детектив","сказка, детектив",67,2,«почему рекомендуем»: шаблон ×669; автор: имя записано по-разному в разных карточках
https://n-e-n.ru/knigi/kniga/botanistika-naturalis-botanusa-dulsimera/,Ботанистика Натуралис Ботануса Дульсимера,Иван Барренетксеа,Поляндрия,3–7 лет,"животные, природа, искусство, путешествия, морские приключения",реалистическая проза,179,2,описание: обрезанная аннотация издательства; «почему рекомендуем»: шаблон ×870
https://n-e-n.ru/knigi/kniga/brat-drakona/,Брат дракона,Лариса Романовская,Альпина.Дети,9–16 лет,"семья, школа, животные, братья и сёстры",реалистическая проза,175,2,описание: обрезанная аннотация издательства; «почему рекомендуем»: шаблон ×120
https://n-e-n.ru/knigi/kniga/bratya/,Братья,Барт Муйарт,Самокат,13–15 лет,"семья, театр, взросление, братья и сёстры","сказка, поэзия",173,2,описание: обрезанная аннотация издательства; «почему рекомендуем»: шаблон ×870
https://n-e-n.ru/knigi/kniga/bred-kakoy-to/,Бред какой-то!,Шурд Кёйпер,Самокат,13–15 лет,"семья, животные",реалистическая проза,175,2,описание: обрезанная аннотация издательства; «почему рекомендуем»: шаблон ×122
https://n-e-n.ru/knigi/kniga/v-dobryy-put-malysh/,"В добрый путь, малыш!",Беатриче Алеманья,Самокат,0–3 лет,семья,семейная история,104,2,«почему рекомендуем»: шаблон ×26; возраст: «0–3 лет» → «0–3 года»
https://n-e-n.ru/knigi/kniga/v-pogone-za-shlyapoy/,В погоне за шляпой,Свен Нурдквист,Белая ворона,4–9 лет,"семья, животные, путешествия, взросление, приключения",приключения,174,2,описание: обрезанная аннотация издательства; «почему рекомендуем»: шаблон ×656
https://n-e-n.ru/knigi/kniga/v-poiskah-deda-moroza/,В поисках Деда Мороза,Лоик Клеман; Анн Монтель,Самокат,2–7 лет,"животные, отношения, волшебство",фэнтези,172,2,описание: обрезанная аннотация издательства; «почему рекомендуем»: шаблон ×870
https://n-e-n.ru/knigi/kniga/v-poiskah-vcherashnego-dnya/,В поисках вчерашнего дня,Элисон Джей,Поляндрия,3–7 лет,"животные, космос, искусство, путешествия, приключения",приключения,173,2,описание: обрезанная аннотация издательства; «почему рекомендуем»: шаблон ×870
https://n-e-n.ru/knigi/kniga/v-strane-vechnyh-kanikul/,В стране вечных каникул,Анатолий Георгиевич Алексин,Стрекоза,6–11 лет,путешествия,реалистическая проза,171,2,«почему рекомендуем»: шаблон ×669; нет поля: число страниц
https://n-e-n.ru/knigi/kniga/v-tsirke/,В цирке,Доро Гёбель,Мелик-Пашаев,2–6 лет,"животные, искусство, волшебство, творчество",научная фантастика,179,2,описание: обрезанная аннотация издательства; «почему рекомендуем»: шаблон ×669
https://n-e-n.ru/knigi/kniga/v-chest-korolya/,В честь короля,Артур Гиваргизов,Мелик-Пашаев,4–10 лет,"животные, путешествия, волшебство",сказка,180,2,описание: обрезанная аннотация издательства; «почему рекомендуем»: шаблон ×870
https://n-e-n.ru/knigi/kniga/v-shkole-snova-peremeny/,В школе снова перемены,Юлия Асланова; Юлия Прохоцкая,Альпина.Дети,7–12 лет,"дружба, семья, школа, искусство, театр, смелость","сказка, приключения",178,2,описание: обрезанная аннотация издательства; «почему рекомендуем»: шаблон ×656
https://n-e-n.ru/knigi/kniga/vaksa-klyaksa/,Вакса-Клякса,Самуил Маршак,Мелик-Пашаев,2–6 лет,"животные, спорт, юмор, волшебство","юмор, поэзия",179,2,описание: обрезанная аннотация издательства; «почему рекомендуем»: шаблон ×870
https://n-e-n.ru/knigi/kniga/vango-tom-1-mezhdu-nebom-i-zemley/,Ванго. Том 1. Между небом и землей,Тимоте де Фомбель,Самокат,10–12 лет,"животные, история, морские приключения, взросление, отношения, первая любовь, страх",фэнтези,177,2,описание: обрезанная аннотация издательства; «почему рекомендуем»: шаблон ×870
https://n-e-n.ru/knigi/kniga/vafelnoe-serdtse/,Вафельное сердце,Мария Парр,Самокат,8–12 лет,"дружба, семья, приключения, юмор",повесть,129,2,«почему рекомендуем»: шаблон ×870; «почему рекомендуем»: падеж («любит народная сказка»)
https://n-e-n.ru/knigi/kniga/vaflyambala/,Вафлямбала,Бьёрн Рёрвик,Самокат,4–6 лет,"дружба, животные, приключения","сказка, приключения",177,2,описание: обрезанная аннотация издательства; «почему рекомендуем»: шаблон ×656
https://n-e-n.ru/knigi/kniga/vverh-po-lestnitse-veduschey-vniz/,"Вверх по лестнице, ведущей вниз",Бел Кауфман,Белая ворона,4–9 лет,"школа, животные, природа, искусство, отношения",реалистическая проза,179,2,описание: обрезанная аннотация издательства; «почему рекомендуем»: шаблон ×26
https://n-e-n.ru/knigi/kniga/vedmy/,Ведьмы,Роальд Даль,Самокат,9–13 лет,"семья, волшебство, безопасность",фэнтези,95,2,«почему рекомендуем»: шаблон ×669; автор: имя записано по-разному в разных карточках
https://n-e-n.ru/knigi/kniga/vezhlivye-slova/,Вежливые слова,Марина Дружинина,ОЛМА,6–11 лет,отношения,поэзия,53,2,«почему рекомендуем»: шаблон ×870; нет поля: число страниц
https://n-e-n.ru/knigi/kniga/velikoe-otkrytie-edvarda/,Великое открытие Эдварда,Ребекка Макритчи,Поляндрия,3–7 лет,"семья, природа, искусство, морские приключения, волшебство, динозавры","сказка, фэнтези",180,2,описание: обрезанная аннотация издательства; «почему рекомендуем»: шаблон ×870
https://n-e-n.ru/knigi/kniga/verhom-na-tykve-na-konkurs-urozhaya/,Верхом на тыкве на конкурс урожая,Вероника Медведева,Эксмо,7–12 лет,"дружба, семья, животные, природа, волшебство","сказка, фэнтези",177,2,описание: обрезанная аннотация издательства; «почему рекомендуем»: шаблон ×669
https://n-e-n.ru/knigi/kniga/vershiteli-kniga-1-posoh-velesa-s-avtografom/,Вершители. Книга 1. Посох Велеса (с автографом),Евгения Кретова,КомпасГид,7–13 лет,"природа, история, мифология, взросление","сказка, фэнтези, научная фантастика",175,2,описание: обрезанная аннотация издательства; «почему рекомендуем»: шаблон ×870
https://n-e-n.ru/knigi/kniga/vershiteli-kniga-2-kope-maary/,Вершители. Книга 2. Копьё Маары,Евгения Кретова,КомпасГид,13–17 лет,"животные, природа, история, искусство, путешествия, смерть","фэнтези, научная фантастика, детектив",180,2,описание: обрезанная аннотация издательства; «почему рекомендуем»: шаблон ×870
https://n-e-n.ru/knigi/kniga/veselchaki/,Весельчаки,Виктор Голявкин,Росмэн,6–11 лет,юмор,юмор,133,2,«почему рекомендуем»: шаблон ×656; нет поля: число страниц
https://n-e-n.ru/knigi/kniga/veselaya-semeyka/,Весёлая семейка,Николай Носов,АСТ,7–12 лет,дружба,юмор,118,2,«почему рекомендуем»: шаблон ×656; автор: имя записано по-разному в разных карточках
https://n-e-n.ru/knigi/kniga/veselye-vedmochki/,Весёлые ведьмочки,Рашель Шалев,Мелик-Пашаев,2–6 лет,"семья, животные, природа, искусство, взросление","фэнтези, юмор",176,2,описание: обрезанная аннотация издательства; «почему рекомендуем»: шаблон ×870
https://n-e-n.ru/knigi/kniga/veter-vernetsya/,Ветер вернётся,Нина Дашевская,Самокат,13–15 лет,"семья, школа, животные, природа, взросление",сказка,180,2,описание: обрезанная аннотация издательства; «почему рекомендуем»: шаблон ×122
https://n-e-n.ru/knigi/kniga/vzglyad-krolika/,Взгляд кролика,Кэндзиро Хайтани,Самокат,10–12 лет,"дружба, школа, животные",реалистическая проза,172,2,описание: обрезанная аннотация издательства; «почему рекомендуем»: шаблон ×870
https://n-e-n.ru/knigi/kniga/vidimo-nevidimo/,Видимо-невидимо,Татьяна Комиссарова; Дмитрий Комиссаров,Самокат,7–9 лет,"семья, школа, братья и сёстры, инклюзия",сказка,178,2,описание: обрезанная аннотация издательства; «почему рекомендуем»: шаблон ×870
https://n-e-n.ru/knigi/kniga/vidimye-nevidimye-druzya/,Видимые-невидимые друзья,Николас Шуфф,Самокат,7–9 лет,"дружба, семья, школа, животные, искусство, творчество",сказка,178,2,описание: обрезанная аннотация издательства; «почему рекомендуем»: шаблон ×656
https://n-e-n.ru/knigi/kniga/vika/,Вика,Генрих Книжник,Мелик-Пашаев,7–14 лет,"животные, волшебство",реалистическая проза,180,2,описание: обрезанная аннотация издательства; «почему рекомендуем»: шаблон ×656
https://n-e-n.ru/knigi/kniga/vinovaty-zvezdy/,Виноваты звёзды,Джон Грин,АСТ,14–17 лет,"отношения, семья, взросление, первая любовь",реалистическая проза,107,2,«почему рекомендуем»: шаблон ×870; автор: имя записано по-разному в разных карточках
https://n-e-n.ru/knigi/kniga/violetta-i-zateryannyy-sad/,Виолетта и затерянный сад,Поль Мартен; Жан-Батист Буржуа,Самокат,7–9 лет,"семья, животные, природа, искусство, путешествия, братья и сёстры, эмоции, страх, детектив","сказка, фэнтези, детектив",178,2,описание: обрезанная аннотация издательства; «почему рекомендуем»: шаблон ×870
https://n-e-n.ru/knigi/kniga/vitus-bering-velikaya-severnaya-ekspeditsiya/,Витус Беринг. Великая северная экспедиция,Владислав Серов,Мелик-Пашаев,7–14 лет,"животные, природа, история, путешествия, волшебство",историческая проза,175,2,описание: обрезанная аннотация издательства; «почему рекомендуем»: шаблон ×669
https://n-e-n.ru/knigi/kniga/vitya-maleev-v-shkole-i-doma/,Витя Малеев в школе и дома,Николай Носов,Азбука-Аттикус,7–11 лет,"школа, дружба, самооценка","реалистическая проза, юмор",93,2,«почему рекомендуем»: шаблон ×870; автор: имя записано по-разному в разных карточках
https://n-e-n.ru/knigi/kniga/vladimir-durov/,Владимир Дуров,Александр Ярин,Мелик-Пашаев,4–10 лет,волшебство,реалистическая проза,173,2,описание: обрезанная аннотация издательства; «почему рекомендуем»: шаблон ×870
https://n-e-n.ru/knigi/kniga/vo-vsem-vinovat-kot/,Во всем виноват кот,Давид Кали,Мелик-Пашаев,2–6 лет,"дружба, животные, волшебство, детектив",детектив,177,2,описание: обрезанная аннотация издательства; «почему рекомендуем»: шаблон ×669
https://n-e-n.ru/knigi/kniga/vodyanoy-chelovek-i-ego-fontan/,Водяной человек и его фонтан,Иво Розати,Поляндрия,3–7 лет,"семья, животные, природа, искусство, взросление, братья и сёстры",сказка,178,2,описание: обрезанная аннотация издательства; «почему рекомендуем»: шаблон ×669
https://n-e-n.ru/knigi/kniga/voennaya-tayna-golubaya-chashka-timur-i-ego-komanda-chuk-i-gek-m-o/,Военная тайна. Голубая чашка. Тимур и его команда. Чук и Гек м/о,Гайдар Аркадий,Clever,10–13 лет,"дружба, семья, школа, животные, искусство","детектив, приключения",174,2,описание: обрезанная аннотация издательства; «почему рекомендуем»: шаблон ×656
https://n-e-n.ru/knigi/kniga/voyna-katrin/,Война Катрин,Юлия Бийе,Самокат,10–12 лет,"животные, история, взросление, приключения, война","сказка, поэзия",172,2,описание: обрезанная аннотация издательства; «почему рекомендуем»: шаблон ×122
https://n-e-n.ru/knigi/kniga/voyna-katrin-graficheskiy-roman/,Война Катрин. Графический роман,Юлия Бийе; Клер Фовель,Самокат,10–12 лет,"животные, история, искусство, театр, взросление, война",сказка,179,2,описание: обрезанная аннотация издательства; «почему рекомендуем»: шаблон ×122
https://n-e-n.ru/knigi/kniga/vokrug-sveta-v-vosemdesyat-dney/,Вокруг света в восемьдесят дней,Жюль Верн,Эксмо,7–12 лет,"семья, школа, природа, космос, путешествия, фантастика","научная фантастика, приключения",174,2,описание: обрезанная аннотация издательства; «почему рекомендуем»: шаблон ×870
https://n-e-n.ru/knigi/kniga/volk/,Волк,Саша Станишич,Самокат,13–15 лет,"школа, природа, взросление, буллинг, смелость",реалистическая проза,176,2,описание: обрезанная аннотация издательства; «почему рекомендуем»: шаблон ×120
https://n-e-n.ru/knigi/kniga/volna/,Волна,Тод Штрассер,Самокат,13–15 лет,"семья, школа, животные, история, эмоции, война",реалистическая проза,173,2,описание: обрезанная аннотация издательства; «почему рекомендуем»: шаблон ×122
https://n-e-n.ru/knigi/kniga/volche-nebo/,Волчье небо,Юлия Яковлева,Самокат,13–15 лет,"семья, школа, животные, история, взросление, война","сказка, юмор",175,2,описание: обрезанная аннотация издательства; «почему рекомендуем»: шаблон ×122
https://n-e-n.ru/knigi/kniga/volshebnaya-hanukiya/,Волшебная Ханукия,Хава-Броха Корзакова,Mosty kulʹtury,7–12 лет,волшебство,фэнтези,52,2,«почему рекомендуем»: шаблон ×656; нет поля: число страниц
https://n-e-n.ru/knigi/kniga/volshebnaya-kniga-russkih-narodnyh-skazok-s-zhivymi-kartinkami/,Волшебная книга русских народных сказок с живыми картинками,Николай Поклад,Эксмо,7–12 лет,"искусство, волшебство",сказка,41,2,«почему рекомендуем»: шаблон ×870; нет поля: число страниц
https://n-e-n.ru/knigi/kniga/volshebnaya-shkola-snov-i-mechtaniy-zagadka-sbezhavshih-snov/,Волшебная школа снов и мечтаний. Загадка сбежавших снов,Беккерхофф Флориан,Clever,8–10 лет,"дружба, школа, искусство, морские приключения, юмор","фэнтези, детектив, приключения",169,2,описание: обрезанная аннотация издательства; «почему рекомендуем»: шаблон ×870
https://n-e-n.ru/knigi/kniga/volshebnaya-shkola-snov-i-mechtaniy-kanikuly-v-shkole-snov/,Волшебная школа снов и мечтаний. Каникулы в школе снов,Флориан Беккерхофф,Clever,8–10 лет,"дружба, школа, природа, искусство, морские приключения, страх","фэнтези, научная фантастика, семейная история",177,2,описание: обрезанная аннотация издательства; «почему рекомендуем»: шаблон ×656
https://n-e-n.ru/knigi/kniga/volshebnaya-shubeyka/,Волшебная шубейка,Ференц Мора,Мелик-Пашаев,4–10 лет,"школа, волшебство",фэнтези,179,2,описание: обрезанная аннотация издательства; «почему рекомендуем»: шаблон ×37
https://n-e-n.ru/knigi/kniga/volshebnik-izumrudnogo-goroda/,Волшебник Изумрудного города,Александр Волков,Азбука-Аттикус,6–11 лет,"дружба, волшебство, приключения","фэнтези, приключения",122,2,«почему рекомендуем»: шаблон ×656; автор: имя записано по-разному в разных карточках
https://n-e-n.ru/knigi/kniga/volshebnye-kamni-baasa/,Волшебные камни Бааса,Наталья Ремиш,Альпина.Дети,5–9 лет,"семья, животные, природа, искусство, театр","фэнтези, приключения, юмор",177,2,описание: обрезанная аннотация издательства; «почему рекомендуем»: шаблон ×870
https://n-e-n.ru/knigi/kniga/volshebnye-konki/,Волшебные коньки,Евгения Русинова; Лера Хаус,Альпина.Дети,7–12 лет,"дружба, семья, искусство, спорт, самооценка",фэнтези,177,2,описание: обрезанная аннотация издательства; «почему рекомендуем»: шаблон ×870
https://n-e-n.ru/knigi/kniga/volshebnye-miry-povelitel-koshmarov/,Волшебные миры. Повелитель кошмаров,Мурго Антония,Clever,8–10 лет,"семья, животные, искусство, взросление, волшебство, страх, смелость","фэнтези, приключения, семейная история",165,2,описание: обрезанная аннотация издательства; «почему рекомендуем»: шаблон ×669
https://n-e-n.ru/knigi/kniga/volshebnye-skazki-devchonkam-i-malchishkam/,Волшебные сказки девчонкам и мальчишкам,Михаил Пыльцын,Оникс,7–12 лет,волшебство,сказка,42,2,«почему рекомендуем»: шаблон ×656; нет поля: число страниц
https://n-e-n.ru/knigi/kniga/volshebnye-spasateli-i-shkola-volshebstva/,Волшебные спасатели и школа волшебства,Кэтдор Сабрина,Clever,6–10 лет,"дружба, семья, школа, животные, история, детектив","сказка, фэнтези, научная фантастика",173,2,описание: обрезанная аннотация издательства; «почему рекомендуем»: шаблон ×870
https://n-e-n.ru/knigi/kniga/volshebnye-spasateli-volshebnye-spasateli-i-buhta-cherepa/,Волшебные спасатели. Волшебные спасатели и Бухта черепа,Кэтдор Сабрина,Clever,6–10 лет,"дружба, семья, школа, животные, природа, братья и сёстры, детектив","фэнтези, детектив, приключения",163,2,описание: обрезанная аннотация издательства; «почему рекомендуем»: шаблон ×870
https://n-e-n.ru/knigi/kniga/volshebnyy-edinorog-volshebnyy-edinorog-zagadka-ognennoy-gory/,Волшебный единорог. Волшебный единорог. Загадка Огненной горы,Гримм Сандра,Clever,6–9 лет,"дружба, семья, школа, животные, природа, братья и сёстры, эмоции","сказка, фэнтези, детектив",179,2,описание: обрезанная аннотация издательства; «почему рекомендуем»: шаблон ×669
https://n-e-n.ru/knigi/kniga/volshebnyy-edinorog-tayna-zacharovannogo-zerkala/,Волшебный единорог. Тайна зачарованного зеркала,Гримм Сандра,Clever,6–8 лет,"дружба, семья, школа, животные, искусство, братья и сёстры","сказка, фэнтези, научная фантастика",173,2,описание: обрезанная аннотация издательства; «почему рекомендуем»: шаблон ×870
https://n-e-n.ru/knigi/kniga/vorona-i-kot/,Ворона и кот,Юлия Симбирская; Ксения Гурченкова,Альпина.Дети,5–9 лет,"дружба, животные, искусство",реалистическая проза,180,2,описание: обрезанная аннотация издательства; «почему рекомендуем»: шаблон ×669
https://n-e-n.ru/knigi/kniga/vot-tebe-raz/,Вот тебе раз!,Артур Гиваргизов,Мелик-Пашаев,4–10 лет,"животные, взросление, волшебство, динозавры",поэзия,173,2,описание: обрезанная аннотация издательства; «почему рекомендуем»: шаблон ×669
https://n-e-n.ru/knigi/kniga/vratar-i-more/,Вратарь и море,Мария Парр,Самокат,10–12 лет,"дружба, семья, животные, природа, спорт, страх, смерть",юмор,180,2,описание: обрезанная аннотация издательства; «почему рекомендуем»: шаблон ×122
https://n-e-n.ru/knigi/kniga/vrednye-sovety-2/,Вредные советы 2,Григорий Остер,Азбука-Аттикус,6–12 лет,взросление,"поэзия, юмор",171,2,описание: обрезанная аннотация издательства; «почему рекомендуем»: шаблон ×656
https://n-e-n.ru/knigi/kniga/vse-deniskiny-rasskazy-v-odnoy-knige/,Все Денискины рассказы в одной книге,В. Драгунский,АСТ,6–11 лет,отношения,реалистическая проза,140,2,«почему рекомендуем»: шаблон ×870; автор: имя записано по-разному в разных карточках
https://n-e-n.ru/knigi/kniga/vse-istorii-pro-popugaya-keshu/,Все истории про попугая Кешу,Александр Ефимович Курляндский,Эксмо,6–11 лет,отношения,реалистическая проза,34,2,«почему рекомендуем»: шаблон ×870; автор: имя записано по-разному в разных карточках
https://n-e-n.ru/knigi/kniga/vse-skazki-k-chukovskogo/,Все сказки К. Чуковского,Корней Иванович Чуковский,АСТ,7–12 лет,животные,сказка,156,2,«почему рекомендуем»: шаблон ×669; автор: имя записано по-разному в разных карточках
https://n-e-n.ru/knigi/kniga/vse-takie-raznye/,Все такие разные,Софи Леско,Альпина.Дети,3–7 лет,"семья, животные, искусство",реалистическая проза,180,2,описание: обрезанная аннотация издательства; «почему рекомендуем»: шаблон ×669
https://n-e-n.ru/knigi/kniga/vstrechi-po-sredam-ili-tetya-gulda-govorit-bezhim/,"Встречи по средам, или тетя Гульда говорит «Бежим!»",Сильвия Хайнляйн,Самокат,7–9 лет,"дружба, семья, школа, животные, природа, братья и сёстры","сказка, приключения, юмор",170,2,описание: обрезанная аннотация издательства; «почему рекомендуем»: шаблон ×656
https://n-e-n.ru/knigi/kniga/vse-o-bolshih-i-malenkih-priklyucheniyah/,Всё о больших и маленьких приключениях,Борис Житков,Азбука-Аттикус,6–11 лет,приключения,приключения,163,2,«почему рекомендуем»: шаблон ×669; нет поля: число страниц
https://n-e-n.ru/knigi/kniga/vseproglot/,Всёпроглот,Бьёрн Рёрвик,Самокат,7–9 лет,"дружба, животные",сказка,179,2,описание: обрезанная аннотация издательства; «почему рекомендуем»: шаблон ×669
https://n-e-n.ru/knigi/kniga/vtoroe-aprelya/,Второе апреля,Илья Зверев; Вадим Сидур,Альпина.Дети,12–17 лет,"дружба, семья, школа, животные, экология",реалистическая проза,177,2,описание: обрезанная аннотация издательства; «почему рекомендуем»: шаблон ×122
https://n-e-n.ru/knigi/kniga/vtoroy-shans-roberta-uorrena/,Второй шанс Роберта Уоррена,Гвидо Згардоли,КомпасГид,16–17 лет,"школа, животные, приключения, эмоции",приключения,180,2,описание: обрезанная аннотация издательства; «почему рекомендуем»: шаблон ×870
https://n-e-n.ru/knigi/kniga/vyshel-lev-iz-za-gory/,Вышел лев из-за горы,Григорий Кружков,Белая ворона,4–9 лет,"школа, природа, взросление",поэзия,179,2,описание: обрезанная аннотация издательства; «почему рекомендуем»: шаблон ×37
https://n-e-n.ru/knigi/kniga/gav/,Гав,Мэтью Ван Флит,Азбука-Аттикус,0–3 лет,животные,юмор,108,2,«почему рекомендуем»: шаблон ×26; возраст: «0–3 лет» → «0–3 года»
https://n-e-n.ru/knigi/kniga/gadkiy-utenok/,Гадкий утёнок,Ханс Кристиан Андерсен,АСТ,5–9 лет,"животные, природа, семья",литературная сказка,98,2,«почему рекомендуем»: шаблон ×669; автор: имя записано по-разному в разных карточках
https://n-e-n.ru/knigi/kniga/garantiynye-chelovechki/,Гарантийные человечки,Эдуард Успенский,АСТ,6–10 лет,"техника, дружба, приключения","сказка, приключения",96,2,«почему рекомендуем»: шаблон ×870; автор: имя записано по-разному в разных карточках
https://n-e-n.ru/knigi/kniga/gde-voditsya-podrostikus/,Где водится подростикус?,Алиса Вербиж,Самокат,7–9 лет,"семья, школа, животные, взросление, братья и сёстры",реалистическая проза,177,2,описание: обрезанная аннотация издательства; «почему рекомендуем»: шаблон ×870
https://n-e-n.ru/knigi/kniga/gde-moya-sestra/,Где моя сестра?,Свен Нурдквист,Белая ворона,4–9 лет,"семья, животные, путешествия, взросление, братья и сёстры",поэзия,175,2,описание: обрезанная аннотация издательства; «почему рекомендуем»: шаблон ×656
https://n-e-n.ru/knigi/kniga/gde-net-zimy/,Где нет зимы,Дина Сабитова,Самокат,10–12 лет,"семья, школа, животные, история, взросление, братья и сёстры, эмоции, смерть, ответственность",сказка,176,2,описание: обрезанная аннотация издательства; «почему рекомендуем»: шаблон ×870
https://n-e-n.ru/knigi/kniga/gde-ty-gdetygdety/,"Где ты, Гдетыгдеты?",Радий Погодин,Мелик-Пашаев,7–14 лет,волшебство,сказка,180,2,описание: обрезанная аннотация издательства; «почему рекомендуем»: шаблон ×656
https://n-e-n.ru/knigi/kniga/gerakl-12-velikih-podvigov/,"Геракл, 12 великих подвигов",Сергей Седов,Самокат,7–12 лет,взросление,сказка,163,2,«почему рекомендуем»: шаблон ×656; нет поля: число страниц
https://n-e-n.ru/knigi/kniga/german/,Герман,Ларс Соби Кристенсен,Самокат,10–12 лет,"семья, школа, животные, мифология, взросление, братья и сёстры, страх","сказка, юмор",178,2,описание: обрезанная аннотация издательства; «почему рекомендуем»: шаблон ×870
https://n-e-n.ru/knigi/kniga/gid-po-risovaniyu-komiksov/,Гид по рисованию комиксов,Даниэль Блекманн; Томас Гуссунг,Эксмо,7–12 лет,"приключения, творчество","фэнтези, научная фантастика",179,2,описание: обрезанная аннотация издательства; «почему рекомендуем»: шаблон ×656
https://n-e-n.ru/knigi/kniga/gipnoz-ivanovich/,Гипноз Иванович,Михаил Есеновский,Самокат,7–9 лет,"семья, животные, космос, искусство, отношения, первая любовь, страх",поэзия,177,2,описание: обрезанная аннотация издательства; «почему рекомендуем»: шаблон ×656
https://n-e-n.ru/knigi/kniga/gips/,Гипс,Анна Вольтц,Самокат,10–12 лет,"дружба, животные, взросление, юмор, развод родителей, эмоции, страх",юмор,172,2,описание: обрезанная аннотация издательства; «почему рекомендуем»: шаблон ×870
https://n-e-n.ru/knigi/kniga/glaz-volka/,Глаз волка,Даниэль Пеннак,Самокат,7–9 лет,"семья, животные, природа, история, братья и сёстры",сказка,177,2,описание: обрезанная аннотация издательства; «почему рекомендуем»: шаблон ×669
https://n-e-n.ru/knigi/kniga/gobbolino-vedmin-kot/,Гобболино – ведьмин кот,Уильямс Урсула Морэй,Мелик-Пашаев,7–14 лет,"животные, волшебство",сказка,178,2,описание: обрезанная аннотация издательства; «почему рекомендуем»: шаблон ×870
https://n-e-n.ru/knigi/kniga/govori/,Говори,Лори Холс Андерсон,Popcorn books,15–17 лет,"школа, безопасность, самооценка",реалистическая проза,111,2,«почему рекомендуем»: шаблон ×122; автор: имя записано по-разному в разных карточках
https://n-e-n.ru/knigi/kniga/golos-dotsuk/,Голос,Дарья Доцук,Самокат,12–16 лет,"семья, отношения, самооценка, эмоции",реалистическая проза,122,2,«почему рекомендуем»: шаблон ×870; название повторяется ×2 — проверить дубль
https://n-e-n.ru/knigi/kniga/golubi-uleteli/,Голуби улетели,Уолтер Мэккин,Мелик-Пашаев,7–14 лет,"семья, животные, волшебство, братья и сёстры",реалистическая проза,176,2,описание: обрезанная аннотация издательства; «почему рекомендуем»: шаблон ×669
https://n-e-n.ru/knigi/kniga/goluboy-kamen/,Голубой камень,Анн-Гаэль Бальп,Поляндрия,3–7 лет,"природа, искусство",сказка,175,2,описание: обрезанная аннотация издательства; «почему рекомендуем»: шаблон ×669
https://n-e-n.ru/knigi/kniga/gore-ot-uma/,Горе от ума,Александр Грибоедов,Эксмо,7–12 лет,"семья, школа, животные, природа, братья и сёстры, смерть",реалистическая проза,178,2,описание: обрезанная аннотация издательства; «почему рекомендуем»: шаблон ×656
https://n-e-n.ru/knigi/kniga/gorit-kamysh/,Горит камыш,Евгений Рудашевский,КомпасГид,16–17 лет,"семья, отношения, братья и сёстры",сказка,180,2,описание: обрезанная аннотация издательства; «почему рекомендуем»: шаблон ×870
https://n-e-n.ru/knigi/kniga/gorod-solntsa-v-2-tomah-tom-1-myagkaya-oblozhka/,Город Солнца в 2 томах. Том 1 (мягкая обложка),Евгений Рудашевский,КомпасГид,12–17 лет,"животные, природа, история, приключения","детектив, приключения",177,2,описание: обрезанная аннотация издательства; «почему рекомендуем»: шаблон ×120
https://n-e-n.ru/knigi/kniga/gorod-solntsa-v-2-tomah-tom-2-myagkaya-oblozhka/,Город Солнца в 2 томах. Том 2 (мягкая обложка),Евгений Рудашевский,КомпасГид,12–17 лет,"животные, природа, история, приключения","детектив, приключения",177,2,описание: обрезанная аннотация издательства; «почему рекомендуем»: шаблон ×870
https://n-e-n.ru/knigi/kniga/gorod-solntsa-kniga-1-glaza-smerti/,Город Солнца. Книга 1. Глаза смерти,Евгений Рудашевский,КомпасГид,13–17 лет,"животные, искусство, волшебство, приключения, смерть","детектив, приключения",177,2,описание: обрезанная аннотация издательства; «почему рекомендуем»: шаблон ×870
https://n-e-n.ru/knigi/kniga/gorod-solntsa-kniga-4-serdtse-mgly/,Город Солнца. Книга 4. Сердце мглы,Евгений Рудашевский,КомпасГид,13–17 лет,"дружба, семья, история, искусство, путешествия","детектив, приключения, историческая проза",179,2,описание: обрезанная аннотация издательства; «почему рекомендуем»: шаблон ×870
https://n-e-n.ru/knigi/kniga/gruzovichki-kniga-dlya-chteniya-s-tsvetnymi-kartinkami/,Грузовички. Книга для чтения с цветными картинками,Пронкевич А.А.,Эксмо,6–7 лет,"дружба, семья, животные, природа, взросление",реалистическая проза,175,2,описание: обрезанная аннотация издательства; «почему рекомендуем»: шаблон ×656
https://n-e-n.ru/knigi/kniga/gud-bay-berlin/,"Гуд бай, Берлин!",Вольфганг Херрндорф,Самокат,13–15 лет,"семья, школа, животные, природа, экология, первая любовь",реалистическая проза,173,2,описание: обрезанная аннотация издательства; «почему рекомендуем»: шаблон ×120
https://n-e-n.ru/knigi/kniga/gus-gosha/,Гусь Гоша,Юлия Весова; Мария Позднякова,Альпина.Дети,3–7 лет,"дружба, природа, искусство",реалистическая проза,175,2,описание: обрезанная аннотация издательства; «почему рекомендуем»: шаблон ×669
https://n-e-n.ru/knigi/kniga/da-zdravstvuet-sport/,Да здравствует спорт!,Оле Кёнекке,Мелик-Пашаев,4–10 лет,"животные, искусство, спорт, взросление, волшебство",реалистическая проза,180,2,описание: обрезанная аннотация издательства; «почему рекомендуем»: шаблон ×656
https://n-e-n.ru/knigi/kniga/davay-vernem-solntse/,Давай вернём солнце!,Марина Тараненко,Архипелаг,3–5 лет,"волшебство, эмоции",сказка,75,2,«почему рекомендуем»: шаблон ×669; автор: фамилия перед именем
https://n-e-n.ru/knigi/kniga/davay-druzhit/,Давай дружить!,Рэйчел Брайт,Поляндрия,3–7 лет,"дружба, животные, природа, искусство, юмор","сказка, юмор, поэзия",178,2,описание: обрезанная аннотация издательства; «почему рекомендуем»: шаблон ×656
https://n-e-n.ru/knigi/kniga/davay-igrat/,Давай играть,Аника Мроуз Рисси,Эксмо,7–12 лет,"дружба, семья, школа, животные, природа, братья и сёстры","фэнтези, научная фантастика",171,2,описание: обрезанная аннотация издательства; «почему рекомендуем»: шаблон ×870
https://n-e-n.ru/knigi/kniga/daleko-ne-zaplyvay/,Далеко не заплывай,Григорий Кружков,Самокат,7–9 лет,"школа, животные, юмор, приключения","приключения, юмор, поэзия",171,2,описание: обрезанная аннотация издательства; «почему рекомендуем»: шаблон ×870
https://n-e-n.ru/knigi/kniga/danka-i-yanka-v-skazke/,Данка и Янка в сказке,Мария Дюричкова,Мелик-Пашаев,4–10 лет,"дружба, семья, животные, волшебство, приключения, братья и сёстры","сказка, фэнтези, приключения",175,2,описание: обрезанная аннотация издательства; «почему рекомендуем»: шаблон ×870
https://n-e-n.ru/knigi/kniga/dashenka-ili-istoriya-schenyachey-zhizni/,"Дашенька, или История щенячьей жизни",Карел Чапек,Самокат,4–6 лет,"семья, школа, животные, история, взросление, война","сказка, юмор",178,2,описание: обрезанная аннотация издательства; «почему рекомендуем»: шаблон ×656
https://n-e-n.ru/knigi/kniga/dva-podarka/,Два подарка,Микель Вальверде,Альпина.Дети,3–7 лет,"дружба, животные, искусство, юмор, волшебство","фэнтези, приключения, юмор",180,2,описание: обрезанная аннотация издательства; «почему рекомендуем»: шаблон ×656
https://n-e-n.ru/knigi/kniga/dva-tramvaya/,Два трамвая,Осип Мандельштам,Самокат,7–9 лет,"семья, животные, искусство, театр, волшебство",поэзия,179,2,описание: обрезанная аннотация издательства; «почему рекомендуем»: шаблон ×656
https://n-e-n.ru/knigi/kniga/devochka-masha-kukla-natasha-i-vse-vse-vse/,"Девочка Маша, кукла Наташа и все-все-все",Феликс Шапиро,Мелик-Пашаев,2–6 лет,"искусство, взросление, юмор, волшебство","юмор, поэзия",179,2,описание: обрезанная аннотация издательства; «почему рекомендуем»: шаблон ×870
https://n-e-n.ru/knigi/kniga/devochka-s-serebryanymi-glazami/,Девочка с серебряными глазами,Уилло Дэвис Робертс,Эксмо,12–17 лет,"животные, взросление","фэнтези, научная фантастика",175,2,описание: обрезанная аннотация издательства; «почему рекомендуем»: шаблон ×122
https://n-e-n.ru/knigi/kniga/devochka-kotoraya-menyala-sudbu/,"Девочка, которая меняла судьбу",Екатерина Каграманова,Эксмо,12–17 лет,"семья, животные, история, взросление, отношения, эмоции, смелость","фэнтези, научная фантастика, приключения",178,2,описание: обрезанная аннотация издательства; «почему рекомендуем»: шаблон ×870
https://n-e-n.ru/knigi/kniga/devochke-v-share-vse-nipochem/,Девочке в шаре всё нипочём,Александра Зайцева,Самокат,13–15 лет,"семья, школа, животные, природа, взросление, эмоции, страх","сказка, поэзия",178,2,описание: обрезанная аннотация издательства; «почему рекомендуем»: шаблон ×870
https://n-e-n.ru/knigi/kniga/devochki-proslavivshie-rossiyu/,"Девочки, прославившие Россию",Артёмова Н.В.; Артёмова О.В.,Эксмо,7–10 лет,"животные, природа, история, путешествия, приключения",реалистическая проза,177,2,описание: обрезанная аннотация издательства; «почему рекомендуем»: шаблон ×870
https://n-e-n.ru/knigi/kniga/devochki-kolduni/,Девочки-колдуньи,Надежда Беленькая,Самокат,10–12 лет,"семья, животные, природа, искусство, путешествия, братья и сёстры, творчество",сказка,171,2,описание: обрезанная аннотация издательства; «почему рекомендуем»: шаблон ×122
https://n-e-n.ru/knigi/kniga/devochki-sem-skazok/,Девочки. Семь сказок,Аннет Схап,Самокат,13–15 лет,"семья, школа, животные, искусство, братья и сёстры, эмоции",сказка,175,2,описание: обрезанная аннотация издательства; «почему рекомендуем»: шаблон ×120
https://n-e-n.ru/knigi/kniga/devyatnadtsat-minut/,Девятнадцать минут,Джоди Пиколт,Азбука-Аттикус,12–17 лет,отношения,реалистическая проза,171,2,описание: обрезанная аннотация издательства; «почему рекомендуем»: шаблон ×870
https://n-e-n.ru/knigi/kniga/ded-koshmar-i-sbezhavshie-zhelaniya/,Дед Кошмар и сбежавшие желания,Полина Щербак; Катя Бас,Альпина.Дети,6–11 лет,"семья, животные, искусство, спорт, волшебство, братья и сёстры",фэнтези,173,2,описание: обрезанная аннотация издательства; «почему рекомендуем»: шаблон ×870
https://n-e-n.ru/knigi/kniga/ded-moroz/,Дед Мороз,Яков Тайц,Мелик-Пашаев,2–6 лет,"животные, искусство, волшебство",сказка,114,2,«почему рекомендуем»: шаблон ×669; автор: фамилия перед именем
https://n-e-n.ru/knigi/kniga/ded-nadzor/,Дед-Надзор,Бьёрн Рёрвик,Самокат,4–6 лет,"дружба, животные, природа",сказка,177,2,описание: обрезанная аннотация издательства; «почему рекомендуем»: шаблон ×656
https://n-e-n.ru/knigi/kniga/dedushka-titanik-moy-dedushka-titanik-luchshaya-komanda/,Дедушка Титаник. Мой дедушка Титаник. Лучшая команда,Фальзар,Clever,6–11 лет,"семья, школа, животные, искусство, морские приключения","приключения, юмор",177,2,описание: обрезанная аннотация издательства; «почему рекомендуем»: шаблон ×669
https://n-e-n.ru/knigi/kniga/delo-o-krazhe-kisloroda/,Дело о краже кислорода,А. М. Луззадер,Эксмо,11–13 лет,"животные, космос, юмор, эмоции, детектив, фантастика","фэнтези, научная фантастика, детектив",179,2,описание: обрезанная аннотация издательства; «почему рекомендуем»: шаблон ×122
https://n-e-n.ru/knigi/kniga/delo-o-propavshey-statuetke/,Дело о пропавшей статуэтке,Ота Тадаси,Эксмо,8–10 лет,"семья, школа, животные, мифология, взросление, детектив","сказка, детектив",173,2,описание: обрезанная аннотация издательства; «почему рекомендуем»: шаблон ×870
https://n-e-n.ru/knigi/kniga/delo-o-propazhe-kotika/,Дело о пропаже котика,А. М. Луззадер,Эксмо,11–13 лет,"семья, животные, природа, юмор, братья и сёстры, эмоции, детектив, фантастика","фэнтези, научная фантастика, детектив",172,2,описание: обрезанная аннотация издательства; «почему рекомендуем»: шаблон ×120
https://n-e-n.ru/knigi/kniga/deniskiny-rasskazy/,Денискины рассказы,Виктор Драгунский,Азбука-Аттикус,6–10 лет,"семья, школа, дружба","реалистическая проза, юмор",112,2,«почему рекомендуем»: шаблон ×656; автор: имя записано по-разному в разных карточках
https://n-e-n.ru/knigi/kniga/den-chisla-pi/,День числа Пи,Нина Дашевская,Самокат,10–12 лет,"дружба, школа, животные, музыка, взросление, принятие себя",реалистическая проза,174,2,описание: обрезанная аннотация издательства; «почему рекомендуем»: шаблон ×120
https://n-e-n.ru/knigi/kniga/den-kogda-melki-vernulis-domoy/,"День, когда мелки вернулись домой",Дрю Дэйуолт,Поляндрия,3–7 лет,"семья, животные, история, искусство, юмор, эмоции",юмор,176,2,описание: обрезанная аннотация издательства; «почему рекомендуем»: шаблон ×870
https://n-e-n.ru/knigi/kniga/den-kogda-ya-vstretil-kita/,"День, когда я встретил кита",Бенджи Дэвис,Поляндрия,3–7 лет,"семья, животные, природа",семейная история,104,2,«почему рекомендуем»: шаблон ×656; автор: имя записано по-разному в разных карточках
https://n-e-n.ru/knigi/kniga/derevenskie-priklyucheniya-derevnya-gusinye-lapki-tri-istorii-v-odnoy/,Деревенские приключения. Деревня Гусиные Лапки. Три истории в одной книге,Снесарь Андрей,Clever,6–8 лет,"дружба, семья, животные, природа, искусство, творчество","фэнтези, детектив, приключения",170,2,описание: обрезанная аннотация издательства; «почему рекомендуем»: шаблон ×870
https://n-e-n.ru/knigi/kniga/derevenskie-priklyucheniya-zima-v-gusinyh-lapkah/,Деревенские приключения. Зима в Гусиных Лапках,Снесарь Андрей,Clever,6–8 лет,"дружба, семья, животные, природа, искусство","приключения, юмор, семейная история",177,2,описание: обрезанная аннотация издательства; «почему рекомендуем»: шаблон ×656
https://n-e-n.ru/knigi/kniga/desyat-dney-do-kontsa-sveta/,Десять дней до конца света,Фаржеттон Манон,КомпасГид,16–17 лет,"семья, животные, космос, приключения, братья и сёстры, эмоции, страх, смерть","фэнтези, научная фантастика",180,2,описание: обрезанная аннотация издательства; «почему рекомендуем»: шаблон ×120
https://n-e-n.ru/knigi/kniga/detektiv-per-rasputyvaet-delo-v-poiskah-pohischennogo-labirinta/,Детектив Пьер распутывает дело. В поисках похищенного лабиринта,Хиро Камигаки; IC4DESIGN,МИФ.Детство,6–10 лет,"детектив, приключения, творчество","книга-игра, детектив",89,2,«почему рекомендуем»: шаблон ×656; страницы: 2020 — похоже на год издания
https://n-e-n.ru/knigi/kniga/detektivy-dlya-podrostkov-sekrety-sinklera-zavodnoy-vorobey/,Детективы для подростков. Секреты «Синклера». Заводной воробей,Вудфайн Кэтрин,Clever,12–14 лет,"дружба, искусство, музыка, театр, взросление, детектив",детектив,174,2,описание: обрезанная аннотация издательства; «почему рекомендуем»: шаблон ×122
https://n-e-n.ru/knigi/kniga/deti-vorona/,Дети ворона,Юлия Яковлева,Самокат,13–15 лет,"семья, животные, искусство, путешествия, взросление, братья и сёстры, страх, смелость","сказка, фэнтези",177,2,описание: обрезанная аннотация издательства; «почему рекомендуем»: шаблон ×122
https://n-e-n.ru/knigi/kniga/detki-v-kletke/,Детки в клетке,Самуил Маршак,АСТ,0–3 лет,животные,поэзия,108,2,«почему рекомендуем»: шаблон ×870; возраст: «0–3 лет» → «0–3 года»
https://n-e-n.ru/knigi/kniga/detskaya-kniga/,Детская книга,Борис Акунин,ОЛМА,6–11 лет,путешествия,приключения,150,2,«почему рекомендуем»: шаблон ×870; нет поля: число страниц
https://n-e-n.ru/knigi/kniga/detskiy-detektiv-letayuschee-byuro-nahodok/,Детский детектив. Летающее бюро находок,Нистрат Ангелика; Хюгинг Андреас,Clever,6–9 лет,"дружба, семья, школа, животные, искусство, детектив, фантастика","фэнтези, научная фантастика, детектив",175,2,описание: обрезанная аннотация издательства; «почему рекомендуем»: шаблон ×870
https://n-e-n.ru/knigi/kniga/dzhek-desh-i-letnyaya-vyuga/,Джек Дэш и летняя вьюга,Софи Плауден,КомпасГид,4–9 лет,"дружба, юмор, приключения, ответственность","приключения, юмор",179,2,описание: обрезанная аннотация издательства; «почему рекомендуем»: шаблон ×26
https://n-e-n.ru/knigi/kniga/dikiy-robot/,Дикий робот,Питер Браун,МИФ.Детство,7–12 лет,"животные, природа, техника","научная фантастика, приключения",108,2,«почему рекомендуем»: шаблон ×669; автор: фамилия перед именем
https://n-e-n.ru/knigi/kniga/diksi-o/,Дикси О,Ширли Хьюз,Поляндрия,3–7 лет,"дружба, животные, природа, космос, мифология","сказка, приключения, юмор",175,2,описание: обрезанная аннотация издательства; «почему рекомендуем»: шаблон ×37
https://n-e-n.ru/knigi/kniga/diksi-o-dey-na-vseh-skorostyah/,Дикси О’Дэй: На всех скоростях,Ширли Хьюз,Поляндрия,3–7 лет,"дружба, семья, животные, искусство, спорт","приключения, юмор",177,2,описание: обрезанная аннотация издательства; «почему рекомендуем»: шаблон ×669
https://n-e-n.ru/knigi/kniga/dnevnik-kota-ubiytsy/,Дневник Кота-убийцы,Энн Файн,Самокат,6–10 лет,"животные, семья, юмор",юмор,101,2,«почему рекомендуем»: шаблон ×656; нет поля: ISBN
https://n-e-n.ru/knigi/kniga/dnevnik-peti-vasina-i-vasi-petina/,Дневник Пети Васина и Васи Петина,Тамара Ломбина,Азбука-Аттикус,7–12 лет,дружба,реалистическая проза,99,2,«почему рекомендуем»: шаблон ×669; нет поля: число страниц
https://n-e-n.ru/knigi/kniga/dnevnik-geroya-v-logove-suschnosti-kniga-11/,Дневник героя. В логове Сущности! Книга 11,Кьюб Кид,Эксмо,7–12 лет,"дружба, животные, смелость",реалистическая проза,176,2,описание: обрезанная аннотация издательства; «почему рекомендуем»: шаблон ×656
https://n-e-n.ru/knigi/kniga/dnevnik-geroya-v-teni-strazha-kniga-13/,Дневник героя. В тени Стража. Книга 13,Кьюб Кид,Эксмо,7–12 лет,"волшебство, приключения",приключения,176,2,описание: обрезанная аннотация издательства; «почему рекомендуем»: шаблон ×656
https://n-e-n.ru/knigi/kniga/dnevnik-geroya-vzletaem-na-elitrah-kniga-14/,Дневник героя. Взлетаем на элитрах! Книга 14,Кьюб Кид,Эксмо,7–12 лет,"дружба, семья, волшебство, приключения, братья и сёстры",приключения,176,2,описание: обрезанная аннотация издательства; «почему рекомендуем»: шаблон ×669
https://n-e-n.ru/knigi/kniga/dnevnik-kota-ubiytsy-vse-istorii/,Дневник кота-убийцы. Все истории,Энн Файн,Самокат,7–9 лет,"животные, отношения, юмор, эмоции","сказка, юмор",180,2,описание: обрезанная аннотация издательства; «почему рекомендуем»: шаблон ×870
https://n-e-n.ru/knigi/kniga/dnevnik-oboroten-i-drugie-istorii-iz-chernogo-portfelya/,Дневник-оборотень и другие истории из чёрного портфеля,Екатерина Земляничкина; Анастасия Безлюдная; Виктория Стеблева,Альпина.Дети,12–17 лет,"школа, животные, искусство, юмор, страх",юмор,176,2,описание: обрезанная аннотация издательства; «почему рекомендуем»: шаблон ×122
https://n-e-n.ru/knigi/kniga/do-vstrechi-lis-i-zayka/,"До встречи, Лис и Зайка!",Хейде Сильвия Ванден,Самокат,7–9 лет,дружба,сказка,179,2,описание: обрезанная аннотация издательства; «почему рекомендуем»: шаблон ×669
https://n-e-n.ru/knigi/kniga/dobrillion/,Добриллион,Арнфинн Колеруд,Самокат,13–15 лет,"семья, школа, экология",реалистическая проза,176,2,описание: обрезанная аннотация издательства; «почему рекомендуем»: шаблон ×122
https://n-e-n.ru/knigi/kniga/dobro-pozhalovat-v-lesnuyu-shkolu-luchshie-druzya-nyuhom-klyanus/,Добро пожаловать в Лесную школу. Лучшие друзья — нюхом клянусь!,Гегер Анн-Катрин,Clever,5–8 лет,"дружба, школа, животные, природа, искусство, детектив","детектив, приключения, юмор",177,2,описание: обрезанная аннотация издательства; «почему рекомендуем»: шаблон ×669
https://n-e-n.ru/knigi/kniga/dobrye-skazki-i-stihi-malysham/,Добрые сказки и стихи малышам,Владимир Сутеев,АСТ,6–11 лет,волшебство,сказка,166,2,«почему рекомендуем»: шаблон ×669; нет поля: число страниц
https://n-e-n.ru/knigi/kniga/dobryy-volk/,Добрый волк,Марк Тарловский,АСТ,7–12 лет,животные,реалистическая проза,148,2,«почему рекомендуем»: шаблон ×870; нет поля: число страниц
https://n-e-n.ru/knigi/kniga/dozhd/,Дождь,Сэм Ашер,Поляндрия,3–7 лет,"семья, искусство, приключения",приключения,172,2,описание: обрезанная аннотация издательства; «почему рекомендуем»: шаблон ×669
https://n-e-n.ru/knigi/kniga/dolgiy-put-vniz/,Долгий путь вниз,Джейсон Рейнольдс,АСТ,14–17 лет,"семья, безопасность, взросление, братья и сёстры","поэзия, реалистическая проза",115,2,«почему рекомендуем»: шаблон ×122; автор: имя записано по-разному в разных карточках
https://n-e-n.ru/knigi/kniga/doloy-ogurechnogo-korolya/,Долой Огуречного короля,Кристине Нёстлингер,Мелик-Пашаев,7–14 лет,"семья, взросление, юмор, волшебство","юмор, семейная история",172,2,описание: обрезанная аннотация издательства; «почему рекомендуем»: шаблон ×669
https://n-e-n.ru/knigi/kniga/dom-za-radugoy/,Дом за радугой,Екатерина Мурашова,Самокат,10–12 лет,"дружба, семья, школа, животные, смерть",сказка,176,2,описание: обрезанная аннотация издательства; «почему рекомендуем»: шаблон ×120
https://n-e-n.ru/knigi/kniga/dom-kotoryy-poshel/,"Дом, который пошёл",Александр Блинов,Самокат,7–9 лет,"семья, животные, природа, путешествия, морские приключения, первая любовь","сказка, юмор",179,2,описание: обрезанная аннотация издательства; «почему рекомендуем»: шаблон ×870
https://n-e-n.ru/knigi/kniga/domovenok-kuzka/,Домовёнок Кузька,Татьяна Александрова,Стрекоза,5–9 лет,"семья, волшебство, юмор","сказка, юмор",112,2,«почему рекомендуем»: шаблон ×870; автор: имя записано по-разному в разных карточках
https://n-e-n.ru/knigi/kniga/domovenok-foka-i-ego-druzya/,Домовёнок Фока и его друзья,Андрей Васильевич Растворцев,Чувашское книжное издательство,6–11 лет,дружба,реалистическая проза,145,2,«почему рекомендуем»: шаблон ×870; нет поля: число страниц
https://n-e-n.ru/knigi/kniga/dorogoy-santa/,Дорогой Санта!,Шарлотта Инден,Альпина.Дети,9–14 лет,"дружба, семья, школа, животные, природа, страх",реалистическая проза,178,2,описание: обрезанная аннотация издательства; «почему рекомендуем»: шаблон ×669
https://n-e-n.ru/knigi/kniga/dorogoy-sinor-p/,Дорогой синьор П.,Аличе Келлер; Вероника Труттеро,Альпина.Дети,5–9 лет,"дружба, животные, искусство, путешествия, приключения",приключения,178,2,описание: обрезанная аннотация издательства; «почему рекомендуем»: шаблон ×669
https://n-e-n.ru/knigi/kniga/dragotsennosti-kastafore/,Драгоценности Кастафьоре,Эрже,Мелик-Пашаев,7–14 лет,"животные, театр, волшебство, инклюзия",реалистическая проза,169,2,описание: обрезанная аннотация издательства; «почему рекомендуем»: шаблон ×669
https://n-e-n.ru/knigi/kniga/drakony-nalsary-chernaya-krepost/,Драконы Нальсары. Чёрная крепость,"Дельваль, Мари-Элен",Clever,7–9 лет,"дружба, семья, животные, искусство, взросление",детектив,173,2,описание: обрезанная аннотация издательства; «почему рекомендуем»: шаблон ×656
https://n-e-n.ru/knigi/kniga/drakony-papa-i-syn/,Драконы — папа и сын,Александр Лакруа,Мелик-Пашаев,4–6 лет,"семья, волшебство",сказка,172,2,описание: обрезанная аннотация издательства; «почему рекомендуем»: шаблон ×870
https://n-e-n.ru/knigi/kniga/drakosha-davay-delitsya-drakosha/,"Дракоша. Давай делиться, Дракоша!",Шульц Бьянка,Clever,2–5 лет,"дружба, семья, животные, искусство, юмор, братья и сёстры, эмоции",юмор,180,2,описание: обрезанная аннотация издательства; «почему рекомендуем»: шаблон ×870
https://n-e-n.ru/knigi/kniga/drakosha-zolotaya-kniga-skazok/,Дракоша. Золотая книга сказок,Шульц Бьянка,Clever,2–5 лет,"дружба, семья, детский сад, животные, искусство, страх","сказка, приключения",174,2,описание: обрезанная аннотация издательства; «почему рекомендуем»: шаблон ×870
https://n-e-n.ru/knigi/kniga/drakosha-novyy-drug-drakoshi/,Дракоша. Новый друг Дракоши,Шульц Бьянка,Clever,2–5 лет,"дружба, семья, школа, животные, искусство, эмоции",сказка,176,2,описание: обрезанная аннотация издательства; «почему рекомендуем»: шаблон ×669
https://n-e-n.ru/knigi/kniga/drakosha-s-novym-godom-drakosha/,"Дракоша. С Новым годом, Дракоша!",Шульц Бьянка,Clever,2–5 лет,"детский сад, животные, природа, искусство, юмор","сказка, юмор, семейная история",178,2,описание: обрезанная аннотация издательства; «почему рекомендуем»: шаблон ×870
https://n-e-n.ru/knigi/kniga/drakosha-serebryanaya-kniga-skazok/,Дракоша. Серебряная книга сказок,Шульц Бьянка,Clever,2–5 лет,"дружба, животные, искусство, юмор, эмоции","сказка, юмор",180,2,описание: обрезанная аннотация издательства; «почему рекомендуем»: шаблон ×656
https://n-e-n.ru/knigi/kniga/drakosha-skazhi-pravdu-drakosha/,"Дракоша. Скажи правду, Дракоша!",Шульц Бьянка,Clever,2–5 лет,"животные, искусство",реалистическая проза,170,2,описание: обрезанная аннотация издательства; «почему рекомендуем»: шаблон ×669
https://n-e-n.ru/knigi/kniga/drevniy-rim/,Древний Рим,Доминик Жоли,Мелик-Пашаев,7–14 лет,"животные, история, взросление, волшебство",реалистическая проза,180,2,описание: обрезанная аннотация издательства; «почему рекомендуем»: шаблон ×870
https://n-e-n.ru/knigi/kniga/drugaya-elis/,Другая Элис,Мишель Харрисон,Альпина.Дети,9–16 лет,"семья, приключения, братья и сёстры",реалистическая проза,167,2,описание: обрезанная аннотация издательства; «почему рекомендуем»: шаблон ×870
https://n-e-n.ru/knigi/kniga/druzya-dinozavriki-gigantskiy-osminog/,Друзья-динозаврики Гигантский осьминог,Ларс Мэле,Мелик-Пашаев,4–6 лет,"дружба, семья, животные, путешествия, морские приключения, динозавры",реалистическая проза,179,2,описание: обрезанная аннотация издательства; «почему рекомендуем»: шаблон ×656
https://n-e-n.ru/knigi/kniga/druzya-dinozavriki-zimnyaya-rybalka/,Друзья-динозаврики Зимняя рыбалка,Ларс Мэле,Мелик-Пашаев,4–6 лет,"дружба, семья, животные, спорт, юмор, братья и сёстры, динозавры",юмор,175,2,описание: обрезанная аннотация издательства; «почему рекомендуем»: шаблон ×870
https://n-e-n.ru/knigi/kniga/druzya-dinozavriki-ispytanie/,Друзья-динозаврики Испытание,Ларс Мэле,Мелик-Пашаев,4–6 лет,"дружба, животные, природа, история, волшебство, эмоции, динозавры",реалистическая проза,178,2,описание: обрезанная аннотация издательства; «почему рекомендуем»: шаблон ×656
https://n-e-n.ru/knigi/kniga/druzya-dinozavriki-klever-udachi/,Друзья-динозаврики Клевер удачи,Ларс Мэле,Мелик-Пашаев,4–6 лет,"дружба, семья, животные, природа, волшебство, динозавры",реалистическая проза,177,2,описание: обрезанная аннотация издательства; «почему рекомендуем»: шаблон ×870
https://n-e-n.ru/knigi/kniga/druzya-dinozavriki-spasateli/,Друзья-динозаврики Спасатели,Ларс Мэле,Мелик-Пашаев,4–6 лет,"дружба, семья, животные, природа, изобретения, братья и сёстры, динозавры",детектив,174,2,описание: обрезанная аннотация издательства; «почему рекомендуем»: шаблон ×656
https://n-e-n.ru/knigi/kniga/druzya-dinozavriki-tayna/,Друзья-динозаврики Тайна,Ларс Мэле,Мелик-Пашаев,4–6 лет,"дружба, семья, животные, путешествия, волшебство, динозавры",детектив,180,2,описание: обрезанная аннотация издательства; «почему рекомендуем»: шаблон ×656
https://n-e-n.ru/knigi/kniga/druzya-dinozavriki-den-smeha/,Друзья-динозаврики. День смеха,Ларс Мэле,Мелик-Пашаев,4–6 лет,"дружба, искусство, юмор, волшебство, приключения, динозавры","приключения, юмор, семейная история",175,2,описание: обрезанная аннотация издательства; «почему рекомендуем»: шаблон ×656
https://n-e-n.ru/knigi/kniga/druzya-dinozavriki-supergonka/,Друзья-динозаврики. Супергонка,Ларс Мэле,Мелик-Пашаев,4–6 лет,"дружба, природа, волшебство, динозавры",семейная история,175,2,описание: обрезанная аннотация издательства; «почему рекомендуем»: шаблон ×656
https://n-e-n.ru/knigi/kniga/denni-i-ego-drug-dinozavr/,Дэнни и его друг Динозавр,Сид Хофф; Брюс Хэйл,Мелик-Пашаев,4–10 лет,"школа, искусство, путешествия, взросление, волшебство, смелость, динозавры",сказка,178,2,описание: обрезанная аннотация издательства; «почему рекомендуем»: шаблон ×870
https://n-e-n.ru/knigi/kniga/dyuymovochka/,Дюймовочка,Андерсен Ганс Христиан,Мелик-Пашаев,4–6 лет,волшебство,сказка,175,2,описание: обрезанная аннотация издательства; «почему рекомендуем»: шаблон ×656
https://n-e-n.ru/knigi/kniga/dyadya-zhabs-dikobraz-dik-nedotrog/,Дядя Жабс. Дикобраз Дик Недотрог,Бёрджесс У. Торнтон,Мелик-Пашаев,4–10 лет,"школа, животные, волшебство",реалистическая проза,171,2,описание: обрезанная аннотация издательства; «почему рекомендуем»: шаблон ×26
https://n-e-n.ru/knigi/kniga/dyadya-iks/,Дядя Икс,Аделаида Котовщикова,Мелик-Пашаев,7–10 лет,"семья, школа, животные, волшебство",реалистическая проза,172,2,описание: обрезанная аннотация издательства; «почему рекомендуем»: шаблон ×656
https://n-e-n.ru/knigi/kniga/dyadya-stepa/,Дядя Стёпа,Сергей Михалков,АСТ,4–8 лет,"безопасность, самооценка","реалистическая проза, поэзия",110,2,«почему рекомендуем»: шаблон ×870; автор: имя записано по-разному в разных карточках
https://n-e-n.ru/knigi/kniga/dyadya-fedor-pes-i-kot/,"Дядя Фёдор, пёс и кот",Эдуард Успенский,АСТ,6–9 лет,"семья, дружба, животные, приключения","юмор, приключения",117,2,«почему рекомендуем»: шаблон ×669; автор: имя записано по-разному в разных карточках
https://n-e-n.ru/knigi/kniga/edyat-li-pokoyniki-torty-s-klubnikoy/,Едят ли покойники торты с клубникой?,Розмари Айхингер,Самокат,13–15 лет,"дружба, семья, школа, братья и сёстры, смерть",реалистическая проза,177,2,описание: обрезанная аннотация издательства; «почему рекомендуем»: шаблон ×870
https://n-e-n.ru/knigi/kniga/ezhulka-ili-kak-my-podruzhilis/,"Ежулька, или Как мы подружились",Кастильо Лорен,Clever,6–9 лет,"дружба, школа, животные, искусство, морские приключения, первая любовь",приключения,169,2,описание: обрезанная аннотация издательства; «почему рекомендуем»: шаблон ×669
https://n-e-n.ru/knigi/kniga/elizaveta-printsessa-versalskaya-sekret-muzykalnoy-shkatulki/,"Елизавета, принцесса Версальская. Секрет музыкальной шкатулки",Джей Энни,Clever,6–9 лет,"дружба, семья, история, искусство, музыка, братья и сёстры, эмоции","детектив, юмор, историческая проза",173,2,описание: обрезанная аннотация издательства; «почему рекомендуем»: шаблон ×669
https://n-e-n.ru/knigi/kniga/endrek-i-drugie/,Ендрек и другие,Вера Бадальска,Мелик-Пашаев,7–10 лет,"школа, юмор, волшебство",юмор,177,2,описание: обрезанная аннотация издательства; «почему рекомендуем»: шаблон ×669
https://n-e-n.ru/knigi/kniga/esli-hochesh-byt-krasivym-entsiklopediya-hoteniy/,Если хочешь быть красивым. Энциклопедия хотений,Евгений Клюев,Самокат,7–9 лет,"животные, искусство, юмор, смерть","юмор, поэзия",175,2,описание: обрезанная аннотация издательства; «почему рекомендуем»: шаблон ×669
https://n-e-n.ru/knigi/kniga/zhivoy-kamen/,Живой камень,Полина Щербак; Павла Петрушова,Альпина.Дети,3–7 лет,"дружба, животные, природа, искусство",реалистическая проза,174,2,описание: обрезанная аннотация издательства; «почему рекомендуем»: шаблон ×669
https://n-e-n.ru/knigi/kniga/zhizn-i-priklyucheniya-tigrenka-po-imeni-buka/,Жизнь и приключения тигрёнка по имени Бука,Галина Корнилова,Мелик-Пашаев,4–6 лет,"дружба, животные, волшебство, приключения","сказка, приключения",175,2,описание: обрезанная аннотация издательства; «почему рекомендуем»: шаблон ×669
https://n-e-n.ru/knigi/kniga/zhizn-i-udivitelnye-priklyucheniya-znamenitogo-sinora-pulchinelly-iz/,Жизнь и удивительные приключения знаменитого синьора Пульчинеллы из Неаполя,Григорий Кружков,Мелик-Пашаев,4–10 лет,"мифология, юмор, волшебство, приключения","сказка, приключения, юмор",179,2,описание: обрезанная аннотация издательства; «почему рекомендуем»: шаблон ×656
https://n-e-n.ru/knigi/kniga/zhuki-ne-plachut/,Жуки не плачут,Юлия Яковлева,Самокат,13–15 лет,"семья, животные, природа, история, взросление, братья и сёстры, эмоции, война",сказка,179,2,описание: обрезанная аннотация издательства; «почему рекомендуем»: шаблон ×122
https://n-e-n.ru/knigi/kniga/zhuravlinye-perya/,Журавлиные перья,Вера Н. Маркова,Izdat. Dom Meshcher︠i︡akova,7–12 лет,"культурное разнообразие, волшебство",сказка,160,2,«почему рекомендуем»: шаблон ×669; нет поля: число страниц
https://n-e-n.ru/knigi/kniga/zhutko-gromko-i-zapredelno-blizko/,Жутко громко и запредельно близко,Джонатан Сафран Фоер,Like Book,12–17 лет,"семья, взросление",реалистическая проза,180,2,описание: обрезанная аннотация издательства; «почему рекомендуем»: шаблон ×870
https://n-e-n.ru/knigi/kniga/zeb/,ЗЕБ.,Гидеон Самсон,Самокат,7–9 лет,"школа, животные, музыка, спорт, взросление",сказка,172,2,описание: обрезанная аннотация издательства; «почему рекомендуем»: шаблон ×669
https://n-e-n.ru/knigi/kniga/za-lesami-za-gorami/,"За Лесами, За горами",Надежда Притулина,Азбука-Аттикус,6–11 лет,животные,реалистическая проза,65,2,«почему рекомендуем»: шаблон ×870; нет поля: число страниц
https://n-e-n.ru/knigi/kniga/za-volnoy-volna/,За волной волна,Михаил Лукашевич,Архипелаг,3–7 лет,отношения,поэзия,60,2,«почему рекомендуем»: шаблон ×669; «почему рекомендуем»: «о» вместо «об»
https://n-e-n.ru/knigi/kniga/za-rekoy/,За рекой,Джузеппе Феррарио,Альпина.Дети,10–15 лет,"природа, история, искусство, война",реалистическая проза,175,2,описание: обрезанная аннотация издательства; «почему рекомендуем»: шаблон ×870
https://n-e-n.ru/knigi/kniga/zagadki/,Загадки,Корней Чуковский,АСТ,7–12 лет,взросление,поэзия,131,2,«почему рекомендуем»: шаблон ×656; автор: имя записано по-разному в разных карточках
https://n-e-n.ru/knigi/kniga/zagadki-detektiva-schuki/,Загадки детектива Щуки,Иржи Калоусек; Иржи Лапачек,Белая ворона,9–13 лет,"школа, животные, искусство, взросление, творчество, детектив",детектив,175,2,описание: обрезанная аннотация издательства; «почему рекомендуем»: шаблон ×870
https://n-e-n.ru/knigi/kniga/zagadochnye-proisshestviya-v-volshebnom-lesu/,Загадочные происшествия в волшебном лесу,Вероника Медведева,Эксмо,7–12 лет,"дружба, семья, животные, природа, волшебство","сказка, фэнтези, детектив",174,2,описание: обрезанная аннотация издательства; «почему рекомендуем»: шаблон ×656
https://n-e-n.ru/knigi/kniga/zaychonok-hochet-domoy/,Зайчонок хочет домой,Бэгели Элизабет,Clever,3–5 лет,"дружба, семья, животные, космос, искусство, братья и сёстры, эмоции",приключения,170,2,описание: обрезанная аннотация издательства; «почему рекомендуем»: шаблон ×669
https://n-e-n.ru/knigi/kniga/zakoldovannaya-zhizn/,Заколдованная жизнь,Диана Уинн Джонс,Азбука-Аттикус,12–17 лет,"семья, животные, природа, волшебство",фэнтези,180,2,описание: обрезанная аннотация издательства; «почему рекомендуем»: шаблон ×120
https://n-e-n.ru/knigi/kniga/zaliv-izmeny-ekspeditsiya-kapitana-golovnina/,Залив Измены. Экспедиция капитана Головнина,Владислав Серов,Мелик-Пашаев,7–14 лет,"природа, история, путешествия, морские приключения, волшебство",историческая проза,163,2,описание: обрезанная аннотация издательства; «почему рекомендуем»: шаблон ×870
https://n-e-n.ru/knigi/kniga/zamorskie-skazki/,Заморские сказки,Леонид Яхнин,Эксмо,6–11 лет,волшебство,сказка,54,2,«почему рекомендуем»: шаблон ×870; нет поля: число страниц
https://n-e-n.ru/knigi/kniga/zateyniki/,Затейники,Николай Носов,Азбука-Аттикус,6–11 лет,отношения,реалистическая проза,50,2,«почему рекомендуем»: шаблон ×870; автор: имя записано по-разному в разных карточках
https://n-e-n.ru/knigi/kniga/zver-iz-temnoty/,Зверь из темноты,Ури Орлев,Самокат,7–9 лет,"семья, животные, история, братья и сёстры, страх, смерть, война",реалистическая проза,172,2,описание: обрезанная аннотация издательства; «почему рекомендуем»: шаблон ×669
https://n-e-n.ru/knigi/kniga/zdravstvuy-ya-tebya-znayu/,"Здравствуй, я тебя знаю!",Алексей Ольгин,Мелик-Пашаев,4–10 лет,"животные, юмор, волшебство, эмоции",юмор,177,2,описание: обрезанная аннотация издательства; «почему рекомендуем»: шаблон ×870
https://n-e-n.ru/knigi/kniga/zelenyy/,Зелёный,Ася Кравченко,Самокат,13–15 лет,"школа, животные, музыка, взросление, самооценка",сказка,179,2,описание: обрезанная аннотация издательства; «почему рекомендуем»: шаблон ×122
https://n-e-n.ru/knigi/kniga/zima-kogda-ya-vyros/,"Зима, когда я вырос",Петер ван Гестел,Самокат,10–12 лет,"семья, школа, животные, отношения, братья и сёстры, первая любовь",реалистическая проза,180,2,описание: обрезанная аннотация издательства; «почему рекомендуем»: шаблон ×870
https://n-e-n.ru/knigi/kniga/zovite-vasilisu-nikitichnu/,Зовите Василису Никитичну!,Анна Анинибуд,Мелик-Пашаев,7–10 лет,"школа, животные, волшебство",научная фантастика,178,2,описание: обрезанная аннотация издательства; «почему рекомендуем»: шаблон ×669
https://n-e-n.ru/knigi/kniga/zolotaya-klassika-dlya-detey-zolotoy-klyuchik-ili-priklyucheniya/,"Золотая классика для детей. Золотой ключик, или Приключения Буратино",Толстой Алексей,Clever,4–6 лет,"дружба, семья, школа, животные, искусство","сказка, фэнтези, приключения",174,2,описание: обрезанная аннотация издательства; «почему рекомендуем»: шаблон ×669
https://n-e-n.ru/knigi/kniga/zolotaya-klassika-dlya-detey-skazki-sharlya-perro/,Золотая классика для детей. Сказки Шарля Перро,Перро Шарль,Clever,5–7 лет,"семья, школа, детский сад, животные, искусство, смелость, доброта","сказка, фэнтези, приключения",174,2,описание: обрезанная аннотация издательства; «почему рекомендуем»: шаблон ×669
https://n-e-n.ru/knigi/kniga/zolotaya-klassika-dlya-detey-schelkunchik-i-myshinyy-korol/,Золотая классика для детей. Щелкунчик и мышиный король,Гофман Эрнст Теодор Амадей,Clever,8–12 лет,"школа, природа, искусство, волшебство","сказка, фэнтези",179,2,описание: обрезанная аннотация издательства; «почему рекомендуем»: шаблон ×669
https://n-e-n.ru/knigi/kniga/zolotaya-kollektsiya-volshebnyh-skazok/,Золотая коллекция волшебных сказок,Ю. Н. Устинов; Е. Ю Шурлапов,Mir knigi,6–11 лет,волшебство,"сказка, фэнтези",36,2,«почему рекомендуем»: шаблон ×870; нет поля: число страниц
https://n-e-n.ru/knigi/kniga/zolotye-vesla/,Золотые вёсла,Мария Папаянни,Самокат,13–15 лет,"семья, животные, природа, мифология, приключения, братья и сёстры","сказка, приключения",177,2,описание: обрезанная аннотация издательства; «почему рекомендуем»: шаблон ×122
https://n-e-n.ru/knigi/kniga/zoodetektiv-malenkaya-tayna-bolshogo-slona/,Зоодетектив. Маленькая тайна большого слона,Фогель Кирстен,Clever,6–9 лет,"дружба, школа, животные, искусство, юмор, детектив","детектив, приключения, юмор",176,2,описание: обрезанная аннотация издательства; «почему рекомендуем»: шаблон ×870
https://n-e-n.ru/knigi/kniga/i-belye-teni-v-lesu/,И белые тени в лесу,Мария Грипе,Белая ворона,12–17 лет,"школа, природа, история, приключения","детектив, приключения",176,2,описание: обрезанная аннотация издательства; «почему рекомендуем»: шаблон ×120
https://n-e-n.ru/knigi/kniga/izo/,Изо,Евгения Басова,Самокат,13–15 лет,"семья, животные, искусство",реалистическая проза,166,2,описание: обрезанная аннотация издательства; «почему рекомендуем»: шаблон ×120
https://n-e-n.ru/knigi/kniga/improvizatory-chast-pervaya-sakvoyazh-madam-renar/,Импровизаторы. Часть первая. Саквояж мадам Ренар,Елена Соковенина,Самокат,13–15 лет,"дружба, животные, приключения",приключения,169,2,описание: обрезанная аннотация издательства; «почему рекомендуем»: шаблон ×870
https://n-e-n.ru/knigi/kniga/inktober-mesyats-peremen/,Инктобер. Месяц перемен,Елена Борода,КомпасГид,12–17 лет,"дружба, семья, школа, животные, экология, братья и сёстры, буллинг, эмоции, творчество",реалистическая проза,178,2,описание: обрезанная аннотация издательства; «почему рекомендуем»: шаблон ×122
https://n-e-n.ru/knigi/kniga/insu-pu-ostrov-poteryannyh-detey/,Инсу-пу: остров потерянных детей,Мира Лобе,Самокат,13–15 лет,"дружба, животные, история, морские приключения, война",реалистическая проза,176,2,описание: обрезанная аннотация издательства; «почему рекомендуем»: шаблон ×870
https://n-e-n.ru/knigi/kniga/iskateli-priklyucheniy-i-hram-sokrovisch/,Искатели приключений и храм сокровищ,Джемма Хатт,Эксмо,12–17 лет,"дружба, семья, школа, животные, путешествия, братья и сёстры","сказка, детектив, приключения",169,2,описание: обрезанная аннотация издательства; «почему рекомендуем»: шаблон ×120
https://n-e-n.ru/knigi/kniga/ispytanie-gerakla/,Испытание Геракла,Пьер Жемм; Матильда Рюо,Альпина.Дети,6–10 лет,"животные, природа, история, мифология, искусство, детектив","сказка, детектив",170,2,описание: обрезанная аннотация издательства; «почему рекомендуем»: шаблон ×669
https://n-e-n.ru/knigi/kniga/istoriya-mey-malenkoy-zhenschiny/,История Мэй Маленькой Женщины,Беатриче Мазини,Самокат,10–12 лет,"дружба, семья, животные, природа, история, первая любовь","сказка, приключения",176,2,описание: обрезанная аннотация издательства; «почему рекомендуем»: шаблон ×120
https://n-e-n.ru/knigi/kniga/istoriya-pobedy-voennaya-tayna-golubaya-chashka-timur-i-ego-komanda/,История Победы. Военная тайна. Голубая чашка. Тимур и его команда. Чук и Гек.,Гайдар Аркадий,Clever,12–15 лет,"дружба, семья, школа, животные, история, война","сказка, детектив, приключения",180,2,описание: обрезанная аннотация издательства; «почему рекомендуем»: шаблон ×122
https://n-e-n.ru/knigi/kniga/istoriya-pobedy-ulitsa-mladshego-syna/,История Победы. Улица младшего сына,Кассиль Лев; Поляновский Макс,Clever,12–17 лет,"семья, школа, животные, история, мифология, война","сказка, приключения, поэзия",176,2,описание: обрезанная аннотация издательства; «почему рекомендуем»: шаблон ×122
https://n-e-n.ru/knigi/kniga/istoriya-ernesta-i-selestiny/,История Эрнеста и Селестины,Даниэль Пеннак,Самокат,7–9 лет,"животные, природа, мифология, искусство, театр",сказка,177,2,описание: обрезанная аннотация издательства; «почему рекомендуем»: шаблон ×656
https://n-e-n.ru/knigi/kniga/istoriya-o-kroshke-ele-i-kosmonavte-layke/,История о Крошке Эле и космонавте Лайке,Хелен Рундгрен; Кеннет Андерссон,Белая ворона,6–10 лет,"школа, животные",реалистическая проза,177,2,описание: обрезанная аннотация издательства; «почему рекомендуем»: шаблон ×656
https://n-e-n.ru/knigi/kniga/istoriya-odnogo-porosenka/,История одного поросенка,Юрий Выннычук,A-BA-BA-GA-LA-MA-GA,7–12 лет,животные,реалистическая проза,149,2,«почему рекомендуем»: шаблон ×669; нет поля: число страниц
https://n-e-n.ru/knigi/kniga/istoriya-pro-mishu-danyu-i-bumazhnogo-zmeya/,"История про Мишу, Даню и бумажного змея",Светлана Шенбрунн,Tekst,7–12 лет,культурное разнообразие,реалистическая проза,173,2,«почему рекомендуем»: шаблон ×669; нет поля: число страниц
https://n-e-n.ru/knigi/kniga/istoriya-s-kladbischem/,История с кладбищем,Нил Гейман,СТ,10–15 лет,"семья, взросление, волшебство","фэнтези, приключения",98,2,«почему рекомендуем»: шаблон ×870; нет поля: ISBN
https://n-e-n.ru/knigi/kniga/istukan-roman-v-dvuh-tomah-komplekt/,"Истукан (Роман в двух томах, комплект)",Евгений Рудашевский,КомпасГид,13–17 лет,"семья, животные, мифология, искусство, взросление, братья и сёстры, детектив","сказка, детектив, приключения",177,2,описание: обрезанная аннотация издательства; «почему рекомендуем»: шаблон ×122
https://n-e-n.ru/knigi/kniga/kak-lvenok-i-cherepaha-peli-pesnyu/,Как Львёнок и Черепаха пели песню,Сергей Козлов,Стрекоза,6–11 лет,животные,реалистическая проза,48,2,«почему рекомендуем»: шаблон ×656; автор: имя записано по-разному в разных карточках
https://n-e-n.ru/knigi/kniga/kak-mulle-mek-i-buffa-stali-druzyami/,Как Мулле Мек и Буффа стали друзьями,Георг Юхансон,Мелик-Пашаев,4–10 лет,"дружба, животные, волшебство",реалистическая проза,179,2,описание: обрезанная аннотация издательства; «почему рекомендуем»: шаблон ×870
https://n-e-n.ru/knigi/kniga/kak-tima-ukusila-loshad/,Как Тима укусила лошадь,Наталья Ремиш,Альпина.Дети,6–11 лет,"семья, школа, животные, искусство, спорт, братья и сёстры",реалистическая проза,179,2,описание: обрезанная аннотация издательства; «почему рекомендуем»: шаблон ×656
https://n-e-n.ru/knigi/kniga/kak-flip-zatopil-ves-mir/,Как Флип затопил весь мир,Адам Стоуэр,Мелик-Пашаев,1–10 лет,школа,реалистическая проза,173,2,описание: обрезанная аннотация издательства; «почему рекомендуем»: шаблон ×656
https://n-e-n.ru/knigi/kniga/kak-verevochka-vilas-skazki/,Как верёвочка вилась. Сказки,Евгений Клюев,Самокат,7–9 лет,"школа, животные, театр, юмор","сказка, юмор",172,2,описание: обрезанная аннотация издательства; «почему рекомендуем»: шаблон ×656
https://n-e-n.ru/knigi/kniga/kak-vorchlivyy-barsuk-polyubil-novyy-god/,Как ворчливый барсук полюбил Новый год,Брайт Пол,Clever,3–5 лет,"школа, детский сад, животные, природа, искусство","сказка, фэнтези, юмор",177,2,описание: обрезанная аннотация издательства; «почему рекомендуем»: шаблон ×669
https://n-e-n.ru/knigi/kniga/kak-zhiraf-v-pryatki-igral/,Как жираф в прятки играл,Виктор Лунин,Азбука-Аттикус,6–11 лет,школа,реалистическая проза,131,2,«почему рекомендуем»: шаблон ×669; нет поля: число страниц
https://n-e-n.ru/knigi/kniga/kak-kuritsa-lapoy/,Как курица лапой,Энн Файн,Самокат,7–9 лет,"школа, животные, детектив",детектив,176,2,описание: обрезанная аннотация издательства; «почему рекомендуем»: шаблон ×656
https://n-e-n.ru/knigi/kniga/kak-menya-spasali/,Как меня спасали,Юрий Сотник,Азбука-Аттикус,6–11 лет,отношения,реалистическая проза,26,2,«почему рекомендуем»: шаблон ×870; страницы: 2013 — похоже на год издания
https://n-e-n.ru/knigi/kniga/kak-muravishka-domoy-speshil/,Как муравьишка домой спешил,Виталий Бианки,Мелик-Пашаев,4–10 лет,"семья, животные, природа, волшебство, братья и сёстры",сказка,174,2,описание: обрезанная аннотация издательства; «почему рекомендуем»: шаблон ×669
https://n-e-n.ru/knigi/kniga/kak-porosenok-bolel-leopardozom/,Как поросёнок болел леопардозом,Бьёрн Рёрвик,Самокат,4–6 лет,"дружба, семья, животные, природа, отношения, братья и сёстры, страх, творчество",юмор,178,2,описание: обрезанная аннотация издательства; «почему рекомендуем»: шаблон ×669
https://n-e-n.ru/knigi/kniga/kak-horosho-chto-est-druzya/,"Как хорошо, что есть друзья!",Юлия Бёме,Поляндрия,3–7 лет,"дружба, животные, искусство, приключения",реалистическая проза,180,2,описание: обрезанная аннотация издательства; «почему рекомендуем»: шаблон ×669
https://n-e-n.ru/knigi/kniga/kak-ya-nechayanno-napisala-knigu/,Как я нечаянно написала книгу,Аннет Хёйзинг,Белая ворона,12–17 лет,школа,реалистическая проза,180,2,описание: обрезанная аннотация издательства; «почему рекомендуем»: шаблон ×870
https://n-e-n.ru/knigi/kniga/kakim-ya-byl/,Каким я был,Мег Розофф,Белая ворона,4–9 лет,"дружба, школа, животные, природа, морские приключения",детектив,173,2,описание: обрезанная аннотация издательства; «почему рекомендуем»: шаблон ×26
https://n-e-n.ru/knigi/kniga/kanikuly-u-dinozavrov-dinozavry-v-akvaparke/,Каникулы у динозавров. Динозавры в аквапарке,Хохвальд Доминик,Clever,4–6 лет,"семья, школа, животные, природа, искусство, братья и сёстры, развод родителей, фантастика, динозавры","научная фантастика, приключения, юмор",173,2,описание: обрезанная аннотация издательства; «почему рекомендуем»: шаблон ×656
https://n-e-n.ru/knigi/kniga/kanikuly-u-dinozavrov-dinozavry-v-letnoy-shkole/,Каникулы у динозавров. Динозавры в лётной школе,Хохвальд Доминик,Clever,4–6 лет,"семья, школа, детский сад, животные, искусство, братья и сёстры, фантастика, динозавры","научная фантастика, приключения, семейная история",175,2,описание: обрезанная аннотация издательства; «почему рекомендуем»: шаблон ×870
https://n-e-n.ru/knigi/kniga/kanikuly-u-dinozavrov-dinozavry-u-babushki-v-sadu/,Каникулы у динозавров. Динозавры у бабушки в саду,Иле Йорг,Clever,4–6 лет,"семья, школа, детский сад, животные, искусство, братья и сёстры, фантастика, динозавры","сказка, научная фантастика, детектив",180,2,описание: обрезанная аннотация издательства; «почему рекомендуем»: шаблон ×656
https://n-e-n.ru/knigi/kniga/karius-i-bakterius/,Кариус и Бактериус,Турбьёрн Эгнер,Белая ворона,3–6 лет,"школа, детский сад, животные, приключения",приключения,178,2,описание: обрезанная аннотация издательства; «почему рекомендуем»: шаблон ×656
https://n-e-n.ru/knigi/kniga/karlhen-igraet-v-futbol/,Карлхен играет в футбол,Бернер Ротраут Сюзанне,Мелик-Пашаев,2–6 лет,"семья, животные, спорт, юмор, волшебство","сказка, юмор",176,2,описание: обрезанная аннотация издательства; «почему рекомендуем»: шаблон ×669
https://n-e-n.ru/knigi/kniga/karlhen-rastet/,Карлхен растёт,Бернер Ротраут Сюзанне,Мелик-Пашаев,2–6 лет,"дружба, семья, животные, отношения, волшебство",реалистическая проза,172,2,описание: обрезанная аннотация издательства; «почему рекомендуем»: шаблон ×870
https://n-e-n.ru/knigi/kniga/karuselnyy-korol/,Карусельный король,Марина Тараненко,Архипелаг,3–6 лет,волшебство,сказка,91,2,«почему рекомендуем»: шаблон ×656; автор: фамилия перед именем
https://n-e-n.ru/knigi/kniga/kastor-i-frippe/,Кастор и Фриппе,Ларс Клинтинг,Мелик-Пашаев,2–6 лет,"животные, мифология, волшебство",сказка,179,2,описание: обрезанная аннотация издательства; «почему рекомендуем»: шаблон ×870
https://n-e-n.ru/knigi/kniga/kastor-pechet-pirog/,Кастор печет пирог,Ларс Клинтинг,Мелик-Пашаев,2–6 лет,"семья, животные, волшебство",сказка,171,2,описание: обрезанная аннотация издательства; «почему рекомендуем»: шаблон ×656
https://n-e-n.ru/knigi/kniga/kafe-ptichiy-hvost/,Кафе «Птичий хвост»,Бьёрн Рёрвик,Самокат,4–6 лет,"дружба, животные, юмор, приключения","приключения, юмор",179,2,описание: обрезанная аннотация издательства; «почему рекомендуем»: шаблон ×656
https://n-e-n.ru/knigi/kniga/kashtanka/,Каштанка,Антон Павлович Чехов,АСТ,6–11 лет,"животные, юмор",юмор,130,2,«почему рекомендуем»: шаблон ×656; автор: имя записано по-разному в разных карточках
https://n-e-n.ru/knigi/kniga/kvartetnye-skazki/,Квартетные сказки,Нина Дашевская,Самокат,7–9 лет,"школа, животные, искусство, музыка, театр","сказка, фэнтези",175,2,описание: обрезанная аннотация издательства; «почему рекомендуем»: шаблон ×870
https://n-e-n.ru/knigi/kniga/kevin/,Кевин,Роб Биддальф,Поляндрия,3–7 лет,"дружба, семья, животные, история, искусство, война",реалистическая проза,175,2,описание: обрезанная аннотация издательства; «почему рекомендуем»: шаблон ×870
https://n-e-n.ru/knigi/kniga/kimka-kompaniya/,Кимка&компания,Наталья Евдокимова,Самокат,7–9 лет,"семья, космос, путешествия, волшебство, фантастика",фэнтези,174,2,описание: обрезанная аннотация издательства; «почему рекомендуем»: шаблон ×870
https://n-e-n.ru/knigi/kniga/klyuf-i-alli-ta-esche-parochka/,Клюф и Алли. Та ещё парочка,Норм Фьюти,Мелик-Пашаев,4–10 лет,"взросление, самооценка, юмор, волшебство, эмоции",юмор,172,2,описание: обрезанная аннотация издательства; «почему рекомендуем»: шаблон ×870
https://n-e-n.ru/knigi/kniga/kniga-vseh-veschey/,Книга всех вещей,Гюс Кёйер,Самокат,10–12 лет,"дружба, семья, школа, животные, искусство, эмоции, страх, смелость",сказка,175,2,описание: обрезанная аннотация издательства; «почему рекомендуем»: шаблон ×122
https://n-e-n.ru/knigi/kniga/knizhki-kartinki-myagkaya-oblozhka-a-novyy-god-skoro/,Книжки-картинки (мягкая обложка). А Новый год скоро?,Чапмен Джейн,Clever,3–5 лет,"семья, школа, животные, искусство, взросление, братья и сёстры","сказка, фэнтези",174,2,описание: обрезанная аннотация издательства; «почему рекомендуем»: шаблон ×669
https://n-e-n.ru/knigi/kniga/knizhki-kartinki-myagkaya-oblozhka-bolshoy-malenkiy-drug/,Книжки-картинки (мягкая обложка). Большой маленький друг,Маурик ван Рон,Clever,3–5 лет,"дружба, семья, животные, искусство, взросление",приключения,172,2,описание: обрезанная аннотация издательства; «почему рекомендуем»: шаблон ×656
https://n-e-n.ru/knigi/kniga/knizhki-kartinki-myagkaya-oblozhka-buka-i-schenok/,Книжки-картинки (мягкая обложка). Бука и щенок,Сальзано Тамми,Clever,3–5 лет,"дружба, история, искусство",реалистическая проза,178,2,описание: обрезанная аннотация издательства; «почему рекомендуем»: шаблон ×870
https://n-e-n.ru/knigi/kniga/knizhki-kartinki-myagkaya-oblozhka-vedmochka-violetta-shalosti-i/,"Книжки-картинки (мягкая обложка). Ведьмочка Виолетта, шалости и заколдованный суп",Розе Барбара,Clever,4–6 лет,"дружба, семья, животные, искусство, взросление, эмоции","сказка, фэнтези, приключения",176,2,описание: обрезанная аннотация издательства; «почему рекомендуем»: шаблон ×870
https://n-e-n.ru/knigi/kniga/knizhki-kartinki-myagkaya-oblozhka-vse-lyubyat-drakoshu/,Книжки-картинки (мягкая обложка). Все любят Дракошу!,Шульц Бьянка,Clever,2–5 лет,"дружба, семья, животные, искусство",сказка,177,2,описание: обрезанная аннотация издательства; «почему рекомендуем»: шаблон ×669
https://n-e-n.ru/knigi/kniga/knizhki-kartinki-myagkaya-oblozhka-davay-delitsya-drakosha/,"Книжки-картинки (мягкая обложка). Давай делиться, Дракоша!",Шульц Бьянка,Clever,2–5 лет,"дружба, семья, животные, искусство, путешествия, братья и сёстры, эмоции",юмор,173,2,описание: обрезанная аннотация издательства; «почему рекомендуем»: шаблон ×656
https://n-e-n.ru/knigi/kniga/knizhki-kartinki-myagkaya-oblozhka-davay-na-spor/,Книжки-картинки (мягкая обложка). Давай на спор!,Браузе Каталина,Clever,3–5 лет,"дружба, животные, природа, искусство, спорт",юмор,172,2,описание: обрезанная аннотация издательства; «почему рекомендуем»: шаблон ×870
https://n-e-n.ru/knigi/kniga/knizhki-kartinki-myagkaya-oblozhka-dobryh-snov-shmyak/,"Книжки-картинки (мягкая обложка). Добрых снов, Шмяк!",Скоттон Роб,Clever,3–5 лет,"семья, животные, природа, искусство, приключения, страх","сказка, приключения",176,2,описание: обрезанная аннотация издательства; «почему рекомендуем»: шаблон ×656
https://n-e-n.ru/knigi/kniga/knizhki-kartinki-myagkaya-oblozhka-dom-gde-zhivut-knigi/,"Книжки-картинки (мягкая обложка). Дом, где живут книги",Бишоп Поппи,Clever,3–5 лет,"дружба, животные, природа, искусство, путешествия","сказка, приключения",172,2,описание: обрезанная аннотация издательства; «почему рекомендуем»: шаблон ×870
https://n-e-n.ru/knigi/kniga/knizhki-kartinki-myagkaya-oblozhka-zaychonok-hochet-domoy/,Книжки-картинки (мягкая обложка). Зайчонок хочет домой,Бэгели Элизабет,Clever,3–5 лет,"семья, школа, детский сад, животные, космос, братья и сёстры","сказка, фэнтези, приключения",177,2,описание: обрезанная аннотация издательства; «почему рекомендуем»: шаблон ×870
https://n-e-n.ru/knigi/kniga/knizhki-kartinki-myagkaya-oblozhka-zima-prishla-malysh-tri-istorii/,"Книжки-картинки (мягкая обложка). Зима пришла, малыш! Три истории",Чапмен Джейн,Clever,2–5 лет,"семья, животные, искусство, путешествия, отношения, братья и сёстры, страх, смелость","сказка, фэнтези, приключения",168,2,описание: обрезанная аннотация издательства; «почему рекомендуем»: шаблон ×870
https://n-e-n.ru/knigi/kniga/knizhki-kartinki-myagkaya-oblozhka-kotastrofa/,Книжки-картинки (мягкая обложка). КОТастрофа,Шульц Бьянка,Clever,2–5 лет,"семья, животные, искусство, путешествия, отношения, братья и сёстры","приключения, юмор",172,2,описание: обрезанная аннотация издательства; «почему рекомендуем»: шаблон ×669
https://n-e-n.ru/knigi/kniga/knizhki-kartinki-myagkaya-oblozhka-kak-vorchlivyy-barsuk-polyubil-novyy/,Книжки-картинки (мягкая обложка). Как ворчливый барсук полюбил Новый год,Брайт Пол,Clever,3–5 лет,"семья, школа, животные, природа, искусство, братья и сёстры","сказка, юмор",176,2,описание: обрезанная аннотация издательства; «почему рекомендуем»: шаблон ×669
https://n-e-n.ru/knigi/kniga/knizhki-kartinki-myagkaya-oblozhka-kak-medvezhonok-i-ego-druzya/,Книжки-картинки (мягкая обложка). Как медвежонок и его друзья научились мириться,Джонс Стелла Дж.,Clever,3–5 лет,"дружба, семья, животные, природа, искусство, эмоции",сказка,179,2,описание: обрезанная аннотация издательства; «почему рекомендуем»: шаблон ×870
https://n-e-n.ru/knigi/kniga/knizhki-kartinki-myagkaya-oblozhka-kotenok-shmyak/,Книжки-картинки (мягкая обложка). Котенок Шмяк,Скоттон Роб,Clever,3–5 лет,"дружба, школа, животные, искусство, музыка, творчество",юмор,180,2,описание: обрезанная аннотация издательства; «почему рекомендуем»: шаблон ×669
https://n-e-n.ru/knigi/kniga/knizhki-kartinki-myagkaya-oblozhka-kotenok-shmyak-i-bibliotechnaya/,Книжки-картинки (мягкая обложка). Котенок Шмяк и библиотечная книжка,Скоттон Роб,Clever,2–5 лет,"семья, животные, искусство",реалистическая проза,177,2,описание: обрезанная аннотация издательства; «почему рекомендуем»: шаблон ×870
https://n-e-n.ru/knigi/kniga/knizhki-kartinki-myagkaya-oblozhka-kotenok-shmyak-i-bolshaya-tykva/,Книжки-картинки (мягкая обложка). Котенок Шмяк и большая тыква,Скоттон Роб,Clever,2–5 лет,"семья, школа, животные, искусство, взросление, братья и сёстры",юмор,179,2,описание: обрезанная аннотация издательства; «почему рекомендуем»: шаблон ×870
https://n-e-n.ru/knigi/kniga/knizhki-kartinki-myagkaya-oblozhka-kotenok-shmyak-idet-k-doktoru/,Книжки-картинки (мягкая обложка). Котенок Шмяк идет к доктору,Скоттон Роб,Clever,2–5 лет,"семья, школа, животные, искусство, взросление, братья и сёстры, первая любовь",реалистическая проза,169,2,описание: обрезанная аннотация издательства; «почему рекомендуем»: шаблон ×656
https://n-e-n.ru/knigi/kniga/knizhki-kartinki-myagkaya-oblozhka-kotenok-shmyak-prezident/,Книжки-картинки (мягкая обложка). Котенок Шмяк — президент,Скоттон Роб,Clever,2–5 лет,"школа, животные, искусство",реалистическая проза,175,2,описание: обрезанная аннотация издательства; «почему рекомендуем»: шаблон ×669
https://n-e-n.ru/knigi/kniga/knizhki-kartinki-myagkaya-oblozhka-kotenok-shmyak-luchshiy-podarok-dlya/,Книжки-картинки (мягкая обложка). Котенок Шмяк. Лучший подарок для мамы и папы,Скоттон Роб,Clever,3–5 лет,"семья, животные, история, искусство, братья и сёстры",реалистическая проза,174,2,описание: обрезанная аннотация издательства; «почему рекомендуем»: шаблон ×669
https://n-e-n.ru/knigi/kniga/knizhki-kartinki-myagkaya-oblozhka-kotenok-shmyak-shkolnyy-spektakl/,Книжки-картинки (мягкая обложка). Котенок Шмяк. Школьный спектакль,Скоттон Роб,Clever,2–5 лет,"школа, животные, искусство, театр, ответственность",реалистическая проза,173,2,описание: обрезанная аннотация издательства; «почему рекомендуем»: шаблон ×656
https://n-e-n.ru/knigi/kniga/knizhki-kartinki-myagkaya-oblozhka-lyubvi-hvatit-na-dvoih/,Книжки-картинки (мягкая обложка). Любви хватит на двоих,Чапмен Джейн,Clever,3–5 лет,"семья, школа, искусство, взросление, братья и сёстры",реалистическая проза,177,2,описание: обрезанная аннотация издательства; «почему рекомендуем»: шаблон ×669
https://n-e-n.ru/knigi/kniga/knizhki-kartinki-myagkaya-oblozhka-maks-i-lunnyy-bob/,Книжки-картинки (мягкая обложка). Макс и Лунный Боб,Скоттон Роб,Clever,3–5 лет,"дружба, семья, школа, животные, космос, братья и сёстры","сказка, научная фантастика, приключения",177,2,описание: обрезанная аннотация издательства; «почему рекомендуем»: шаблон ×870
https://n-e-n.ru/knigi/kniga/knizhki-kartinki-myagkaya-oblozhka-malyshka-pyshka-i-testotryasenie/,Книжки-картинки (мягкая обложка). Малышка Пышка и тестотрясение,Русинова Евгения,Clever,2–5 лет,"животные, искусство, путешествия, самооценка, юмор, эмоции",юмор,160,2,«почему рекомендуем»: шаблон ×656; автор: фамилия перед именем
https://n-e-n.ru/knigi/kniga/knizhki-kartinki-myagkaya-oblozhka-ne-boysya-drakosha/,"Книжки-картинки (мягкая обложка). Не бойся, Дракоша!",Шульц Бьянка,Clever,2–5 лет,"дружба, детский сад, искусство, страх",реалистическая проза,175,2,описание: обрезанная аннотация издательства; «почему рекомендуем»: шаблон ×669
https://n-e-n.ru/knigi/kniga/knizhki-kartinki-myagkaya-oblozhka-ne-obnimayte-menya/,Книжки-картинки (мягкая обложка). Не обнимайте меня!,Чапмен Джейн,Clever,3–5 лет,"семья, животные, природа, искусство",реалистическая проза,174,2,описание: обрезанная аннотация издательства; «почему рекомендуем»: шаблон ×870
https://n-e-n.ru/knigi/kniga/knizhki-kartinki-myagkaya-oblozhka-s-novym-godom-shmyak/,"Книжки-картинки (мягкая обложка). С Новым годом, Шмяк!",Скоттон Роб,Clever,2–5 лет,"дружба, семья, школа, животные, искусство, братья и сёстры","фэнтези, приключения, юмор",169,2,описание: обрезанная аннотация издательства; «почему рекомендуем»: шаблон ×656
https://n-e-n.ru/knigi/kniga/knizhki-kartinki-myagkaya-oblozhka-s-novym-godom-malysh-tri-istorii/,"Книжки-картинки (мягкая обложка). С Новым годом, малыш! Три истории",Чапмен Джейн,Clever,2–5 лет,"дружба, семья, животные, природа, искусство, братья и сёстры","сказка, фэнтези, юмор",175,2,описание: обрезанная аннотация издательства; «почему рекомендуем»: шаблон ×656
https://n-e-n.ru/knigi/kniga/knizhki-kartinki-myagkaya-oblozhka-s-lyubovyu-shmyak/,"Книжки-картинки (мягкая обложка). С любовью, Шмяк!",Скоттон Роб,Clever,3–5 лет,"дружба, животные, искусство, музыка, отношения, творчество",юмор,180,2,описание: обрезанная аннотация издательства; «почему рекомендуем»: шаблон ×669
https://n-e-n.ru/knigi/kniga/knizhki-kartinki-myagkaya-oblozhka-s-papoy-burya-ne-strashna/,Книжки-картинки (мягкая обложка). С папой буря не страшна!,Брайт Пол,Clever,3–5 лет,"семья, школа, животные, природа, искусство, братья и сёстры, страх",сказка,177,2,описание: обрезанная аннотация издательства; «почему рекомендуем»: шаблон ×669
https://n-e-n.ru/knigi/kniga/knizhki-kartinki-myagkaya-oblozhka-samyy-snezhnyy-novyy-god/,Книжки-картинки (мягкая обложка). Самый снежный Новый год!,Чапмен Джейн,Clever,3–5 лет,"семья, школа, животные, искусство, взросление, братья и сёстры","сказка, фэнтези",174,2,описание: обрезанная аннотация издательства; «почему рекомендуем»: шаблон ×669
https://n-e-n.ru/knigi/kniga/knizhki-kartinki-myagkaya-oblozhka-skazhi-pravdu-drakosha/,"Книжки-картинки (мягкая обложка). Скажи правду, Дракоша!",Шульц Бьянка,Clever,2–5 лет,"животные, искусство",реалистическая проза,180,2,описание: обрезанная аннотация издательства; «почему рекомендуем»: шаблон ×870
https://n-e-n.ru/knigi/kniga/knizhki-kartinki-myagkaya-oblozhka-slishkom-mnogo-kotov/,Книжки-картинки (мягкая обложка). Слишком много котов,Финн Маура,Clever,3–5 лет,"семья, животные, искусство, путешествия, юмор, братья и сёстры","юмор, поэзия",180,2,описание: обрезанная аннотация издательства; «почему рекомендуем»: шаблон ×669
https://n-e-n.ru/knigi/kniga/knizhki-kartinki-myagkaya-oblozhka-spi-drakosha-bayu-bay/,"Книжки-картинки (мягкая обложка). Спи, Дракоша, баю-бай!",Шульц Бьянка,Clever,2–5 лет,"семья, животные, искусство, взросление, юмор","сказка, юмор",176,2,описание: обрезанная аннотация издательства; «почему рекомендуем»: шаблон ×669
https://n-e-n.ru/knigi/kniga/knizhki-kartinki-myagkaya-oblozhka-taynyy-agent-shmyak/,Книжки-картинки (мягкая обложка). Тайный агент Шмяк,Скоттон Роб,Clever,3–5 лет,"дружба, животные, искусство, музыка, юмор, творчество","детектив, юмор",175,2,описание: обрезанная аннотация издательства; «почему рекомендуем»: шаблон ×669
https://n-e-n.ru/knigi/kniga/knizhki-kartinki-myagkaya-oblozhka-tolko-ne-sup/,Книжки-картинки (мягкая обложка). Только не суп!,Сальзано Тамми,Clever,3–5 лет,"животные, искусство, приключения","приключения, поэзия",178,2,описание: обрезанная аннотация издательства; «почему рекомендуем»: шаблон ×656
https://n-e-n.ru/knigi/kniga/knizhki-kartinki-myagkaya-oblozhka-ty-dlya-menya-ves-mir/,Книжки-картинки (мягкая обложка). Ты для меня весь мир!,Сальзано Тамми,Clever,3–5 лет,"семья, животные, искусство, путешествия, отношения","сказка, фэнтези, приключения",179,2,описание: обрезанная аннотация издательства; «почему рекомендуем»: шаблон ×656
https://n-e-n.ru/knigi/kniga/knizhki-kartinki-myagkaya-oblozhka-hochu-byt-kak-ty/,Книжки-картинки (мягкая обложка). Хочу быть как ты!,Чапмен Джейн,Clever,3–5 лет,"семья, школа, животные, искусство, взросление, братья и сёстры",сказка,175,2,описание: обрезанная аннотация издательства; «почему рекомендуем»: шаблон ×656
https://n-e-n.ru/knigi/kniga/knizhki-kartinki-myagkaya-oblozhka-shmyak-govorit-spasibo/,Книжки-картинки (мягкая обложка). Шмяк говорит спасибо,Скоттон Роб,Clever,3–5 лет,"дружба, животные, искусство, музыка, юмор, творчество",юмор,177,2,описание: обрезанная аннотация издательства; «почему рекомендуем»: шаблон ×669
https://n-e-n.ru/knigi/kniga/knizhki-kartinki-myagkaya-oblozhka-shmyak-i-letnie-kanikuly/,Книжки-картинки (мягкая обложка). Шмяк и летние каникулы,Скоттон Роб,Clever,2–5 лет,"семья, школа, животные, космос, искусство","научная фантастика, приключения",179,2,описание: обрезанная аннотация издательства; «почему рекомендуем»: шаблон ×656
https://n-e-n.ru/knigi/kniga/knizhki-kartinki-myagkaya-oblozhka-shmyak-i-novyy-malysh/,Книжки-картинки (мягкая обложка). Шмяк и новый малыш,Скоттон Роб,Clever,2–5 лет,"дружба, семья, животные, искусство, взросление, братья и сёстры",юмор,172,2,описание: обрезанная аннотация издательства; «почему рекомендуем»: шаблон ×669
https://n-e-n.ru/knigi/kniga/knizhki-kartinki-myagkaya-oblozhka-shmyak-i-pingviny/,Книжки-картинки (мягкая обложка). Шмяк и пингвины,Скоттон Роб,Clever,3–5 лет,"дружба, школа, животные, искусство, музыка, творчество",юмор,180,2,описание: обрезанная аннотация издательства; «почему рекомендуем»: шаблон ×669
https://n-e-n.ru/knigi/kniga/knizhki-kartinki-myagkaya-oblozhka-shmyak-i-rybki/,Книжки-картинки (мягкая обложка). Шмяк и рыбки,Скоттон Роб,Clever,3–5 лет,"дружба, школа, животные, природа, искусство, творчество",юмор,173,2,описание: обрезанная аннотация издательства; «почему рекомендуем»: шаблон ×870
https://n-e-n.ru/knigi/kniga/knizhki-kartinki-myagkaya-oblozhka-shmyak-uchitsya-plavat/,Книжки-картинки (мягкая обложка). Шмяк учится плавать,Скоттон Роб,Clever,3–5 лет,"дружба, школа, животные, природа, искусство, страх, творчество",юмор,180,2,описание: обрезанная аннотация издательства; «почему рекомендуем»: шаблон ×870
https://n-e-n.ru/knigi/kniga/knizhki-kartinki-myagkaya-oblozhka-shmyak-slasti-ili-napasti/,Книжки-картинки (мягкая обложка). Шмяк: сласти или напасти,Скоттон Роб,Clever,3–5 лет,"дружба, животные, искусство, взросление, страх",реалистическая проза,180,2,описание: обрезанная аннотация издательства; «почему рекомендуем»: шаблон ×669
https://n-e-n.ru/knigi/kniga/knizhki-kartinki-myagkaya-oblozhka-schelkunchik/,Книжки-картинки (мягкая обложка). Щелкунчик,Суслова Нелли Вячеславовна,Clever,3–6 лет,"школа, природа, искусство, музыка, взросление","сказка, фэнтези, приключения",177,2,описание: обрезанная аннотация издательства; «почему рекомендуем»: шаблон ×656
https://n-e-n.ru/knigi/kniga/knizhki-kartinki-myagkaya-oblozhka-ya-lyublyu-tebya-vsem-serdtsem/,Книжки-картинки (мягкая обложка). Я люблю тебя всем сердцем,Чапмен Джейн,Clever,3–5 лет,"семья, школа, детский сад, животные, искусство, братья и сёстры","сказка, приключения",177,2,описание: обрезанная аннотация издательства; «почему рекомендуем»: шаблон ×870
https://n-e-n.ru/knigi/kniga/knizhki-kartinki-myagkaya-oblozhka-ya-lyublyu-tebya-malysh-tri-istorii/,"Книжки-картинки (мягкая обложка). Я люблю тебя, малыш! Три истории",Чапмен Джейн; Фридман Клэр,Clever,2–5 лет,"семья, животные, искусство, отношения",сказка,178,2,описание: обрезанная аннотация издательства; «почему рекомендуем»: шаблон ×656
https://n-e-n.ru/knigi/kniga/knizhki-kartinki-s-nakleykami-s-novym-godom-shmyak-knizhka-s-nakleykami/,"Книжки-картинки с наклейками. С Новым годом, Шмяк! Книжка с наклейками",Скоттон Роб,Clever,3–5 лет,"семья, животные, искусство, взросление, юмор","фэнтези, приключения, юмор",180,2,описание: обрезанная аннотация издательства; «почему рекомендуем»: шаблон ×656
https://n-e-n.ru/knigi/kniga/knizhki-kartinki-begemotik-zlitsya/,Книжки-картинки. Бегемотик злится,Кэри Джемма,Clever,3–5 лет,"детский сад, искусство, спорт, юмор, эмоции","сказка, юмор",158,2,описание: обрезанная аннотация издательства; «почему рекомендуем»: шаблон ×669
https://n-e-n.ru/knigi/kniga/knizhki-kartinki-bolshoy-malenkiy-drug/,Книжки-картинки. Большой маленький друг,Маурик ван Рон,Clever,3–5 лет,"дружба, семья, животные, искусство, взросление","сказка, приключения",172,2,описание: обрезанная аннотация издательства; «почему рекомендуем»: шаблон ×656
https://n-e-n.ru/knigi/kniga/knizhki-kartinki-bratets-lis-i-bolshoy-perepoloh/,Книжки-картинки. Братец Лис и большой переполох,"Прюнь, Тибо",Clever,3–5 лет,"дружба, семья, животные, искусство, взросление, братья и сёстры",юмор,175,2,описание: обрезанная аннотация издательства; «почему рекомендуем»: шаблон ×870
https://n-e-n.ru/knigi/kniga/knizhki-kartinki-bratets-lis-i-novyy-drug/,Книжки-картинки. Братец Лис и новый друг,"Прюнь, Тибо",Clever,3–5 лет,"дружба, семья, животные, искусство, взросление, братья и сёстры","юмор, семейная история",180,2,описание: обрезанная аннотация издательства; «почему рекомендуем»: шаблон ×870
https://n-e-n.ru/knigi/kniga/knizhki-kartinki-bratets-lis-i-volshebnyy-talisman/,Книжки-картинки. Братец лис и волшебный талисман,"Прюнь, Тибо",Clever,3–5 лет,"семья, животные, искусство, самооценка, юмор, братья и сёстры","фэнтези, юмор",180,2,описание: обрезанная аннотация издательства; «почему рекомендуем»: шаблон ×656
https://n-e-n.ru/knigi/kniga/knizhki-kartinki-vedmochka-violetta-shalosti-i-zakoldovannyy-sup/,"Книжки-картинки. Ведьмочка Виолетта, шалости и заколдованный суп",Розе Барбара,Clever,4–6 лет,"дружба, семья, животные, искусство, взросление, эмоции","сказка, фэнтези, приключения",177,2,описание: обрезанная аннотация издательства; «почему рекомендуем»: шаблон ×656
https://n-e-n.ru/knigi/kniga/knizhki-kartinki-volshebnye-skazki-starogo-filina/,Книжки-картинки. Волшебные сказки старого филина,Амрайн Аннет,Clever,3–5 лет,"семья, животные, природа, искусство, путешествия","сказка, фэнтези",175,2,описание: обрезанная аннотация издательства; «почему рекомендуем»: шаблон ×870
https://n-e-n.ru/knigi/kniga/knizhki-kartinki-vot-ty-kakoy-novyy-god/,"Книжки-картинки. Вот ты какой, Новый год!",Хау Керстин,Clever,4–6 лет,"дружба, искусство, музыка, волшебство, эмоции","сказка, фэнтези",174,2,описание: обрезанная аннотация издательства; «почему рекомендуем»: шаблон ×870
https://n-e-n.ru/knigi/kniga/knizhki-kartinki-davay-na-spor/,Книжки-картинки. Давай на спор!,Браузе Каталина,Clever,3–5 лет,"дружба, животные, природа, искусство, спорт",юмор,180,2,описание: обрезанная аннотация издательства; «почему рекомендуем»: шаблон ×870
https://n-e-n.ru/knigi/kniga/knizhki-kartinki-dom-gde-zhivut-knigi/,"Книжки-картинки. Дом, где живут книги",Бишоп Поппи,Clever,3–5 лет,"дружба, животные, природа, искусство, юмор","сказка, приключения, юмор",177,2,описание: обрезанная аннотация издательства; «почему рекомендуем»: шаблон ×870
https://n-e-n.ru/knigi/kniga/knizhki-kartinki-esli-vse-idet-ne-tak/,Книжки-картинки. Если всё идёт не так,Чапмен Джейн,Clever,3–5 лет,"дружба, животные, природа, искусство, взросление","сказка, юмор",178,2,описание: обрезанная аннотация издательства; «почему рекомендуем»: шаблон ×870
https://n-e-n.ru/knigi/kniga/knizhki-kartinki-zima-prishla-malysh-tri-istorii/,"Книжки-картинки. Зима пришла, малыш! Три истории",Чапмен Джейн,Clever,2–5 лет,"семья, животные, природа, искусство, взросление, братья и сёстры",сказка,176,2,описание: обрезанная аннотация издательства; «почему рекомендуем»: шаблон ×656
https://n-e-n.ru/knigi/kniga/knizhki-kartinki-kak-tyapa-i-lyapa-vstrechali-novyy-god/,Книжки-картинки. Как Тяпа и Ляпа встречали Новый год,Нойдерт Цее,Clever,3–5 лет,"дружба, семья, животные, искусство, взросление","сказка, юмор, семейная история",176,2,описание: обрезанная аннотация издательства; «почему рекомендуем»: шаблон ×870
https://n-e-n.ru/knigi/kniga/knizhki-kartinki-kak-medvezhonok-i-ego-druzya-nauchilis-miritsya/,Книжки-картинки. Как медвежонок и его друзья научились мириться,Джонс Стелла Дж.,Clever,3–5 лет,"дружба, семья, животные, природа, искусство, эмоции",сказка,170,2,описание: обрезанная аннотация издательства; «почему рекомендуем»: шаблон ×870
https://n-e-n.ru/knigi/kniga/knizhki-kartinki-kak-mishka-vstrechal-novyy-god/,Книжки-картинки. Как мишка встречал Новый год,Ауэр Маргит,Clever,4–6 лет,"дружба, семья, животные, природа, космос","сказка, фэнтези, юмор",173,2,описание: обрезанная аннотация издательства; «почему рекомендуем»: шаблон ×870
https://n-e-n.ru/knigi/kniga/knizhki-kartinki-kogda-zakonchitsya-dozhd/,Книжки-картинки. Когда закончится дождь,Харт Оуэн,Clever,2–5 лет,"дружба, животные, природа, искусство",реалистическая проза,173,2,описание: обрезанная аннотация издательства; «почему рекомендуем»: шаблон ×669
https://n-e-n.ru/knigi/kniga/knizhki-kartinki-kto-takoy-opossum/,Книжки-картинки. Кто такой опоссум?,Больманн Сабина,Clever,3–5 лет,"дружба, животные, природа, мифология, искусство, страх","сказка, юмор",178,2,описание: обрезанная аннотация издательства; «почему рекомендуем»: шаблон ×656
https://n-e-n.ru/knigi/kniga/knizhki-kartinki-lapy-proch-ot-meda/,Книжки-картинки. Лапы прочь от мёда!,Чапмен Джейн,Clever,3–5 лет,"дружба, семья, животные, природа, искусство, братья и сёстры",юмор,176,2,описание: обрезанная аннотация издательства; «почему рекомендуем»: шаблон ×656
https://n-e-n.ru/knigi/kniga/knizhki-kartinki-luchshiy-podarok-na-svete/,Книжки-картинки. Лучший подарок на свете,Джонс Стелла Дж.,Clever,4–6 лет,"школа, детский сад, животные, природа, экология",реалистическая проза,177,2,описание: обрезанная аннотация издательства; «почему рекомендуем»: шаблон ×669
https://n-e-n.ru/knigi/kniga/knizhki-kartinki-lyubvi-hvatit-na-dvoih/,Книжки-картинки. Любви хватит на двоих,Чапмен Джейн,Clever,3–5 лет,"семья, школа, детский сад, животные, искусство, братья и сёстры",сказка,176,2,описание: обрезанная аннотация издательства; «почему рекомендуем»: шаблон ×669
https://n-e-n.ru/knigi/kniga/knizhki-kartinki-lyublyu-tebya-do-luny-i-obratno/,Книжки-картинки. Люблю тебя до Луны и обратно,Хепворт Амелия,Clever,2–5 лет,"семья, животные, искусство, самооценка, юмор, братья и сёстры, эмоции","сказка, юмор, поэзия",172,2,описание: обрезанная аннотация издательства; «почему рекомендуем»: шаблон ×870
https://n-e-n.ru/knigi/kniga/knizhki-kartinki-lyublyu-tebya-moy-ezhik/,"Книжки-картинки. Люблю тебя, мой ёжик",Маурик ван Рон,Clever,4–6 лет,"дружба, животные, искусство, музыка",сказка,176,2,описание: обрезанная аннотация издательства; «почему рекомендуем»: шаблон ×656
https://n-e-n.ru/knigi/kniga/knizhki-kartinki-maks-i-lunnyy-bob/,Книжки-картинки. Макс и Лунный Боб,Скоттон Роб,Clever,3–5 лет,"дружба, семья, школа, животные, искусство",приключения,178,2,описание: обрезанная аннотация издательства; «почему рекомендуем»: шаблон ×669
https://n-e-n.ru/knigi/kniga/knizhki-kartinki-moy-dedushka-luchshiy-v-mire/,Книжки-картинки. Мой дедушка лучший в мире,Риччи Элисон,Clever,3–5 лет,"семья, школа, животные, искусство, музыка","юмор, поэзия",172,2,описание: обрезанная аннотация издательства; «почему рекомендуем»: шаблон ×656
https://n-e-n.ru/knigi/kniga/knizhki-kartinki-moy-papa-luchshiy-v-mire/,Книжки-картинки. Мой папа лучший в мире,Риччи Элисон,Clever,3–5 лет,"семья, школа, животные, искусство, юмор","юмор, поэзия",175,2,описание: обрезанная аннотация издательства; «почему рекомендуем»: шаблон ×656
https://n-e-n.ru/knigi/kniga/knizhki-kartinki-moya-babushka-luchshaya-v-mire/,Книжки-картинки. Моя бабушка лучшая в мире,Риччи Элисон,Clever,3–5 лет,"семья, животные, природа, искусство, творчество","сказка, поэзия",173,2,описание: обрезанная аннотация издательства; «почему рекомендуем»: шаблон ×669
https://n-e-n.ru/knigi/kniga/knizhki-kartinki-moya-lyubov-k-tebe-beskonechna/,Книжки-картинки. Моя любовь к тебе бесконечна,Хепворт Амелия,Clever,2–5 лет,"семья, животные, искусство, самооценка, отношения","сказка, поэзия",179,2,описание: обрезанная аннотация издательства; «почему рекомендуем»: шаблон ×669
https://n-e-n.ru/knigi/kniga/knizhki-kartinki-moya-mama-luchshaya-v-mire/,Книжки-картинки. Моя мама лучшая в мире,Риччи Элисон,Clever,3–5 лет,"семья, искусство",поэзия,176,2,описание: обрезанная аннотация издательства; «почему рекомендуем»: шаблон ×656
https://n-e-n.ru/knigi/kniga/knizhki-kartinki-moe-novogodnee-chudo/,Книжки-картинки. Моё новогоднее чудо,Маурик ван Рон,Clever,3–5 лет,"дружба, семья, детский сад, животные, искусство","сказка, фэнтези",180,2,описание: обрезанная аннотация издательства; «почему рекомендуем»: шаблон ×870
https://n-e-n.ru/knigi/kniga/knizhki-kartinki-novogodnyaya-putanitsa/,Книжки-картинки. Новогодняя путаница,Шютц Хочиль А.,Clever,4–6 лет,"животные, природа, искусство, юмор, детектив","сказка, детектив, юмор",179,2,описание: обрезанная аннотация издательства; «почему рекомендуем»: шаблон ×656
https://n-e-n.ru/knigi/kniga/knizhki-kartinki-obezyanka-grustit/,Книжки-картинки. Обезьянка грустит,Кэри Джемма,Clever,3–5 лет,"дружба, семья, детский сад, животные, искусство, эмоции","сказка, юмор",172,2,описание: обрезанная аннотация издательства; «почему рекомендуем»: шаблон ×669
https://n-e-n.ru/knigi/kniga/knizhki-kartinki-s-novym-godom-malysh-tri-istorii/,"Книжки-картинки. С Новым годом, малыш! Три истории",Чапмен Джейн,Clever,2–5 лет,"семья, животные, природа, искусство, отношения","сказка, фэнтези, юмор",180,2,описание: обрезанная аннотация издательства; «почему рекомендуем»: шаблон ×669
https://n-e-n.ru/knigi/kniga/knizhki-kartinki-samaya-krasivaya-elka-na-svete/,Книжки-картинки. Самая красивая ёлка на свете,Зорзен Сильвен,Clever,3–5 лет,"дружба, школа, детский сад, животные, природа","сказка, юмор",173,2,описание: обрезанная аннотация издательства; «почему рекомендуем»: шаблон ×870
https://n-e-n.ru/knigi/kniga/knizhki-kartinki-samaya-luchshaya-elochka/,Книжки-картинки. Самая лучшая ёлочка,Чапмен Джейн,Clever,3–5 лет,"дружба, семья, животные, искусство, взросление","сказка, фэнтези, юмор",179,2,описание: обрезанная аннотация издательства; «почему рекомендуем»: шаблон ×656
https://n-e-n.ru/knigi/kniga/knizhki-kartinki-samaya-smelaya-kapibara/,Книжки-картинки. Самая смелая капибара,Мармон Утиха,Clever,3–5 лет,"дружба, семья, животные, искусство, взросление, эмоции, страх, доброта",сказка,180,2,описание: обрезанная аннотация издательства; «почему рекомендуем»: шаблон ×870
https://n-e-n.ru/knigi/kniga/knizhki-kartinki-samyy-luchshiy-drug/,Книжки-картинки. Самый лучший друг,Браумэрт Мелани,Clever,3–5 лет,"дружба, искусство",реалистическая проза,178,2,описание: обрезанная аннотация издательства; «почему рекомендуем»: шаблон ×656
https://n-e-n.ru/knigi/kniga/knizhki-kartinki-samyy-chudesnyy-podarok-na-svete/,Книжки-картинки. Самый чудесный подарок на свете,Сперринг Марк,Clever,3–5 лет,"дружба, искусство, волшебство, детектив","сказка, фэнтези, детектив",170,2,описание: обрезанная аннотация издательства; «почему рекомендуем»: шаблон ×656
https://n-e-n.ru/knigi/kniga/knizhki-kartinki-sekret-hrabrogo-medvezhonka/,Книжки-картинки. Секрет храброго медвежонка,Чью Сюзанна,Clever,3–5 лет,"дружба, семья, животные, искусство, взросление, братья и сёстры, эмоции, страх","сказка, фэнтези, приключения",176,2,описание: обрезанная аннотация издательства; «почему рекомендуем»: шаблон ×669
https://n-e-n.ru/knigi/kniga/knizhki-kartinki-slishkom-mnogo-kotov/,Книжки-картинки. Слишком много котов,Финн Маура,Clever,2–5 лет,"семья, животные, искусство, взросление, юмор","сказка, приключения, юмор",178,2,описание: обрезанная аннотация издательства; «почему рекомендуем»: шаблон ×870
https://n-e-n.ru/knigi/kniga/knizhki-kartinki-slishkom-mnogo-sobak/,Книжки-картинки. Слишком много собак,Финн Маура,Clever,3–5 лет,"школа, детский сад, животные, природа, искусство","сказка, приключения, юмор",179,2,описание: обрезанная аннотация издательства; «почему рекомендуем»: шаблон ×870
https://n-e-n.ru/knigi/kniga/knizhki-kartinki-sunduchok-semeynyh-skazok-ya-lyublyu-tebya-zaychonok/,"Книжки-картинки. Сундучок семейных сказок. Я люблю тебя, зайчонок!",Валаханович Ксения,Clever,3–5 лет,"семья, искусство, взросление, отношения, юмор","юмор, поэзия, семейная история",175,2,описание: обрезанная аннотация издательства; «почему рекомендуем»: шаблон ×656
https://n-e-n.ru/knigi/kniga/knizhki-kartinki-surikat-uchit-horoshie-manery/,Книжки-картинки. Сурикат учит хорошие манеры,Кэри Джемма,Clever,3–5 лет,"дружба, животные, искусство, приключения",реалистическая проза,178,2,описание: обрезанная аннотация издательства; «почему рекомендуем»: шаблон ×669
https://n-e-n.ru/knigi/kniga/knizhki-kartinki-ty-dlya-menya-ves-mir/,Книжки-картинки. Ты для меня весь мир!,Сальзано Тамми,Clever,3–5 лет,"дружба, семья, детский сад, животные, искусство","сказка, фэнтези, приключения",174,2,описание: обрезанная аннотация издательства; «почему рекомендуем»: шаблон ×656
https://n-e-n.ru/knigi/kniga/knizhki-kartinki-chernichka-i-festival-fonarikov/,Книжки-картинки. Черничка и фестиваль фонариков,Кампелло Джудитта,Clever,3–5 лет,"семья, животные, искусство, отношения",реалистическая проза,178,2,описание: обрезанная аннотация издательства; «почему рекомендуем»: шаблон ×870
https://n-e-n.ru/knigi/kniga/knizhki-kartinki-chudesa-pod-novyy-god/,Книжки-картинки. Чудеса под Новый год,Пауэлл-Так Моди,Clever,3–5 лет,"семья, животные, искусство, музыка, волшебство","сказка, фэнтези",177,2,описание: обрезанная аннотация издательства; «почему рекомендуем»: шаблон ×656
https://n-e-n.ru/knigi/kniga/knizhki-kartinki-schelkunchik/,Книжки-картинки. Щелкунчик,Суслова Нелли Вячеславовна,Clever,3–5 лет,"школа, природа, искусство, музыка, театр","сказка, фэнтези, семейная история",175,2,описание: обрезанная аннотация издательства; «почему рекомендуем»: шаблон ×656
https://n-e-n.ru/knigi/kniga/knizhki-kartinki-emma-i-kot-istoriya-odnoy-druzhby/,Книжки-картинки. Эмма и кот. История одной дружбы,Кросби-Фейролл Марджори,Clever,3–5 лет,"дружба, животные, искусство",реалистическая проза,176,2,описание: обрезанная аннотация издательства; «почему рекомендуем»: шаблон ×656
https://n-e-n.ru/knigi/kniga/knizhki-kartinki-ya-vsegda-budu-ryadom-s-toboy/,Книжки-картинки. Я всегда буду рядом с тобой,Конрой Келли,Clever,3–5 лет,"семья, животные, искусство, отношения","сказка, поэзия",166,2,описание: обрезанная аннотация издательства; «почему рекомендуем»: шаблон ×870
https://n-e-n.ru/knigi/kniga/knizhki-kartinki-ya-lyublyu-tebya-bolshe-chem-novyy-god/,"Книжки-картинки. Я люблю тебя больше, чем Новый год",Хэтти Элли,Clever,3–5 лет,"семья, животные, искусство, отношения",реалистическая проза,180,2,описание: обрезанная аннотация издательства; «почему рекомендуем»: шаблон ×669
https://n-e-n.ru/knigi/kniga/knizhki-kartinki-ya-lyublyu-tebya-vsem-serdtsem/,Книжки-картинки. Я люблю тебя всем сердцем,Чапмен Джейн,Clever,3–5 лет,"дружба, семья, детский сад, животные, искусство","сказка, фэнтези, приключения",176,2,описание: обрезанная аннотация издательства; «почему рекомендуем»: шаблон ×656
https://n-e-n.ru/knigi/kniga/knizhki-kartinki-yarche-zvezd-moya-lyubov/,Книжки-картинки. Ярче звезд моя любовь,Харт Оуэн,Clever,2–5 лет,"дружба, космос, искусство, отношения",реалистическая проза,175,2,описание: обрезанная аннотация издательства; «почему рекомендуем»: шаблон ×656
https://n-e-n.ru/knigi/kniga/kovcheg-othodit-rovno-v-vosem/,Ковчег отходит ровно в восемь,Ульрих Хуб,Самокат,7–9 лет,"семья, школа, животные, театр, путешествия, эмоции, смерть","сказка, юмор",172,2,описание: обрезанная аннотация издательства; «почему рекомендуем»: шаблон ×870
https://n-e-n.ru/knigi/kniga/kogda-idesh-po-mostu/,Когда идешь по мосту,Эрна Усланд,Белая ворона,12–17 лет,"школа, природа, искусство",реалистическая проза,175,2,описание: обрезанная аннотация издательства; «почему рекомендуем»: шаблон ×122
https://n-e-n.ru/knigi/kniga/kogda-moy-papa-stal-kustom/,Когда мой папа стал кустом,Йоке ван Леувен,Самокат,7–9 лет,"семья, животные, путешествия, приключения",реалистическая проза,175,2,описание: обрезанная аннотация издательства; «почему рекомендуем»: шаблон ×669
https://n-e-n.ru/knigi/kniga/kogda-ya-byl-snegovikom/,Когда я был снеговиком,Ирина Зартайская,Поляндрия,3–7 лет,"искусство, волшебство, приключения","фэнтези, приключения",179,2,описание: обрезанная аннотация издательства; «почему рекомендуем»: шаблон ×870
https://n-e-n.ru/knigi/kniga/kogda-ya-vyrastu-ya-stanu-hokkeistom/,"Когда я вырасту, я стану хоккеистом",Михаил Санадзе,Поляндрия,7–9 лет,"семья, школа, животные, мифология, искусство, детектив",детектив,177,2,описание: обрезанная аннотация издательства; «почему рекомендуем»: шаблон ×656
https://n-e-n.ru/knigi/kniga/kod-oresta/,Код Ореста,Мария Энгстранд,КомпасГид,10–17 лет,"семья, животные, взросление, приключения","детектив, приключения",164,2,описание: обрезанная аннотация издательства; «почему рекомендуем»: шаблон ×122
https://n-e-n.ru/knigi/kniga/koldun-oro/,Колдун Оро,Дарья Донцова,Эксмо,7–12 лет,"дружба, семья, животные, природа, юмор, братья и сёстры, страх","сказка, детектив, приключения",171,2,описание: обрезанная аннотация издательства; «почему рекомендуем»: шаблон ×669
https://n-e-n.ru/knigi/kniga/kolya-nichego-ne-boitsya/,Коля ничего не боится,Валя Филиппенко; Евдокия До,Альпина.Дети,9–14 лет,"дружба, семья, школа, животные, искусство, братья и сёстры, страх",поэзия,177,2,описание: обрезанная аннотация издательства; «почему рекомендуем»: шаблон ×669
https://n-e-n.ru/knigi/kniga/kolya-risuet/,Коля рисует,Юлия Кузнецова,Архипелаг,4–8 лет,отношения,реалистическая проза,89,2,«почему рекомендуем»: шаблон ×870; автор: имя записано по-разному в разных карточках
https://n-e-n.ru/knigi/kniga/kolya-uchitsya-chitat-bukvy/,Коля учится читать. Буквы,Юлия Кузнецова,Архипелаг,3–7 лет,"семья, животные, взросление",реалистическая проза,117,2,«почему рекомендуем»: шаблон ×870; автор: имя записано по-разному в разных карточках
https://n-e-n.ru/knigi/kniga/kolya-uchitsya-chitat-slogi-i-slova/,Коля учится читать. Слоги и слова,Юлия Кузнецова,Архипелаг,4–7 лет,"семья, животные, взросление",реалистическая проза,125,2,«почему рекомендуем»: шаблон ×669; автор: имя записано по-разному в разных карточках
https://n-e-n.ru/knigi/kniga/konni-i-druzya-novaya-shkola/,Конни и друзья: Новая школа,Юлия Беме,Альпина.Дети,3–14 лет,"дружба, семья, школа, животные, эмоции",реалистическая проза,177,2,описание: обрезанная аннотация издательства; «почему рекомендуем»: шаблон ×870
https://n-e-n.ru/knigi/kniga/konni-i-letnie-priklyucheniya/,Конни и летние приключения,Лиана Шнайдер,Альпина.Дети,6–11 лет,"искусство, юмор, приключения","приключения, юмор",179,2,описание: обрезанная аннотация издательства; «почему рекомендуем»: шаблон ×870
https://n-e-n.ru/knigi/kniga/konni-i-luchshaya-sobaka-ischeyka/,Конни и лучшая собака-ищейка,Юлия Бёме; Хердис Альбрехт,Альпина.Дети,7–12 лет,"дружба, семья, школа, животные, искусство, детектив","детектив, приключения",179,2,описание: обрезанная аннотация издательства; «почему рекомендуем»: шаблон ×669
https://n-e-n.ru/knigi/kniga/konni-i-poezdka-na-more/,Конни и поездка на море,Юлия Бёме; Хердис Альбрехт,Альпина.Дети,7–12 лет,"дружба, семья, природа, искусство, приключения, братья и сёстры, детектив","детектив, приключения",178,2,описание: обрезанная аннотация издательства; «почему рекомендуем»: шаблон ×870
https://n-e-n.ru/knigi/kniga/konni-i-spasenie-dikih-loshadey/,Конни и спасение диких лошадей,Юлия Бёме; Хердис Альбрехт,Альпина.Дети,7–12 лет,"дружба, животные, искусство, приключения, детектив","детектив, приключения",178,2,описание: обрезанная аннотация издательства; «почему рекомендуем»: шаблон ×870
https://n-e-n.ru/knigi/kniga/konni-chitaet/,Конни читает,Лиана Шнайдер,Альпина.Дети,3–7 лет,"семья, искусство, юмор",юмор,174,2,описание: обрезанная аннотация издательства; «почему рекомендуем»: шаблон ×870
https://n-e-n.ru/knigi/kniga/konrad-ili-rebenok-iz-konservnoy-banki/,"Конрад, или ребенок из консервной банки",Кристине Нёстлингер,Мелик-Пашаев,7–14 лет,"животные, история, волшебство, творчество",реалистическая проза,179,2,описание: обрезанная аннотация издательства; «почему рекомендуем»: шаблон ×669
https://n-e-n.ru/knigi/kniga/kontrolnyy-diktant-i-drevnegrecheskaya-tragediya/,Контрольный диктант и древнегреческая трагедия,Артур Гиваргизов,Мелик-Пашаев,7–10 лет,"семья, школа, животные, история, искусство",реалистическая проза,176,2,описание: обрезанная аннотация издательства; «почему рекомендуем»: шаблон ×669
https://n-e-n.ru/knigi/kniga/korabl-noya/,Корабль Ноя,Салли Альтшулер; Свен Нурдквист,Белая ворона,3–6 лет,"семья, школа, детский сад, животные, морские приключения, братья и сёстры",реалистическая проза,179,2,описание: обрезанная аннотация издательства; «почему рекомендуем»: шаблон ×870
https://n-e-n.ru/knigi/kniga/korabl-prizrak-komiks/,Корабль-призрак (комикс),Фрауке Шойнеманн,Эксмо,7–12 лет,"дружба, семья, школа, животные, мифология, детектив","сказка, детектив, приключения",178,2,описание: обрезанная аннотация издательства; «почему рекомендуем»: шаблон ×870
https://n-e-n.ru/knigi/kniga/koroleva-piratov-na-planete-skazok/,Королева пиратов на планете сказок,К. Булычев,АСТ,6–11 лет,"волшебство, приключения",фэнтези,165,2,«почему рекомендуем»: шаблон ×870; автор: имя записано по-разному в разных карточках
https://n-e-n.ru/knigi/kniga/korolevskiy-podarok/,Королевский подарок,Владимир Фербиков,Поляндрия,3–7 лет,"дружба, семья, животные, искусство, юмор","сказка, фэнтези, юмор",177,2,описание: обрезанная аннотация издательства; «почему рекомендуем»: шаблон ×669
https://n-e-n.ru/knigi/kniga/korolevstvo-kraeugolnogo-kamnya-master-krusheniy-kniga-1/,Королевство Краеугольного Камня. Мастер крушений. Книга 1,Паскаль Кивижер,Самокат,13–15 лет,"семья, животные, искусство, путешествия, морские приключения","фэнтези, приключения",177,2,описание: обрезанная аннотация издательства; «почему рекомендуем»: шаблон ×122
https://n-e-n.ru/knigi/kniga/korolevstvo-kraeugolnogo-kamnya-otvaga-kniga-4/,Королевство Краеугольного Камня. Отвага. Книга 4,Паскаль Кивижер,Самокат,13–15 лет,"животные, природа, морские приключения, отношения, волшебство, страх, смерть","фэнтези, детектив, приключения",177,2,описание: обрезанная аннотация издательства; «почему рекомендуем»: шаблон ×122
https://n-e-n.ru/knigi/kniga/korolevstvo-kraeugolnogo-kamnya-pervenitsy-maya-kniga-2/,Королевство Краеугольного Камня. Первеницы мая. Книга 2,Паскаль Кивижер,Самокат,13–15 лет,"семья, природа, искусство, приключения",приключения,179,2,описание: обрезанная аннотация издательства; «почему рекомендуем»: шаблон ×870
https://n-e-n.ru/knigi/kniga/korolevstvo-kraeugolnogo-kamnya-proschanie-kniga-3/,Королевство Краеугольного Камня. Прощание. Книга 3,Паскаль Кивижер,Самокат,13–15 лет,"семья, путешествия, приключения, братья и сёстры","фэнтези, детектив, приключения",175,2,описание: обрезанная аннотация издательства; «почему рекомендуем»: шаблон ×120
https://n-e-n.ru/knigi/kniga/korolevstvo-krivyh-zerkal/,Королевство кривых зеркал,Виталий Губарев,Стрекоза,3–12 лет,отношения,реалистическая проза,155,2,«почему рекомендуем»: шаблон ×656; «почему рекомендуем»: «о» вместо «об»
https://n-e-n.ru/knigi/kniga/kot-mendzhi-i-sekret-volshebnoy-kreposti/,Кот Мэнджи и секрет волшебной крепости,Фабьен Гролло,Эксмо,7–12 лет,"дружба, животные, природа, юмор, волшебство, смелость","сказка, фэнтези, приключения",172,2,описание: обрезанная аннотация издательства; «почему рекомендуем»: шаблон ×870
https://n-e-n.ru/knigi/kniga/kot-pryamo-s-neba/,Кот прямо с неба,Анастасия Шанская,Самокат,7–9 лет,"семья, животные, природа, юмор","сказка, юмор",177,2,описание: обрезанная аннотация издательства; «почему рекомендуем»: шаблон ×870
https://n-e-n.ru/knigi/kniga/kot-kotoryy-vse-ros-i-ros-slonenok-kotoryy-ne-hotel-rasti/,"Кот, который всё рос и рос. Слонёнок, который не хотел расти",Ганс Тракслер,Мелик-Пашаев,4–6 лет,"животные, искусство, взросление, волшебство, страх",сказка,179,2,описание: обрезанная аннотация издательства; «почему рекомендуем»: шаблон ×656
https://n-e-n.ru/knigi/kniga/kotenok-shmyak-myagkaya-oblozhka-istorii-priklyucheniy/,Котенок Шмяк (мягкая обложка). Истории приключений,Скоттон Роб,Clever,2–5 лет,"дружба, животные, природа, искусство, морские приключения",приключения,175,2,описание: обрезанная аннотация издательства; «почему рекомендуем»: шаблон ×669
https://n-e-n.ru/knigi/kniga/kotenok-shmyak-myagkaya-oblozhka-kotenok-shmyak-i-sestrenka-plyusha/,Котенок Шмяк (мягкая обложка). Котенок Шмяк и сестрёнка Плюша,Скоттон Роб,Clever,2–5 лет,"семья, животные, искусство, братья и сёстры",реалистическая проза,173,2,описание: обрезанная аннотация издательства; «почему рекомендуем»: шаблон ×656
https://n-e-n.ru/knigi/kniga/kotenok-shmyak-myagkaya-oblozhka-kotenok-shmyak-na-fabrike-morozhenogo/,Котенок Шмяк (мягкая обложка). Котенок Шмяк на фабрике мороженого,Скоттон Роб,Clever,3–7 лет,"школа, животные, природа, искусство",реалистическая проза,179,2,описание: обрезанная аннотация издательства; «почему рекомендуем»: шаблон ×870
https://n-e-n.ru/knigi/kniga/kotenok-shmyak-myagkaya-oblozhka-kotenok-shmyak-pechet-tort/,Котенок Шмяк (мягкая обложка). Котенок Шмяк печет торт,Скоттон Роб,Clever,3–7 лет,"животные, искусство",реалистическая проза,176,2,описание: обрезанная аннотация издательства; «почему рекомендуем»: шаблон ×870
https://n-e-n.ru/knigi/kniga/kotenok-shmyak-myagkaya-oblozhka-paday-snezhok/,"Котенок Шмяк (мягкая обложка). Падай, снежок!",Скоттон Роб,Clever,3–7 лет,"дружба, семья, животные, искусство, путешествия, братья и сёстры","сказка, приключения",180,2,описание: обрезанная аннотация издательства; «почему рекомендуем»: шаблон ×656
https://n-e-n.ru/knigi/kniga/kotenok-shmyak-myagkaya-oblozhka-prazdnichnye-istorii/,Котенок Шмяк (мягкая обложка). Праздничные истории,Скоттон Роб,Clever,2–5 лет,"семья, школа, животные, искусство, театр",реалистическая проза,178,2,описание: обрезанная аннотация издательства; «почему рекомендуем»: шаблон ×656
https://n-e-n.ru/knigi/kniga/kotenok-shmyak-i-syrnik-bolshaya-kniga-veselyh-istoriy/,Котенок Шмяк и Сырник. Большая книга веселых историй,Скоттон Роб,Clever,3–5 лет,"дружба, животные, космос, искусство, взросление, страх","сказка, приключения, юмор",173,2,описание: обрезанная аннотация издательства; «почему рекомендуем»: шаблон ×656
https://n-e-n.ru/knigi/kniga/kotenok-shmyak-i-syrnik-bolshaya-kniga-istoriy-o-druzhbe-5-knig-v-odnoy/,Котенок Шмяк и Сырник. Большая книга историй о дружбе. 5 книг в одной,Скоттон Роб,Clever,6–9 лет,"дружба, семья, животные, искусство, взросление, братья и сёстры, страх",юмор,172,2,описание: обрезанная аннотация издательства; «почему рекомендуем»: шаблон ×656
https://n-e-n.ru/knigi/kniga/kotenok-shmyak-i-syrnik-bolshaya-kniga-priklyucheniy-5-knig-v-odnoy/,Котенок Шмяк и Сырник. Большая книга приключений. 5 книг в одной,Скоттон Роб,Clever,6–9 лет,"дружба, животные, искусство, морские приключения, взросление, страх","сказка, приключения, юмор",179,2,описание: обрезанная аннотация издательства; «почему рекомендуем»: шаблон ×656
https://n-e-n.ru/knigi/kniga/kotenok-shmyak-i-bibliotechnaya-knizhka/,Котенок Шмяк и библиотечная книжка,Скоттон Роб,Clever,3–5 лет,"семья, школа, детский сад, животные, искусство",реалистическая проза,178,2,описание: обрезанная аннотация издательства; «почему рекомендуем»: шаблон ×870
https://n-e-n.ru/knigi/kniga/kotenok-shmyak-i-zagadochnoe-zernyshko/,Котенок Шмяк и загадочное зернышко,Брайт Пол,Clever,2–5 лет,"школа, детский сад, животные, экология, искусство, первая любовь, страх, ответственность",сказка,168,2,описание: обрезанная аннотация издательства; «почему рекомендуем»: шаблон ×669
https://n-e-n.ru/knigi/kniga/kotenok-shmyak-i-lunnyy-kot/,Котенок Шмяк и лунный кот,Скоттон Роб,Clever,3–6 лет,"семья, животные, искусство, отношения, первая любовь",реалистическая проза,180,2,описание: обрезанная аннотация издательства; «почему рекомендуем»: шаблон ×656
https://n-e-n.ru/knigi/kniga/kotenok-shmyak-i-myshki-bratishki/,Котенок Шмяк и мышки-братишки,Скоттон Роб,Clever,3–7 лет,"семья, школа, детский сад, животные, искусство, братья и сёстры","сказка, приключения, юмор",171,2,описание: обрезанная аннотация издательства; «почему рекомендуем»: шаблон ×870
https://n-e-n.ru/knigi/kniga/kotenok-shmyak-i-shustrye-tsyplyata/,Котенок Шмяк и шустрые цыплята,Скоттон Роб,Clever,3–7 лет,"дружба, семья, школа, детский сад, животные, братья и сёстры","сказка, приключения, юмор",180,2,описание: обрезанная аннотация издательства; «почему рекомендуем»: шаблон ×870
https://n-e-n.ru/knigi/kniga/kotenok-shmyak-idet-k-doktoru/,Котенок Шмяк идет к доктору,Скоттон Роб,Clever,3–5 лет,"школа, детский сад, животные, искусство",реалистическая проза,180,2,описание: обрезанная аннотация издательства; «почему рекомендуем»: шаблон ×656
https://n-e-n.ru/knigi/kniga/kotenok-shmyak-zabotlivyy-brat/,Котенок Шмяк — заботливый брат,Скоттон Роб,Clever,3–5 лет,"семья, животные, искусство, отношения, братья и сёстры, первая любовь",реалистическая проза,174,2,описание: обрезанная аннотация издательства; «почему рекомендуем»: шаблон ×870
https://n-e-n.ru/knigi/kniga/kotenok-shmyak-malenkiy-biznesmen/,Котенок Шмяк — маленький бизнесмен,Скоттон Роб,Clever,3–7 лет,"школа, детский сад, животные, искусство",реалистическая проза,172,2,описание: обрезанная аннотация издательства; «почему рекомендуем»: шаблон ×669
https://n-e-n.ru/knigi/kniga/kotenok-shmyak-malenkiy-pochtalon/,Котенок Шмяк — маленький почтальон,Скоттон Роб,Clever,3–7 лет,"школа, детский сад, животные, искусство",реалистическая проза,177,2,описание: обрезанная аннотация издательства; «почему рекомендуем»: шаблон ×669
https://n-e-n.ru/knigi/kniga/kotenok-shmyak-malenkiy-skaut/,Котенок Шмяк — маленький скаут,Скоттон Роб,Clever,3–7 лет,"школа, детский сад, животные, искусство, приключения",приключения,174,2,описание: обрезанная аннотация издательства; «почему рекомендуем»: шаблон ×870
https://n-e-n.ru/knigi/kniga/kotenok-shmyak-dobryh-snov-shmyak/,"Котенок Шмяк. Добрых снов, Шмяк!",Скоттон Роб,Clever,3–7 лет,"семья, школа, детский сад, животные, природа, страх","сказка, приключения",177,2,описание: обрезанная аннотация издательства; «почему рекомендуем»: шаблон ×656
https://n-e-n.ru/knigi/kniga/kotenok-shmyak-istorii-priklyucheniy/,Котенок Шмяк. Истории приключений,Скоттон Роб,Clever,2–5 лет,"дружба, животные, природа, искусство, морские приключения",приключения,175,2,описание: обрезанная аннотация издательства; «почему рекомендуем»: шаблон ×656
https://n-e-n.ru/knigi/kniga/kotenok-shmyak-kotenok-shmyak-i-sestrenka-plyusha/,Котенок Шмяк. Котенок Шмяк и сестрёнка Плюша,Скоттон Роб,Clever,2–5 лет,"семья, животные, искусство, взросление, юмор, братья и сёстры","сказка, приключения, юмор",180,2,описание: обрезанная аннотация издательства; «почему рекомендуем»: шаблон ×870
https://n-e-n.ru/knigi/kniga/kotenok-shmyak-kotenok-shmyak-na-fabrike-morozhenogo/,Котенок Шмяк. Котенок Шмяк на фабрике мороженого,Скоттон Роб,Clever,3–7 лет,"школа, животные, природа, искусство",реалистическая проза,179,2,описание: обрезанная аннотация издательства; «почему рекомендуем»: шаблон ×656
https://n-e-n.ru/knigi/kniga/kotenok-shmyak-kotenok-shmyak-klassnye-istorii/,Котенок Шмяк. Котенок Шмяк. Классные истории,Скоттон Роб,Clever,2–5 лет,"школа, животные, искусство",реалистическая проза,174,2,описание: обрезанная аннотация издательства; «почему рекомендуем»: шаблон ×669
https://n-e-n.ru/knigi/kniga/kotenok-shmyak-kotenok-shmyak-mechtatelnye-istorii/,Котенок Шмяк. Котенок Шмяк. Мечтательные истории,Скоттон Роб,Clever,2–5 лет,"животные, искусство, отношения, эмоции",детектив,178,2,описание: обрезанная аннотация издательства; «почему рекомендуем»: шаблон ×870
https://n-e-n.ru/knigi/kniga/kotenok-shmyak-kotenok-shmyak-uyutnye-istorii/,Котенок Шмяк. Котенок Шмяк. Уютные истории,Скоттон Роб,Clever,2–5 лет,"животные, искусство",реалистическая проза,178,2,описание: обрезанная аннотация издательства; «почему рекомендуем»: шаблон ×669
https://n-e-n.ru/knigi/kniga/kotenok-shmyak-kotenok-shmyak-poy-ne-boysya/,"Котенок Шмяк. Котёнок Шмяк, пой, не бойся!",Скоттон Роб,Clever,3–7 лет,"семья, школа, животные, искусство, самооценка, страх",реалистическая проза,176,2,описание: обрезанная аннотация издательства; «почему рекомендуем»: шаблон ×870
https://n-e-n.ru/knigi/kniga/kotenok-shmyak-mamin-pomoschnik/,Котенок Шмяк. Мамин помощник,Скоттон Роб,Clever,3–5 лет,"семья, школа, детский сад, животные, экология","сказка, юмор, семейная история",173,2,описание: обрезанная аннотация издательства; «почему рекомендуем»: шаблон ×656
https://n-e-n.ru/knigi/kniga/kotenok-shmyak-prazdnichnye-istorii/,Котенок Шмяк. Праздничные истории,Скоттон Роб,Clever,2–17 лет,"дружба, семья, школа, животные, история","приключения, юмор",179,2,описание: обрезанная аннотация издательства; «почему рекомендуем»: шаблон ×870
https://n-e-n.ru/knigi/kniga/kotenok-shmyak-spokoynoy-nochi-shmyak/,"Котенок Шмяк. Спокойной ночи, Шмяк!",Скоттон Роб,Clever,3–7 лет,"семья, животные, искусство, приключения",приключения,173,2,описание: обрезанная аннотация издательства; «почему рекомендуем»: шаблон ×669
https://n-e-n.ru/knigi/kniga/kotenok-shmyak-shkolnyy-spektakl/,Котенок Шмяк. Школьный спектакль,Скоттон Роб,Clever,3–5 лет,"школа, детский сад, животные, искусство, театр, ответственность",реалистическая проза,174,2,описание: обрезанная аннотация издательства; «почему рекомендуем»: шаблон ×669
https://n-e-n.ru/knigi/kniga/kotenok-shmyak-shmyak-i-bolshoy-sekret/,Котенок Шмяк. Шмяк и большой секрет,Скоттон Роб,Clever,3–5 лет,"семья, школа, детский сад, животные, искусство, братья и сёстры",детектив,168,2,описание: обрезанная аннотация издательства; «почему рекомендуем»: шаблон ×870
https://n-e-n.ru/knigi/kniga/kotenok-shmyak-shmyak-i-letnie-kanikuly/,Котенок Шмяк. Шмяк и летние каникулы,Скоттон Роб,Clever,3–7 лет,"семья, школа, детский сад, животные, космос","научная фантастика, приключения",179,2,описание: обрезанная аннотация издательства; «почему рекомендуем»: шаблон ×656
https://n-e-n.ru/knigi/kniga/koty-na-elke/,Коты на ёлке,Наталия Волкова,Самокат,4–6 лет,"животные, космос, искусство, фантастика",поэзия,174,2,описание: обрезанная аннотация издательства; «почему рекомендуем»: шаблон ×669
https://n-e-n.ru/knigi/kniga/kotenok-shmyak-v-parke-attraktsionov/,Котёнок Шмяк в парке аттракционов,Скоттон Роб,Clever,3–7 лет,"дружба, школа, детский сад, животные, искусство",реалистическая проза,180,2,описание: обрезанная аннотация издательства; «почему рекомендуем»: шаблон ×669
https://n-e-n.ru/knigi/kniga/kotenok-shmyak-i-syrnik-druzya-navek/,Котёнок Шмяк и Сырник — друзья навек,Скоттон Роб,Clever,3–7 лет,"дружба, школа, детский сад, животные, искусство",реалистическая проза,175,2,описание: обрезанная аннотация издательства; «почему рекомендуем»: шаблон ×656
https://n-e-n.ru/knigi/kniga/kotenok-shmyak-i-morskie-istorii/,Котёнок Шмяк и морские истории,Скоттон Роб,Clever,3–7 лет,"дружба, семья, школа, детский сад, животные","сказка, приключения, юмор",180,2,описание: обрезанная аннотация издательства; «почему рекомендуем»: шаблон ×669
https://n-e-n.ru/knigi/kniga/kotenok-shmyak-i-utenok-kotoryy-ne-kryakal/,"Котёнок Шмяк и утёнок, который не крякал",Скоттон Роб,Clever,3–7 лет,"школа, детский сад, животные, искусство, путешествия, эмоции","приключения, юмор",178,2,описание: обрезанная аннотация издательства; «почему рекомендуем»: шаблон ×669
https://n-e-n.ru/knigi/kniga/kotenok-shmyak-na-fabrike-morozhenogo/,Котёнок Шмяк на фабрике мороженого,Скоттон Роб,Clever,3–7 лет,"дружба, школа, детский сад, животные, природа, творчество","сказка, приключения, юмор",180,2,описание: обрезанная аннотация издательства; «почему рекомендуем»: шаблон ×669
https://n-e-n.ru/knigi/kniga/kotenok-shmyak-pechet-tort/,Котёнок Шмяк печет торт,Скоттон Роб,Clever,3–7 лет,"дружба, школа, детский сад, животные, искусство","сказка, приключения, юмор",176,2,описание: обрезанная аннотация издательства; «почему рекомендуем»: шаблон ×870
https://n-e-n.ru/knigi/kniga/kotenok-shmyak-rok-zvezda/,Котёнок Шмяк рок-звезда,Скоттон Роб,Clever,3–7 лет,"дружба, школа, детский сад, животные, космос",юмор,173,2,описание: обрезанная аннотация издательства; «почему рекомендуем»: шаблон ×669
https://n-e-n.ru/knigi/kniga/kotenok-shmyak-prezident/,Котёнок Шмяк — президент,Скоттон Роб,Clever,3–5 лет,"школа, детский сад, животные, искусство",реалистическая проза,175,2,описание: обрезанная аннотация издательства; «почему рекомендуем»: шаблон ×669
https://n-e-n.ru/knigi/kniga/kotenok-shmyak-davay-igrat/,Котёнок Шмяк. Давай играть!,Скоттон Роб,Clever,3–7 лет,"дружба, семья, школа, детский сад, животные, братья и сёстры","сказка, приключения, юмор",180,2,описание: обрезанная аннотация издательства; «почему рекомендуем»: шаблон ×669
https://n-e-n.ru/knigi/kniga/kotenok-shmyak-kak-poradovat-papu/,Котёнок Шмяк. Как порадовать папу,Скоттон Роб,Clever,3–7 лет,"дружба, семья, школа, детский сад, животные",юмор,168,2,описание: обрезанная аннотация издательства; «почему рекомендуем»: шаблон ×669
https://n-e-n.ru/knigi/kniga/kotenok-shmyak-paday-snezhok/,"Котёнок Шмяк. Падай, снежок!",Скоттон Роб,Clever,3–7 лет,"семья, школа, детский сад, животные, искусство","сказка, приключения, юмор",179,2,описание: обрезанная аннотация издательства; «почему рекомендуем»: шаблон ×656
https://n-e-n.ru/knigi/kniga/kotenok-shmyak-dozhdik-dozhdik-perestan/,"Котёнок Шмяк: Дождик, дождик, перестань!",Скоттон Роб,Clever,3–7 лет,"дружба, школа, детский сад, животные, искусство",приключения,175,2,описание: обрезанная аннотация издательства; «почему рекомендуем»: шаблон ×656
https://n-e-n.ru/knigi/kniga/kofe-bez-moloka/,Кофе без молока,Андреа Феррари,КомпасГид,10–15 лет,"животные, искусство, отношения, юмор, приключения, первая любовь","детектив, приключения, юмор",171,2,описание: обрезанная аннотация издательства; «почему рекомендуем»: шаблон ×122
https://n-e-n.ru/knigi/kniga/koshka-po-imeni-myshka/,Кошка по имени Мышка,Андрей Сен-Сеньков,Izdatelʹskiĭ dom Perekhod,6–11 лет,животные,реалистическая проза,148,2,«почему рекомендуем»: шаблон ×669; нет поля: число страниц
https://n-e-n.ru/knigi/kniga/krab-s-zolotymi-kleshnyami/,Краб с золотыми клешнями,Эрже,Мелик-Пашаев,7–14 лет,"животные, морские приключения, волшебство",детектив,180,2,описание: обрезанная аннотация издательства; «почему рекомендуем»: шаблон ×656
https://n-e-n.ru/knigi/kniga/kradenyy-gorod/,Краденый город,Юлия Яковлева,Самокат,13–15 лет,"семья, животные, музыка, взросление, приключения, братья и сёстры, война",сказка,175,2,описание: обрезанная аннотация издательства; «почему рекомендуем»: шаблон ×120
https://n-e-n.ru/knigi/kniga/krasnaya-boroda/,Красная Борода,Юрий Коваль,Мелик-Пашаев,4–6 лет,"юмор, волшебство","сказка, юмор, поэзия",177,2,описание: обрезанная аннотация издательства; «почему рекомендуем»: шаблон ×870
https://n-e-n.ru/knigi/kniga/krasnaya-karma/,Красная карма,Эдди Симон,КомпасГид,16–17 лет,"искусство, творчество, детектив","научная фантастика, детектив",176,2,описание: обрезанная аннотация издательства; «почему рекомендуем»: шаблон ×870
https://n-e-n.ru/knigi/kniga/krokodil-gena-i-ego-druzya/,Крокодил Гена и его друзья,Эдуард Успенский,АСТ,5–9 лет,"дружба, животные, семья","сказка, юмор",92,2,«почему рекомендуем»: шаблон ×656; автор: имя записано по-разному в разных карточках
https://n-e-n.ru/knigi/kniga/krokodilovy-slezy/,Крокодиловы слёзы,Де Лаиглесия Хуан Антонио,Мелик-Пашаев,4–10 лет,"природа, волшебство",сказка,175,2,описание: обрезанная аннотация издательства; «почему рекомендуем»: шаблон ×656
https://n-e-n.ru/knigi/kniga/krolik-piter-hvostpomponom-medved-tom-naprolom/,Кролик Питер Хвостпомпоном. Медведь Том Напролом,Бёрджесс У. Торнтон,Мелик-Пашаев,4–10 лет,"школа, животные, волшебство",реалистическая проза,171,2,описание: обрезанная аннотация издательства; «почему рекомендуем»: шаблон ×870
https://n-e-n.ru/knigi/kniga/krolik-i-vesnushka/,Кролик и Веснушка,Кo Окада,Поляндрия,3–7 лет,"дружба, семья, животные, искусство, братья и сёстры",семейная история,176,2,описание: обрезанная аннотация издательства; «почему рекомендуем»: шаблон ×669
https://n-e-n.ru/knigi/kniga/krugom-mashiny/,Кругом машины,Стефан Лор,Мелик-Пашаев,2–6 лет,"животные, спорт, морские приключения, волшебство",реалистическая проза,178,2,описание: обрезанная аннотация издательства; «почему рекомендуем»: шаблон ×870
https://n-e-n.ru/knigi/kniga/krupnaya-kost-zefirnyy-zhora/,Крупная кость/Зефирный Жора,Елена Соковенина; Тоня Шипулина,Самокат,13–15 лет,"животные, отношения, юмор",юмор,180,2,описание: обрезанная аннотация издательства; «почему рекомендуем»: шаблон ×122
https://n-e-n.ru/knigi/kniga/krylatye-sandalii/,Крылатые сандалии,Мария Папаянни,Самокат,13–15 лет,"семья, животные, история, музыка, смерть, война","сказка, детектив, поэзия",179,2,описание: обрезанная аннотация издательства; «почему рекомендуем»: шаблон ×120
https://n-e-n.ru/knigi/kniga/kto-u-nas-takoy-horoshiy/,Кто у нас такой хороший?,Екатерина Мурашова; Станислав Востоков; Юлия Говорова; Наталия Волкова; Ирина Лукьянова,Самокат,7–9 лет,"животные, волшебство","сказка, фэнтези",177,2,описание: обрезанная аннотация издательства; «почему рекомендуем»: шаблон ×870
https://n-e-n.ru/knigi/kniga/kto-ubil-snezhka/,Кто убил Снежка?,Петра Соукупова,Самокат,10–12 лет,"дружба, школа, животные, природа, путешествия, детектив",детектив,178,2,описание: обрезанная аннотация издательства; «почему рекомендуем»: шаблон ×120
https://n-e-n.ru/knigi/kniga/kuda-podevalis-volshebniki/,Куда подевались волшебники?,Ася Кравченко,Самокат,7–9 лет,"школа, животные, природа, волшебство","сказка, фэнтези",178,2,описание: обрезанная аннотация издательства; «почему рекомендуем»: шаблон ×870
https://n-e-n.ru/knigi/kniga/kuda-uhodit-kumutkan-brat-moy-bzou-sbornik/,Куда уходит кумуткан. Брат мой Бзоу (сборник),Евгений Рудашевский,КомпасГид,10–17 лет,"дружба, семья, школа, животные, природа, братья и сёстры, эмоции, война",реалистическая проза,179,2,описание: обрезанная аннотация издательства; «почему рекомендуем»: шаблон ×870
https://n-e-n.ru/knigi/kniga/kum-korolyu/,Кум Королю,Станислав Востоков; Вера Цепилова,Белая ворона,9–13 лет,"школа, животные, природа, искусство",реалистическая проза,179,2,описание: обрезанная аннотация издательства; «почему рекомендуем»: шаблон ×669
https://n-e-n.ru/knigi/kniga/kurochka-ryaba-skazka-panoramka/,Курочка Ряба. Сказка-панорамка,Ушинский Константин,Clever,3–5 лет,"семья, искусство, театр, взросление, волшебство","сказка, фэнтези",179,2,описание: обрезанная аннотация издательства; «почему рекомендуем»: шаблон ×669
https://n-e-n.ru/knigi/kniga/kurs-urokov-volshebstva-dlya-obychnogo-kota/,Курс уроков волшебства для обычного кота,Паоло Косси,Поляндрия,3–7 лет,"школа, животные, искусство, отношения, волшебство, первая любовь",фэнтези,168,2,описание: обрезанная аннотация издательства; «почему рекомендуем»: шаблон ×870
https://n-e-n.ru/knigi/kniga/kelpurniya-graficheskiy-roman/,Кэлпурния. Графический роман,Жаклин Келли; Дафне Коллиньон,Самокат,7–9 лет,"семья, животные, природа, искусство, братья и сёстры",реалистическая проза,174,2,описание: обрезанная аннотация издательства; «почему рекомендуем»: шаблон ×669
https://n-e-n.ru/knigi/kniga/lapy-dobra-i-kogti-zla/,Лапы добра и когти зла,Мария Павенко,Эксмо,7–12 лет,"дружба, семья, школа, животные, путешествия, братья и сёстры, смелость",приключения,174,2,описание: обрезанная аннотация издательства; «почему рекомендуем»: шаблон ×669
https://n-e-n.ru/knigi/kniga/lev-petrushka-i-ego-druzya/,Лев Петрушка и его друзья,Майкл Бонд,АСТ,1–10 лет,"дружба, животные, природа, юмор, приключения","приключения, юмор",173,2,описание: обрезанная аннотация издательства; «почему рекомендуем»: шаблон ×669
https://n-e-n.ru/knigi/kniga/lev-v-biblioteke/,Лев в библиотеке,Мишель Кнудсен,Поляндрия,3–7 лет,"животные, искусство",сказка,178,2,описание: обрезанная аннотация издательства; «почему рекомендуем»: шаблон ×669
https://n-e-n.ru/knigi/kniga/lev-koldunya-i-platyanoy-shkaf/,"Лев, колдунья и платяной шкаф",Клайв Стейплз Льюис,Эксмо,8–13 лет,"семья, волшебство, приключения","фэнтези, приключения",101,2,«почему рекомендуем»: шаблон ×656; автор: имя записано по-разному в разных карточках
https://n-e-n.ru/knigi/kniga/legenda-o-salli-dzhons/,Легенда о Салли Джонс,Якоб Вегелиус,Белая ворона,9–13 лет,"дружба, школа, мифология, путешествия, морские приключения",сказка,176,2,описание: обрезанная аннотация издательства; «почему рекомендуем»: шаблон ×669
https://n-e-n.ru/knigi/kniga/legendy-o-drakonah/,Легенды о драконах,Патрик Жезекель,Эксмо,7–12 лет,"природа, мифология, волшебство","сказка, фэнтези, научная фантастика",174,2,описание: обрезанная аннотация издательства; «почему рекомендуем»: шаблон ×656
https://n-e-n.ru/knigi/kniga/ledentsovaya-banda-ischet-priklyucheniy/,Леденцовая банда ищет приключений,Шарлотта Инден; Сюзанна Гёлих,Альпина.Дети,5–9 лет,"животные, искусство, морские приключения, взросление, приключения, страх, детектив",приключения,179,2,описание: обрезанная аннотация издательства; «почему рекомендуем»: шаблон ×870
https://n-e-n.ru/knigi/kniga/ledentsovaya-banda-lovit-vora/,Леденцовая банда ловит вора,Шарлотта Инден; Сюзанна Гёлих,Альпина.Дети,5–9 лет,"семья, животные, мифология, искусство, юмор, братья и сёстры","сказка, приключения, юмор",179,2,описание: обрезанная аннотация издательства; «почему рекомендуем»: шаблон ×669
https://n-e-n.ru/knigi/kniga/ledentsovaya-banda-ukroschaet-drakona/,Леденцовая банда укрощает дракона,Шарлотта Инден; Сюзанна Гёлих,Альпина.Дети,5–9 лет,"животные, искусство, спорт, морские приключения, юмор, страх","приключения, юмор",178,2,описание: обрезанная аннотация издательства; «почему рекомендуем»: шаблон ×870
https://n-e-n.ru/knigi/kniga/ledi-detektiv-mod-uest-zagadochnoe-delo-lorda-kreygberi/,Леди-детектив Мод Уэст. Загадочное дело лорда Крейгбери,Финч Макс,Clever,12–14 лет,"дружба, школа, животные, искусство, взросление, детектив","детектив, приключения",177,2,описание: обрезанная аннотация издательства; «почему рекомендуем»: шаблон ×122
https://n-e-n.ru/knigi/kniga/leningradskie-skazki/,Ленинградские сказки,Юлия Яковлева,Самокат,7–12 лет,семья,семейная история,144,2,«почему рекомендуем»: шаблон ×669; нет поля: число страниц
https://n-e-n.ru/knigi/kniga/leon-rychit/,Леон рычит,Риске Лемменс,Поляндрия,3–7 лет,"семья, школа, искусство, приключения, страх",реалистическая проза,180,2,описание: обрезанная аннотация издательства; «почему рекомендуем»: шаблон ×656
https://n-e-n.ru/knigi/kniga/leopard-za-steklom/,Леопард за стеклом,Алки Зеи,Самокат,13–15 лет,"семья, животные, история, морские приключения, взросление, братья и сёстры",сказка,175,2,описание: обрезанная аннотация издательства; «почему рекомендуем»: шаблон ×122
https://n-e-n.ru/knigi/kniga/lesnoy-kvest/,Лесной квест,Бьёрн Рёрвик,Самокат,7–9 лет,"дружба, животные, природа",сказка,169,2,описание: обрезанная аннотация издательства; «почему рекомендуем»: шаблон ×870
https://n-e-n.ru/knigi/kniga/lesnoy-kolobok/,Лесной колобок,Виталий Бянки,ОЛМА,6–11 лет,животные,реалистическая проза,138,2,«почему рекомендуем»: шаблон ×870; нет поля: число страниц
https://n-e-n.ru/knigi/kniga/lesnoy-perepoloh/,Лесной переполох,Е. Н. Агинская,Rusich,7–12 лет,природа,сказка,39,2,«почему рекомендуем»: шаблон ×870; нет поля: число страниц
https://n-e-n.ru/knigi/kniga/lesnye-detenyshi/,Лесные детёныши,Виталий Бянки,Стрекоза,6–11 лет,животные,реалистическая проза,29,2,«почему рекомендуем»: шаблон ×656; нет поля: число страниц
https://n-e-n.ru/knigi/kniga/lesnye-skazki-myshka-myshka-ne-grusti/,"Лесные сказки. Мышка, Мышка, не грусти!",Маурик ван Рон,Clever,3–5 лет,"дружба, животные, природа, искусство, юмор, эмоции","сказка, юмор",176,2,описание: обрезанная аннотация издательства; «почему рекомендуем»: шаблон ×669
https://n-e-n.ru/knigi/kniga/lesnye-skazki-ty-moe-sokrovische/,Лесные сказки. Ты мое сокровище,Маурик ван Рон,Clever,3–5 лет,"дружба, природа, искусство, театр, путешествия, эмоции",сказка,166,2,описание: обрезанная аннотация издательства; «почему рекомендуем»: шаблон ×656
https://n-e-n.ru/knigi/kniga/letnee-priklyuchenie-v-lukomore/,Летнее приключение в Лукоморье,Попова Галина,Clever,6–8 лет,"дружба, семья, школа, животные, природа, инклюзия, смелость","сказка, детектив, приключения",177,2,описание: обрезанная аннотация издательства; «почему рекомендуем»: шаблон ×669
https://n-e-n.ru/knigi/kniga/letniy-den-s-druzyami/,Летний день с друзьями,Филип Вехтер,Мелик-Пашаев,3–6 лет,"дружба, животные",реалистическая проза,180,2,описание: обрезанная аннотация издательства; «почему рекомендуем»: шаблон ×870
https://n-e-n.ru/knigi/kniga/letniy-domik/,Летний домик,Сесилие Треймо,КомпасГид,13–17 лет,"животные, взросление, эмоции","детектив, семейная история",170,2,описание: обрезанная аннотация издательства; «почему рекомендуем»: шаблон ×870
https://n-e-n.ru/knigi/kniga/leto-v-mihaluvke-i-v-vilgelmuvke/,Лето в Михалувке и в Вильгельмувке,Януш Корчак,Самокат,10–12 лет,"семья, школа, животные, природа, история, братья и сёстры, война",сказка,175,2,описание: обрезанная аннотация издательства; «почему рекомендуем»: шаблон ×120
https://n-e-n.ru/knigi/kniga/leto-v-lesu/,Лето в лесу,Ульф Старк,Самокат,4–6 лет,"животные, природа",сказка,179,2,описание: обрезанная аннотация издательства; «почему рекомендуем»: шаблон ×37
https://n-e-n.ru/knigi/kniga/leto-mishki-bruno/,Лето мишки Бруно,Гунилла Ингвес,Мелик-Пашаев,2–6 лет,"семья, животные, природа, волшебство, приключения, братья и сёстры",приключения,176,2,описание: обрезанная аннотация издательства; «почему рекомендуем»: шаблон ×669
https://n-e-n.ru/knigi/kniga/lidochka/,Лидочка,Лера Хаус,Альпина.Дети,5–9 лет,"школа, животные, история, искусство, приключения, война",приключения,178,2,описание: обрезанная аннотация издательства; «почему рекомендуем»: шаблон ×870
https://n-e-n.ru/knigi/kniga/lindberg-neveroyatnye-priklyucheniya-letayuschego-myshonka/,Линдберг. Невероятные приключения летающего мышонка,Торбен Кульманн,Поляндрия,3–7 лет,"дружба, животные, природа, искусство, морские приключения",приключения,177,2,описание: обрезанная аннотация издательства; «почему рекомендуем»: шаблон ×669
https://n-e-n.ru/knigi/kniga/lis-i-zayka/,Лис и Зайка,Хейде Сильвия Ванден,Самокат,7–9 лет,"животные, природа, юмор, приключения","сказка, приключения, юмор",179,2,описание: обрезанная аннотация издательства; «почему рекомендуем»: шаблон ×669
https://n-e-n.ru/knigi/kniga/lis-i-zayka-na-ostrove/,Лис и Зайка на острове,Хейде Сильвия Ванден,Самокат,7–9 лет,"природа, морские приключения",сказка,175,2,описание: обрезанная аннотация издательства; «почему рекомендуем»: шаблон ×870
https://n-e-n.ru/knigi/kniga/lisenok-lyuter-i-vesenniy-sad/,Лисёнок Лютер и весенний сад,Джулия Роулинсон,Самокат,4–6 лет,"дружба, животные, природа, искусство",сказка,179,2,описание: обрезанная аннотация издательства; «почему рекомендуем»: шаблон ×669
https://n-e-n.ru/knigi/kniga/lisenok-lyuter-i-letnee-predstavlenie/,Лисёнок Лютер и летнее представление,Джулия Роулинсон,Самокат,4–6 лет,"дружба, животные, природа, искусство, творчество",сказка,174,2,описание: обрезанная аннотация издательства; «почему рекомендуем»: шаблон ×656
https://n-e-n.ru/knigi/kniga/lichnoe-delo-saveliya-puzikova/,Личное дело Савелия Пузикова,Анна Зенькова,КомпасГид,7–12 лет,"семья, школа, животные, взросление, юмор","приключения, юмор",170,2,описание: обрезанная аннотация издательства; «почему рекомендуем»: шаблон ×669
https://n-e-n.ru/knigi/kniga/lovtsy-monstrov-prizrak-mrachnogo-doma/,Ловцы монстров. Призрак Мрачного дома,Риччи Алессандро,Clever,8–10 лет,"дружба, животные, искусство, взросление, юмор, эмоции, смелость, детектив","сказка, фэнтези, детектив",177,2,описание: обрезанная аннотация издательства; «почему рекомендуем»: шаблон ×669
https://n-e-n.ru/knigi/kniga/lozhechnik/,Ложечник,Марьолейн Хоф,Самокат,13–15 лет,"школа, животные, природа, приключения",приключения,180,2,описание: обрезанная аннотация издательства; «почему рекомендуем»: шаблон ×120
https://n-e-n.ru/knigi/kniga/loshadinyy-ostrov/,Лошадиный остров,Эйлис Диллон,Мелик-Пашаев,7–14 лет,"животные, природа, морские приключения, волшебство",реалистическая проза,171,2,описание: обрезанная аннотация издательства; «почему рекомендуем»: шаблон ×656
https://n-e-n.ru/knigi/kniga/lu-vsehnaverh-kniga-i-bezbiletnyy-passazhir/,Лу Всехнаверх. Книга I. Безбилетный пассажир,Франсуа Плас,КомпасГид,4–9 лет,"животные, космос, искусство, путешествия, морские приключения, эмоции, творчество","сказка, приключения, юмор",177,2,описание: обрезанная аннотация издательства; «почему рекомендуем»: шаблон ×656
https://n-e-n.ru/knigi/kniga/lu-kristalnoe-vremya/,Лу! Кристальное время,Жюльен Нель,Самокат,10–12 лет,"семья, природа, космос, история, взросление, эмоции",реалистическая проза,177,2,описание: обрезанная аннотация издательства; «почему рекомендуем»: шаблон ×122
https://n-e-n.ru/knigi/kniga/lu-tosklivil/,Лу! Тоскливиль,Жюльен Нель,Самокат,7–9 лет,"дружба, семья, школа, животные, природа, первая любовь, эмоции, творчество","детектив, юмор",171,2,описание: обрезанная аннотация издательства; «почему рекомендуем»: шаблон ×669
https://n-e-n.ru/knigi/kniga/lui-paster-uchenyy-detektiv/,Луи Пастер. Ученый-детектив,Флоранс Пино,Белая ворона,12–17 лет,"школа, животные, изобретения, приключения, детектив","детектив, приключения",177,2,описание: обрезанная аннотация издательства; «почему рекомендуем»: шаблон ×122
https://n-e-n.ru/knigi/kniga/lui-sredi-prizrakov/,Луи среди призраков,Изабель Арсено; Фанни Бритт,Белая ворона,12–17 лет,"семья, школа, взросление, отношения, эмоции",реалистическая проза,175,2,описание: обрезанная аннотация издательства; «почему рекомендуем»: шаблон ×122
https://n-e-n.ru/knigi/kniga/luntik-vozvraschenie-domoy/,Лунтик. Возвращение домой,Пронкевич А.А.,Эксмо,3–6 лет,"дружба, семья, животные, путешествия, юмор, братья и сёстры","сказка, приключения, юмор",180,2,описание: обрезанная аннотация издательства; «почему рекомендуем»: шаблон ×870
https://n-e-n.ru/knigi/kniga/luchshe-leti-proekt-19/,Лучше лети. Проект №19,Ася Кравченко,Самокат,7–9 лет,"семья, животные, природа, театр, путешествия",сказка,176,2,описание: обрезанная аннотация издательства; «почему рекомендуем»: шаблон ×870
https://n-e-n.ru/knigi/kniga/luchshie-druzya-i-puteshestvie-po-reke/,Лучшие друзья и путешествие по реке,Вероника Медведева,Эксмо,7–12 лет,"дружба, семья, животные, природа, путешествия","сказка, фэнтези",178,2,описание: обрезанная аннотация издательства; «почему рекомендуем»: шаблон ×656
https://n-e-n.ru/knigi/kniga/lyubimye-skazki-i-skazochnye-istorii/,Любимые сказки и сказочные истории,Григорий Остер,АСТ,6–11 лет,животные,сказка,145,2,«почему рекомендуем»: шаблон ×669; нет поля: число страниц
https://n-e-n.ru/knigi/kniga/lyubimye-skazki-bolshaya-kniga-skazok/,Любимые сказки. Большая книга сказок,"Коллектив авторов, Эммерсон-Хикс Дженис",Clever,6–9 лет,"дружба, семья, школа, животные, искусство, братья и сёстры, смелость","сказка, фэнтези",175,2,описание: обрезанная аннотация издательства; «почему рекомендуем»: шаблон ×669
https://n-e-n.ru/knigi/kniga/lyubimye-skazki-glavnye-skazki-malysha/,Любимые сказки. Главные сказки малыша,Ушинский Константин,Clever,2–5 лет,"дружба, животные, искусство, смелость",сказка,179,2,описание: обрезанная аннотация издательства; «почему рекомендуем»: шаблон ×669
https://n-e-n.ru/knigi/kniga/lyubimye-skazki-kurochka-ryaba-skazka-igra/,Любимые сказки. Курочка Ряба. Сказка-игра,Ушинский Константин,Clever,3–5 лет,искусство,сказка,171,2,описание: обрезанная аннотация издательства; «почему рекомендуем»: шаблон ×870
https://n-e-n.ru/knigi/kniga/lyubov-v-strane-uayledu-sezon-1/,Любовь в стране Уайледу. Сезон 1,Светлана Лаврова,Самокат,13–15 лет,"животные, природа, история, мифология, взросление, эмоции, динозавры",сказка,176,2,описание: обрезанная аннотация издательства; «почему рекомендуем»: шаблон ×870
https://n-e-n.ru/knigi/kniga/mrny-pochti-pravdivaya-istoriya/,МРНЫ. Почти правдивая история,Дина Крупская,Самокат,7–9 лет,"животные, приключения",приключения,179,2,описание: обрезанная аннотация издательства; «почему рекомендуем»: шаблон ×656
https://n-e-n.ru/knigi/kniga/maksi-pes-fik-priklyucheniya-prodolzhayutsya/,Макси-пёс Фик. Приключения продолжаются,Рудольф Чехура; Иржи Шаламоун,Белая ворона,6–10 лет,"школа, животные, морские приключения, волшебство, приключения",приключения,177,2,описание: обрезанная аннотация издательства; «почему рекомендуем»: шаблон ×656
https://n-e-n.ru/knigi/kniga/malenkaya-baba-yaga-malenkiy-vodyanoy-malenkoe-prividenie/,Маленькая Баба-Яга. Маленький Водяной. Маленькое Привидение,Отфрид Пройслер,Эксмо,7–12 лет,"животные, природа, юмор","сказка, юмор",174,2,описание: обрезанная аннотация издательства; «почему рекомендуем»: шаблон ×870
https://n-e-n.ru/knigi/kniga/malenkaya-vsemirnaya-istoriya/,Маленькая всемирная история,Эрнст Гомбрих,Альпина.Дети,9–16 лет,"животные, наука, искусство",реалистическая проза,172,2,описание: обрезанная аннотация издательства; «почему рекомендуем»: шаблон ×870
https://n-e-n.ru/knigi/kniga/malenkaya-zlaya-kniga-8/,Маленькая злая книга 8,Магнус Мист,Эксмо,7–11 лет,"дружба, семья, школа, животные, взросление","фэнтези, научная фантастика, приключения",174,2,описание: обрезанная аннотация издательства; «почему рекомендуем»: шаблон ×656
https://n-e-n.ru/knigi/kniga/malenkaya-povest-o-lyubvi/,Маленькая повесть о любви,Ульф Старк,Белая ворона,9–13 лет,"семья, школа, животные",реалистическая проза,180,2,описание: обрезанная аннотация издательства; «почему рекомендуем»: шаблон ×669
https://n-e-n.ru/knigi/kniga/malenkie-rasskazy-pro-malenkogo-pita/,Маленькие рассказы про маленького Пита,Лейла Берг,Мелик-Пашаев,4–6 лет,"взросление, волшебство",реалистическая проза,176,2,описание: обрезанная аннотация издательства; «почему рекомендуем»: шаблон ×656
https://n-e-n.ru/knigi/kniga/malenkiy-kozlenok-i-bolshoy-nestrashnyy-volk/,Маленький Козлёнок и большой нестрашный Волк,Бернар Фрио,Мелик-Пашаев,2–6 лет,"природа, искусство, волшебство",сказка,180,2,описание: обрезанная аннотация издательства; «почему рекомендуем»: шаблон ×656
https://n-e-n.ru/knigi/kniga/malenkiy-stark/,Маленький Старк,Ульф Старк,Белая ворона,6–10 лет,"семья, школа, морские приключения, взросление, отношения, братья и сёстры",реалистическая проза,172,2,описание: обрезанная аннотация издательства; «почему рекомендуем»: шаблон ×669
https://n-e-n.ru/knigi/kniga/malenkiy-domik-v-bolshih-lesah/,Маленький домик в Больших Лесах,Инглз Уайлдер Лора,Мелик-Пашаев,4–14 лет,"семья, природа, волшебство",реалистическая проза,178,2,описание: обрезанная аннотация издательства; «почему рекомендуем»: шаблон ×26
https://n-e-n.ru/knigi/kniga/malenkiy-domik-v-prerii/,Маленький домик в прерии,Инглз Уайлдер Лора,Мелик-Пашаев,4–14 лет,"семья, природа, волшебство, братья и сёстры",реалистическая проза,180,2,описание: обрезанная аннотация издательства; «почему рекомендуем»: шаблон ×37
https://n-e-n.ru/knigi/kniga/malenkiy-krasnyy-traktor-i-ego-druzya/,Маленький красный Трактор и его друзья,Михаэль Энглер,Эксмо,3–6 лет,"дружба, школа, животные, природа, юмор, страх, ответственность, смелость, доброта","детектив, приключения, юмор",177,2,описание: обрезанная аннотация издательства; «почему рекомендуем»: шаблон ×870
https://n-e-n.ru/knigi/kniga/malenkiy-krasnyy-traktor-uyutnye-istorii-na-ves-god/,Маленький красный Трактор. Уютные истории на весь год,Натали Квинтарт,Эксмо,3–6 лет,"дружба, школа, животные, природа, путешествия, ответственность","сказка, приключения, юмор",179,2,описание: обрезанная аннотация издательства; «почему рекомендуем»: шаблон ×870
https://n-e-n.ru/knigi/kniga/malenkiy-prints-sent-ekzyuperi/,Маленький принц,Антуан де Сент-Экзюпери,АСТ,9–16 лет,"дружба, отношения, путешествия",сказка,107,2,«почему рекомендуем»: шаблон ×669; название повторяется ×2 — проверить дубль
https://n-e-n.ru/knigi/kniga/malenkiy-prints-ris-avtora-v-superoblozhke/,Маленький принц (рис. автора) (в суперобложке),Антуан де Сент-Экзюпери,Эксмо,7–12 лет,"дружба, животные, смерть",сказка,178,2,описание: обрезанная аннотация издательства; «почему рекомендуем»: шаблон ×669
https://n-e-n.ru/knigi/kniga/malenkiy-fermer/,Маленький фермер,Инглз Уайлдер Лора,Мелик-Пашаев,4–14 лет,волшебство,реалистическая проза,178,2,описание: обрезанная аннотация издательства; «почему рекомендуем»: шаблон ×870
https://n-e-n.ru/knigi/kniga/malysh-fyut/,Малыш Фьють,Марио Рамос,Самокат,4–6 лет,"животные, история, эмоции, война",сказка,178,2,описание: обрезанная аннотация издательства; «почему рекомендуем»: шаблон ×656
https://n-e-n.ru/knigi/kniga/malysh-i-reka/,Малыш и река,Анри Боско,Самокат,7–9 лет,"школа, природа, путешествия, приключения",реалистическая проза,179,2,описание: обрезанная аннотация издательства; «почему рекомендуем»: шаблон ×656
https://n-e-n.ru/knigi/kniga/malchik-i-devochka-iz-spichechnoy-korobki/,Мальчик и девочка из спичечной коробки,Эрих Кестнер,КомпасГид,7–12 лет,"животные, искусство, путешествия, юмор, приключения","фэнтези, научная фантастика, приключения",172,2,описание: обрезанная аннотация издательства; «почему рекомендуем»: шаблон ×870
https://n-e-n.ru/knigi/kniga/malchik-kotoryy-zalez-v-lunu/,"Мальчик, который залез в Луну",Дэвид Алмонд,Самокат,7–9 лет,"семья, школа, животные, братья и сёстры, смелость",сказка,176,2,описание: обрезанная аннотация издательства; «почему рекомендуем»: шаблон ×669
https://n-e-n.ru/knigi/kniga/malchik-kotoryy-plaval-s-piranyami/,"Мальчик, который плавал с пираньями",Дэвид Алмонд,Самокат,7–9 лет,"животные, взросление, волшебство, эмоции, страх","сказка, фэнтези",170,2,описание: обрезанная аннотация издательства; «почему рекомендуем»: шаблон ×870
https://n-e-n.ru/knigi/kniga/malchiki-proslavivshie-rossiyu/,"Мальчики, прославившие Россию",Артёмова Н.В.; Артёмова О.В.,Эксмо,7–10 лет,"животные, природа, история, путешествия, приключения",реалистическая проза,171,2,описание: обрезанная аннотация издательства; «почему рекомендуем»: шаблон ×669
https://n-e-n.ru/knigi/kniga/malyutka-kolpachok-i-narodets-iz-pod-holma/,Малютка Колпачок и Народец-из-под-Холма,Григорий Кружков,Мелик-Пашаев,4–10 лет,"школа, волшебство","сказка, фэнтези",180,2,описание: обрезанная аннотация издательства; «почему рекомендуем»: шаблон ×669
https://n-e-n.ru/knigi/kniga/mamasha-dalton/,Мамаша Далтон,Рене Госинни,Мелик-Пашаев,7–14 лет,"семья, волшебство, братья и сёстры",реалистическая проза,171,2,описание: обрезанная аннотация издательства; «почему рекомендуем»: шаблон ×669
https://n-e-n.ru/knigi/kniga/marta-i-poltora-ubiystva/,Марта и полтора убийства,Дарья Варденбург,Самокат,13–15 лет,"природа, взросление, страх, детектив",детектив,178,2,описание: обрезанная аннотация издательства; «почему рекомендуем»: шаблон ×120
https://n-e-n.ru/knigi/kniga/marta-s-cherepami/,Марта с черепами,Дарья Варденбург,Самокат,13–15 лет,"семья, школа, животные",сказка,179,2,описание: обрезанная аннотация издательства; «почему рекомендуем»: шаблон ×122
https://n-e-n.ru/knigi/kniga/martin-ne-plachet/,Мартин не плачет,Линор Горалик,Livebook,6–11 лет,"животные, эмоции",реалистическая проза,155,2,«почему рекомендуем»: шаблон ×656; нет поля: число страниц
https://n-e-n.ru/knigi/kniga/martyn-i-barsik/,Мартын и Барсик,Маша Рупасова,Альпина.Дети,3–12 лет,"семья, животные, взросление, отношения",поэзия,180,2,описание: обрезанная аннотация издательства; «почему рекомендуем»: шаблон ×870
https://n-e-n.ru/knigi/kniga/matematika-na-kolesikah-ponyatiya-i-sravneniya/,Математика на колёсиках. Понятия и сравнения,Зуля Стадник,Архипелаг,2–5 лет,отношения,реалистическая проза,108,2,«почему рекомендуем»: шаблон ×656; «почему рекомендуем»: «о» вместо «об»
https://n-e-n.ru/knigi/kniga/matematika-na-kolesikah-figury/,Математика на колёсиках. Фигуры,Зуля Стадник,Архипелаг,2–5 лет,отношения,реалистическая проза,94,2,«почему рекомендуем»: шаблон ×656; «почему рекомендуем»: «о» вместо «об»
https://n-e-n.ru/knigi/kniga/matematika-na-kolesikah-tsifry/,Математика на колёсиках. Цифры,Зуля Стадник,Архипелаг,2–5 лет,отношения,реалистическая проза,78,2,«почему рекомендуем»: шаблон ×669; «почему рекомендуем»: «о» вместо «об»
https://n-e-n.ru/knigi/kniga/matilda/,Матильда,Роальд Даль,Самокат,8–13 лет,"школа, семья, самооценка","фэнтези, юмор",115,2,«почему рекомендуем»: шаблон ×669; автор: имя записано по-разному в разных карточках
https://n-e-n.ru/knigi/kniga/matilde/,Матильде,Арройо Карола Мартинес,Самокат,13–15 лет,"семья, животные, взросление, волшебство",сказка,175,2,описание: обрезанная аннотация издательства; «почему рекомендуем»: шаблон ×870
https://n-e-n.ru/knigi/kniga/mafiya-s-podokonnika-2/,Мафия с подоконника 2,Ирина Лейк; Ольга Сурина,Альпина.Дети,6–10 лет,"дружба, животные, природа, искусство, приключения","детектив, приключения",178,2,описание: обрезанная аннотация издательства; «почему рекомендуем»: шаблон ×26
https://n-e-n.ru/knigi/kniga/mah-i-shebestova-puteshestvuyut/,Мах и Шебестова путешествуют,Милош Мацоурек,Мелик-Пашаев,4–10 лет,"школа, путешествия, юмор, волшебство, приключения","сказка, фэнтези, юмор",172,2,описание: обрезанная аннотация издательства; «почему рекомендуем»: шаблон ×656
https://n-e-n.ru/knigi/kniga/medvezhonok-pompon-v-tsirke/,Медвежонок Помпон в цирке,Бенжамен Шо,КомпасГид,2–6 лет,"животные, юмор, приключения","приключения, юмор",177,2,описание: обрезанная аннотация издательства; «почему рекомендуем»: шаблон ×669
https://n-e-n.ru/knigi/kniga/medvezhonok-i-tigrenok/,Медвежонок и Тигрёнок,Янош,Мелик-Пашаев,4–10 лет,"дружба, животные, природа, волшебство, приключения",приключения,174,2,описание: обрезанная аннотация издательства; «почему рекомендуем»: шаблон ×26
https://n-e-n.ru/knigi/kniga/mechtateli-brodveya-t-1-uzhin-s-keri-grantom/,Мечтатели Бродвея. Т.1. Ужин с Кэри Грантом,Малика Ферджух,КомпасГид,13–17 лет,"школа, животные, музыка, театр, отношения, первая любовь","детектив, приключения",180,2,описание: обрезанная аннотация издательства; «почему рекомендуем»: шаблон ×870
https://n-e-n.ru/knigi/kniga/mechtateli-brodveya-tom-2-tanets-s-fredom-asterom/,Мечтатели Бродвея. Том 2. Танец с Фредом Астером,Малика Ферджух,КомпасГид,13–17 лет,"школа, животные, театр, путешествия, волшебство",приключения,175,2,описание: обрезанная аннотация издательства; «почему рекомендуем»: шаблон ×870
https://n-e-n.ru/knigi/kniga/mechtateli-brodveya-tom-3-chay-s-greys-kelli/,Мечтатели Бродвея. Том 3. Чай с Грейс Келли,Малика Ферджух,КомпасГид,13–17 лет,"семья, школа, космос, отношения, приключения, первая любовь",приключения,179,2,описание: обрезанная аннотация издательства; «почему рекомендуем»: шаблон ×120
https://n-e-n.ru/knigi/kniga/milye-kosti/,Милые кости,Элис Сиболд,Эксмо,12–17 лет,"семья, животные",реалистическая проза,180,2,описание: обрезанная аннотация издательства; «почему рекомендуем»: шаблон ×870
https://n-e-n.ru/knigi/kniga/mim/,Мим,Лилли Таль,Самокат,10–12 лет,"школа, животные, природа, история, взросление",историческая проза,172,2,описание: обрезанная аннотация издательства; «почему рекомендуем»: шаблон ×120
https://n-e-n.ru/knigi/kniga/mirella/,Мирелла,Флор Веско,Самокат,13–15 лет,"семья, школа, животные, природа, история, ответственность","сказка, детектив, юмор, историческая проза",176,2,описание: обрезанная аннотация издательства; «почему рекомендуем»: шаблон ×120
https://n-e-n.ru/knigi/kniga/missiya-troyanskiy-kon/,Миссия «Троянский конь»,Пьер Жемм; Матильда Рюо,Альпина.Дети,6–10 лет,"животные, история, мифология, искусство, путешествия",сказка,178,2,описание: обрезанная аннотация издательства; «почему рекомендуем»: шаблон ×669
https://n-e-n.ru/knigi/kniga/missiya-halat-istoriya-lennarda/,Миссия «Халат» (история Леннарда),Даниэль Блекманн; Томас Гуссунг,Эксмо,7–12 лет,"семья, волшебство, приключения","сказка, фэнтези, детектив",173,2,описание: обрезанная аннотация издательства; «почему рекомендуем»: шаблон ×656
https://n-e-n.ru/knigi/kniga/mister-kleghorn-i-ego-tyulenenok/,Мистер Клегхорн и его тюлененок,Джудит Керр,Белая ворона,9–13 лет,"школа, животные, приключения",приключения,169,2,описание: обрезанная аннотация издательства; «почему рекомендуем»: шаблон ×656
https://n-e-n.ru/knigi/kniga/mify-drevnego-kazahstana/,Мифы Древнего Казахстана,Орынбай Жанайдаров,Izd-vo Aruna,7–12 лет,культурное разнообразие,сказка,146,2,«почему рекомендуем»: шаблон ×656; нет поля: число страниц
https://n-e-n.ru/knigi/kniga/mishka-s-mayaka/,Мишка с маяка,Матильда Стейн,Самокат,7–9 лет,"природа, морские приключения, приключения","сказка, приключения",176,2,описание: обрезанная аннотация издательства; «почему рекомендуем»: шаблон ×656
https://n-e-n.ru/knigi/kniga/mishkina-kasha/,Мишкина каша,Николай Носов,Азбука-Аттикус,6–9 лет,"дружба, юмор","реалистическая проза, юмор",106,2,«почему рекомендуем»: шаблон ×870; автор: имя записано по-разному в разных карточках
https://n-e-n.ru/knigi/kniga/modi-i-medved/,Моди и Медведь,Джен Ормерод,Поляндрия,3–7 лет,"семья, животные, искусство, отношения",реалистическая проза,177,2,описание: обрезанная аннотация издательства; «почему рекомендуем»: шаблон ×669
https://n-e-n.ru/knigi/kniga/moi-pervye-skazki/,Мои первые сказки,Юлия Габазова,Проф-Пресс,7–12 лет,животные,сказка,46,2,«почему рекомендуем»: шаблон ×656; нет поля: число страниц
https://n-e-n.ru/knigi/kniga/moi-chuvstva/,Мои чувства,Либби Вальден,Поляндрия,3–7 лет,"природа, экология, искусство, эмоции",поэзия,174,2,описание: обрезанная аннотация издательства; «почему рекомендуем»: шаблон ×870
https://n-e-n.ru/knigi/kniga/moy-brat-arbuz/,Мой брат — арбуз,Лорен Ривлег,Самокат,7–9 лет,"семья, животные, взросление, братья и сёстры",сказка,167,2,описание: обрезанная аннотация издательства; «почему рекомендуем»: шаблон ×870
https://n-e-n.ru/knigi/kniga/moy-dedushka-titanik-glavnoe-sokrovische/,Мой дедушка Титаник. Главное сокровище,Фальзар,Clever,6–11 лет,"дружба, семья, школа, животные, искусство","приключения, юмор",174,2,описание: обрезанная аннотация издательства; «почему рекомендуем»: шаблон ×870
https://n-e-n.ru/knigi/kniga/moy-dedushka-byl-vishney/,Мой дедушка был вишней,Анджела Нанетти,Самокат,8–12 лет,"семья, природа, отношения","семейная история, реалистическая проза",101,2,«почему рекомендуем»: шаблон ×669; страницы: 2020 — похоже на год издания
https://n-e-n.ru/knigi/kniga/moy-drug-otto/,Мой друг Отто,Ламбек Зильке,КомпасГид,4–9 лет,"семья, юмор, приключения","приключения, юмор",180,2,описание: обрезанная аннотация издательства; «почему рекомендуем»: шаблон ×37
https://n-e-n.ru/knigi/kniga/moy-drug-pirat/,Мой друг Пират,Уле Кристиан Лёйнинг,Самокат,13–15 лет,"животные, природа, морские приключения, приключения",сказка,176,2,описание: обрезанная аннотация издательства; «почему рекомендуем»: шаблон ×120
https://n-e-n.ru/knigi/kniga/moy-papa-ptits/,Мой папа — птиц,Дэвид Алмонд,Самокат,7–9 лет,"семья, школа, животные, спорт, изобретения, ответственность, творчество","сказка, юмор",177,2,описание: обрезанная аннотация издательства; «почему рекомендуем»: шаблон ×669
https://n-e-n.ru/knigi/kniga/moydodyr/,Мойдодыр,Корней Чуковский,АСТ,2–6 лет,"тело, юмор","сказка, поэзия",88,2,«почему рекомендуем»: шаблон ×37; автор: имя записано по-разному в разных карточках
https://n-e-n.ru/knigi/kniga/molli-imeet-pravo/,Молли имеет право,Анна Кэри,КомпасГид,13–17 лет,"школа, природа, взросление, эмоции",реалистическая проза,171,2,описание: обрезанная аннотация издательства; «почему рекомендуем»: шаблон ×870
https://n-e-n.ru/knigi/kniga/moreplavanie-solnyshkina/,Мореплавание Солнышкина,Виталий Коржиков,Детская литература,6–11 лет,природа,реалистическая проза,143,2,«почему рекомендуем»: шаблон ×656; нет поля: ISBN
https://n-e-n.ru/knigi/kniga/morskie-priklyucheniya-penelopy-kvills-penelopa-kvills-propavshaya/,Морские приключения Пенелопы Квиллс. Пенелопа Квиллс. Пропавшая русалка,Альварез Виктория,Clever,12–17 лет,"дружба, семья, животные, искусство, морские приключения","фэнтези, приключения",180,2,описание: обрезанная аннотация издательства; «почему рекомендуем»: шаблон ×120
https://n-e-n.ru/knigi/kniga/morfir-bern/,Морфир Бьёрн,Тома Лавашри,Самокат,13–15 лет,"природа, история, приключения, страх, смерть",реалистическая проза,178,2,описание: обрезанная аннотация издательства; «почему рекомендуем»: шаблон ×122
https://n-e-n.ru/knigi/kniga/most-v-terabitiyu/,Мост в Терабитию,Кэтрин Патерсон,Азбука-Аттикус,10–15 лет,"дружба, искусство, взросление","реалистическая проза, семейная история",85,2,«почему рекомендуем»: шаблон ×122; автор: фамилия перед именем
https://n-e-n.ru/knigi/kniga/moya-ozornaya-sestrenka/,Моя озорная сестрёнка,Дороти Эдвардс,Поляндрия,3–7 лет,"семья, школа, природа, искусство, приключения, братья и сёстры",приключения,180,2,описание: обрезанная аннотация издательства; «почему рекомендуем»: шаблон ×37
https://n-e-n.ru/knigi/kniga/moya-ozornaya-sestrenka-i-ee-druzya/,Моя озорная сестрёнка и её друзья,Дороти Эдвардс,Поляндрия,3–7 лет,"дружба, семья, школа, искусство, приключения, братья и сёстры",приключения,178,2,описание: обрезанная аннотация издательства; «почему рекомендуем»: шаблон ×37
https://n-e-n.ru/knigi/kniga/moya-ulitsa/,Моя улица,Марина Дружинина,Дрофа,7–12 лет,школа,поэзия,51,2,«почему рекомендуем»: шаблон ×870; нет поля: число страниц
https://n-e-n.ru/knigi/kniga/mrak-nastupaet/,Мрак наступает,СиДжей Лоути,Эксмо,12–17 лет,"семья, природа, история, взросление, братья и сёстры","фэнтези, научная фантастика, детектив",173,2,описание: обрезанная аннотация издательства; «почему рекомендуем»: шаблон ×120
https://n-e-n.ru/knigi/kniga/mulle-mek-v-masterskoy/,Мулле Мек в мастерской,Георг Юхансон,Мелик-Пашаев,4–10 лет,волшебство,реалистическая проза,170,2,описание: обрезанная аннотация издательства; «почему рекомендуем»: шаблон ×669
https://n-e-n.ru/knigi/kniga/mulle-mek-rasskazyvaet-o-kosmose-planety-zvezdy-galaktiki-chernye-dyry/,"Мулле Мек рассказывает о космосе. Планеты, звёзды, галактики, чёрные дыры и тайны Вселенной",Георг Юхансон,Мелик-Пашаев,4–10 лет,"космос, волшебство",детектив,176,2,описание: обрезанная аннотация издательства; «почему рекомендуем»: шаблон ×870
https://n-e-n.ru/knigi/kniga/mulle-mek-rasskazyvaet-ob-istorii-avtomobiley-poezdov-samoletov/,"Мулле Мек рассказывает об истории автомобилей, поездов, самолётов, кораблей и домов",Георг Юхансон,Мелик-Пашаев,4–10 лет,"животные, морские приключения, изобретения, волшебство",реалистическая проза,176,2,описание: обрезанная аннотация издательства; «почему рекомендуем»: шаблон ×37
https://n-e-n.ru/knigi/kniga/mulle-mek-stroit-lodku/,Мулле Мек строит лодку,Георг Юхансон,Мелик-Пашаев,4–10 лет,"животные, волшебство, приключения",приключения,173,2,описание: обрезанная аннотация издательства; «почему рекомендуем»: шаблон ×669
https://n-e-n.ru/knigi/kniga/mulle-mek-zimnyaya-istoriya/,Мулле Мек. Зимняя история,Георг Юхансон,Мелик-Пашаев,4–10 лет,"семья, животные, природа, искусство, волшебство, братья и сёстры",реалистическая проза,172,2,описание: обрезанная аннотация издательства; «почему рекомендуем»: шаблон ×870
https://n-e-n.ru/knigi/kniga/mumu-rasskazy/,Муму. Рассказы,Иван Тургенев,Эксмо,5–6 лет,"семья, школа, животные, природа, путешествия, братья и сёстры",реалистическая проза,176,2,описание: обрезанная аннотация издательства; «почему рекомендуем»: шаблон ×669
https://n-e-n.ru/knigi/kniga/muha-tsokotuha/,Муха-Цокотуха,Корней Чуковский,АСТ,2–6 лет,"животные, дружба, приключения","сказка, поэзия",94,2,«почему рекомендуем»: шаблон ×870; автор: имя записано по-разному в разных карточках
https://n-e-n.ru/knigi/kniga/myshi-puli-i-sobaki/,"Мыши, пули и собаки",Марьолейн Хоф,Самокат,10–12 лет,"семья, животные, история, взросление, отношения, страх, война","сказка, приключения",177,2,описание: обрезанная аннотация издательства; «почему рекомендуем»: шаблон ×122
https://n-e-n.ru/knigi/kniga/myshinaya-kniga/,Мышиная книга,Стефан Каста; Стаффан Ульстрём,Белая ворона,9–13 лет,"школа, животные, природа",поэзия,167,2,описание: обрезанная аннотация издательства; «почему рекомендуем»: шаблон ×870
https://n-e-n.ru/knigi/kniga/meri-poppins/,Мэри Поппинс,Памела Трэверс,МИФ.Детство,7–11 лет,"семья, волшебство, приключения","фэнтези, семейная история",112,2,«почему рекомендуем»: шаблон ×656; нет поля: ISBN
https://n-e-n.ru/knigi/kniga/myau/,Мяу,Александр Введенский,Мелик-Пашаев,2–6 лет,"животные, взросление, волшебство",реалистическая проза,171,2,описание: обрезанная аннотация издательства; «почему рекомендуем»: шаблон ×870
https://n-e-n.ru/knigi/kniga/myaukis-myaukis-priklyucheniya-vedminogo-kota/,Мяукис. Мяукис. Приключения ведьминого кота,"Де Эван, Альба, Домингес, Ксабье",Clever,6–8 лет,"дружба, семья, животные, искусство, взросление","сказка, фэнтези, приключения",176,2,описание: обрезанная аннотация издательства; «почему рекомендуем»: шаблон ×656
https://n-e-n.ru/knigi/kniga/myauli-novye-istorii-iz-zhizni-udivitelnoy-koshki/,Мяули. Новые истории из жизни удивительной кошки,Джудит Керр,Мелик-Пашаев,2–10 лет,"семья, животные, искусство, волшебство",реалистическая проза,178,2,описание: обрезанная аннотация издательства; «почему рекомендуем»: шаблон ×37
https://n-e-n.ru/knigi/kniga/myach-v-igre/,Мяч в игре!,Алексей Дурново,Белая ворона,12–17 лет,"школа, спорт",реалистическая проза,174,2,описание: обрезанная аннотация издательства; «почему рекомендуем»: шаблон ×120
https://n-e-n.ru/knigi/kniga/na-beregah-yabebiri/,На берегах Ябебири,Орасио Кирога,Мелик-Пашаев,4–10 лет,"семья, история, волшебство, война",сказка,171,2,описание: обрезанная аннотация издательства; «почему рекомендуем»: шаблон ×669
https://n-e-n.ru/knigi/kniga/na-beregu-tenistogo-ruchya/,На берегу Тенистого Ручья,Инглз Уайлдер Лора,Мелик-Пашаев,4–14 лет,"семья, волшебство",реалистическая проза,179,2,описание: обрезанная аннотация издательства; «почему рекомендуем»: шаблон ×870
https://n-e-n.ru/knigi/kniga/na-zemle-i-v-okeane/,На земле и в океане,Элисон Джей; Михаил Яснов,Поляндрия,3–7 лет,"животные, природа, искусство, морские приключения",поэзия,174,2,описание: обрезанная аннотация издательства; «почему рекомендуем»: шаблон ×656
https://n-e-n.ru/knigi/kniga/na-krayu-otonabi/,На краю Отонаби,Брайан Галлахер,КомпасГид,10–15 лет,"дружба, животные, взросление, приключения","детектив, приключения",175,2,описание: обрезанная аннотация издательства; «почему рекомендуем»: шаблон ×122
https://n-e-n.ru/knigi/kniga/na-nashem-dvore/,На нашем дворе,Евгений Иванович Чарушин,Amfora,7–12 лет,животные,реалистическая проза,142,2,«почему рекомендуем»: шаблон ×870; нет поля: число страниц
https://n-e-n.ru/knigi/kniga/na-raznyh-kontsah-zemli/,На разных концах земли,Либби Глисон,Поляндрия,3–7 лет,"дружба, семья, животные, искусство",реалистическая проза,179,2,описание: обрезанная аннотация издательства; «почему рекомендуем»: шаблон ×669
https://n-e-n.ru/knigi/kniga/na-reke/,На реке,Доро Гёбель,Мелик-Пашаев,2–6 лет,"путешествия, волшебство, приключения",реалистическая проза,180,2,описание: обрезанная аннотация издательства; «почему рекомендуем»: шаблон ×669
https://n-e-n.ru/knigi/kniga/na-sluzhbe-u-ee-velichestva-smerti/,На службе у Ее Величества Смерти,Эрвьё Жюльен,КомпасГид,12–17 лет,"школа, волшебство, приключения, смерть, детектив","фэнтези, научная фантастика, детектив",172,2,описание: обрезанная аннотация издательства; «почему рекомендуем»: шаблон ×120
https://n-e-n.ru/knigi/kniga/navoznyy-zhuk-letaet-v-sumerkah/,Навозный жук летает в сумерках,Мария Грипе,Белая ворона,9–13 лет,"школа, животные, отношения",реалистическая проза,174,2,описание: обрезанная аннотация издательства; «почему рекомендуем»: шаблон ×870
https://n-e-n.ru/knigi/kniga/nalle-lapson/,Налле Лапсон,Йоста Кнутсон,Белая ворона,6–10 лет,"дружба, семья, школа, животные, путешествия",приключения,176,2,описание: обрезанная аннотация издательства; «почему рекомендуем»: шаблон ×669
https://n-e-n.ru/knigi/kniga/nalle-lapson-beretsya-za-delo/,Налле Лапсон берется за дело,Йоста Кнутсон,Белая ворона,6–10 лет,"дружба, семья, школа, животные, путешествия",приключения,176,2,описание: обрезанная аннотация издательства; «почему рекомендуем»: шаблон ×656
https://n-e-n.ru/knigi/kniga/nalle-lapson-i-tyapka/,Налле Лапсон и Тяпка,Йоста Кнутсон,Белая ворона,6–10 лет,"дружба, семья, школа, животные, путешествия",приключения,176,2,описание: обрезанная аннотация издательства; «почему рекомендуем»: шаблон ×656
https://n-e-n.ru/knigi/kniga/nastoyaschie-bumazhnye-veschi-t-grimsa/,Настоящие бумажные вещи Т. Гримса,Юлия Мнижек,Самокат,10–12 лет,"семья, животные, природа, театр, изобретения, братья и сёстры",реалистическая проза,180,2,описание: обрезанная аннотация издательства; «почему рекомендуем»: шаблон ×120
https://n-e-n.ru/knigi/kniga/ne-boysya-mechtat-10-vdohnovlyayuschih-istoriy-o-zamechatelnyh/,"Не бойся мечтать! 10 вдохновляющих историй о замечательных мальчишках, которые храбро и упорно шли к своей мечте",Эллен Миллс,Эксмо,8–10 лет,"семья, животные, космос, взросление, братья и сёстры, страх",реалистическая проза,178,2,описание: обрезанная аннотация издательства; «почему рекомендуем»: шаблон ×669
https://n-e-n.ru/knigi/kniga/ne-vse-umeyut-padat/,Не все умеют падать,Тоон Теллеген,Поляндрия,5–15 лет,"семья, животные, юмор, волшебство, братья и сёстры",юмор,177,2,описание: обрезанная аннотация издательства; «почему рекомендуем»: шаблон ×870
https://n-e-n.ru/knigi/kniga/ne-mozhet-byt/,Не может быть,Ахим Альгримм,Мелик-Пашаев,2–6 лет,"искусство, волшебство",сказка,176,2,описание: обрезанная аннотация издательства; «почему рекомендуем»: шаблон ×870
https://n-e-n.ru/knigi/kniga/ne-revi-ty-esche-zhiv/,"Не реви, ты ещё жив",Кирстен Бойе,Самокат,13–15 лет,"дружба, семья, история, взросление, война",реалистическая проза,176,2,описание: обрезанная аннотация издательства; «почему рекомендуем»: шаблон ×870
https://n-e-n.ru/knigi/kniga/nebredskazuemaya-veronika/,Небредсказуемая Вероника,Анджела Нанетти,Самокат,7–9 лет,"семья, природа",сказка,177,2,описание: обрезанная аннотация издательства; «почему рекомендуем»: шаблон ×870
https://n-e-n.ru/knigi/kniga/neveroyatnoe-nashestvie-medvedey-na-sitsiliyu/,Невероятное нашествие медведей на Сицилию,Дино Буццати,Самокат,7–9 лет,"животные, природа, история, музыка, взросление",сказка,177,2,описание: обрезанная аннотация издательства; «почему рекомендуем»: шаблон ×870
https://n-e-n.ru/knigi/kniga/nevydumannyy-mir/,Невыдуманный мир,Тимоте де Фомбель,Поляндрия,3–7 лет,"животные, искусство, страх",научная фантастика,179,2,описание: обрезанная аннотация издательства; «почему рекомендуем»: шаблон ×669
https://n-e-n.ru/knigi/kniga/neletuchaya-sobaka/,Нелетучая собака,Алексей Ерошин,Мелик-Пашаев,7–14 лет,"животные, волшебство",поэзия,178,2,описание: обрезанная аннотация издательства; «почему рекомендуем»: шаблон ×870
https://n-e-n.ru/knigi/kniga/nelli-blay-ledi-sensatsiya/,Нелли Блай — леди Сенсация,Лучана Чимино,КомпасГид,13–17 лет,"животные, природа, искусство, путешествия, волшебство",приключения,179,2,описание: обрезанная аннотация издательства; «почему рекомендуем»: шаблон ×870
https://n-e-n.ru/knigi/kniga/nenastoyaschie-priklyucheniya-florentina-flauersa-chestnogo-pirata-na/,"Ненастоящие приключения Флорентина Флауэрса, честного пирата на службе Мадам Л.",Марек Томан,Самокат,13–15 лет,"семья, животные, морские приключения, отношения, приключения",приключения,180,2,описание: обрезанная аннотация издательства; «почему рекомендуем»: шаблон ×120
https://n-e-n.ru/knigi/kniga/neobhodimaya-sobaka/,Необходимая собака,Артур Гиваргизов,Самокат,7–9 лет,животные,"сказка, поэзия",178,2,описание: обрезанная аннотация издательства; «почему рекомендуем»: шаблон ×656
https://n-e-n.ru/knigi/kniga/nesuschestvuyuschiy-prichal/,Несуществующий причал,Нина Дашевская,Самокат,13–15 лет,"семья, школа, природа",реалистическая проза,173,2,описание: обрезанная аннотация издательства; «почему рекомендуем»: шаблон ×870
https://n-e-n.ru/knigi/kniga/neuzheli-nikto-ne-rasserditsya/,Неужели никто не рассердится,Тоон Теллеген,Поляндрия,3–7 лет,"животные, природа, искусство, взросление, страх",сказка,166,2,описание: обрезанная аннотация издательства; «почему рекомендуем»: шаблон ×870
https://n-e-n.ru/knigi/kniga/nikita-ischet-more/,Никита ищет море,Дарья Варденбург,Самокат,7–9 лет,"дружба, семья, природа, космос, искусство, братья и сёстры",детектив,177,2,описание: обрезанная аннотация издательства; «почему рекомендуем»: шаблон ×669
https://n-e-n.ru/knigi/kniga/nikogda/,Никогда,Арройо Карола Мартинес,Самокат,13–15 лет,"дружба, семья, школа, взросление, отношения, братья и сёстры, развод родителей, буллинг, первая любовь, смерть, ответственность",реалистическая проза,175,2,описание: обрезанная аннотация издательства; «почему рекомендуем»: шаблон ×120
https://n-e-n.ru/knigi/kniga/nichut-ne-strashno-i-drugie-skazki/,Ничуть не страшно и другие сказки,Л. Кириллов; Мария Рудаченко,Росмэн,6–11 лет,"дружба, волшебство",сказка,159,2,«почему рекомендуем»: шаблон ×870; нет поля: число страниц
https://n-e-n.ru/knigi/kniga/novenkiy/,Новенький,Дэвид Алмонд,Самокат,7–9 лет,"дружба, школа, животные, спорт, взросление",реалистическая проза,174,2,описание: обрезанная аннотация издательства; «почему рекомендуем»: шаблон ×669
https://n-e-n.ru/knigi/kniga/novoe-chernoe-palto-s-avtografom/,Новое черное пальто (с автографом),Мария Ботева,КомпасГид,7–13 лет,"дружба, семья, школа, животные, взросление, первая любовь",реалистическая проза,171,2,описание: обрезанная аннотация издательства; «почему рекомендуем»: шаблон ×656
https://n-e-n.ru/knigi/kniga/novye-priklyucheniya-neznayki/,Новые приключения Незнайки,Игорь Носов,Азбука-Аттикус,6–11 лет,приключения,приключения,152,2,«почему рекомендуем»: шаблон ×870; автор: имя записано по-разному в разных карточках
https://n-e-n.ru/knigi/kniga/nochnoy-bazar-put-domoy/,Ночной Базар. Путь домой,Мира Арим,КомпасГид,13–17 лет,"животные, отношения, приключения, эмоции","фэнтези, научная фантастика, приключения",179,2,описание: обрезанная аннотация издательства; «почему рекомендуем»: шаблон ×870
https://n-e-n.ru/knigi/kniga/o-zharkom-yuge-i-hrabrom-druge/,О жарком Юге и храбром друге,Евгений Рейн,Мелик-Пашаев,4–10 лет,"животные, искусство, юмор, волшебство, приключения","сказка, приключения, юмор",178,2,описание: обрезанная аннотация издательства; «почему рекомендуем»: шаблон ×669
https://n-e-n.ru/knigi/kniga/oblachnye-poni-tayna-zacharovannogo-zamka/,Облачные пони. Тайна зачарованного замка,Розе Барбара,Clever,6–8 лет,"дружба, школа, животные, искусство, путешествия","фэнтези, детектив, приключения",169,2,описание: обрезанная аннотация издательства; «почему рекомендуем»: шаблон ×870
https://n-e-n.ru/knigi/kniga/obmen/,Обмен,Джен Ормерод,Поляндрия,3–7 лет,"семья, искусство, волшебство, братья и сёстры",реалистическая проза,177,2,описание: обрезанная аннотация издательства; «почему рекомендуем»: шаблон ×669
https://n-e-n.ru/knigi/kniga/obychnaya-draka/,Обычная драка,Марк Вейцман,Самокат,7–9 лет,"школа, взросление, отношения, эмоции","сказка, детектив, поэзия",176,2,описание: обрезанная аннотация издательства; «почему рекомендуем»: шаблон ×656
https://n-e-n.ru/knigi/kniga/ovechka-emma-i-ee-druzya/,Овечка Эмма и её друзья,Ольга Баранова; Екатерина Путилова,Альпина.Дети,3–7 лет,"дружба, семья, школа, детский сад, животные",реалистическая проза,176,2,описание: обрезанная аннотация издательства; «почему рекомендуем»: шаблон ×669
https://n-e-n.ru/knigi/kniga/ovcharka-roy/,Овчарка Рой,Йорма Курвинен,Мелик-Пашаев,11–14 лет,волшебство,реалистическая проза,173,2,описание: обрезанная аннотация издательства; «почему рекомендуем»: шаблон ×870
https://n-e-n.ru/knigi/kniga/ognennyy-bog-marranov/,Огненный бог Марранов,А. Волков,АСТ,6–11 лет,отношения,реалистическая проза,145,2,«почему рекомендуем»: шаблон ×870; автор: имя записано по-разному в разных карточках
https://n-e-n.ru/knigi/kniga/ogorod-na-podokonnike/,Огород на подоконнике,Клара Лидстрём; Аннакарин Нюберг,Белая ворона,6–10 лет,"школа, природа, юмор",юмор,173,2,описание: обрезанная аннотация издательства; «почему рекомендуем»: шаблон ×870
https://n-e-n.ru/knigi/kniga/odin-prekrasnyy-valenok/,Один прекрасный Валенок,Мария Дубиковская,Самокат,4–6 лет,"животные, природа, музыка",поэзия,174,2,описание: обрезанная аннотация издательства; «почему рекомендуем»: шаблон ×870
https://n-e-n.ru/knigi/kniga/odinokoe-derevo/,Одинокое дерево,Мария Папаянни,Самокат,10–12 лет,"дружба, природа, история",сказка,176,2,описание: обрезанная аннотация издательства; «почему рекомендуем»: шаблон ×120
https://n-e-n.ru/knigi/kniga/odissey-i-ego-komanda/,Одиссей и его команда,Пьер Жемм; Матильда Рюо,Альпина.Дети,6–10 лет,"животные, искусство, путешествия",реалистическая проза,174,2,описание: обрезанная аннотация издательства; «почему рекомендуем»: шаблон ×870
https://n-e-n.ru/knigi/kniga/odissey-hitroumnyy-geroy/,Одиссей. Хитроумный герой,Иван Поммо,Самокат,7–9 лет,"животные, природа, история, мифология, путешествия","сказка, приключения",180,2,описание: обрезанная аннотация издательства; «почему рекомендуем»: шаблон ×870
https://n-e-n.ru/knigi/kniga/odnazhdy-v-letniy-polden/,Однажды в летний полдень,Ник Баттерворт,Мелик-Пашаев,2–6 лет,"животные, волшебство",семейная история,178,2,описание: обрезанная аннотация издательства; «почему рекомендуем»: шаблон ×870
https://n-e-n.ru/knigi/kniga/odnazhdy-v-starom-parke/,Однажды в старом парке,Ник Баттерворт,Мелик-Пашаев,2–6 лет,"дружба, животные, природа, волшебство",сказка,173,2,описание: обрезанная аннотация издательства; «почему рекомендуем»: шаблон ×870
https://n-e-n.ru/knigi/kniga/odnazhdy-vesennim-dnem/,Однажды весенним днём,Ник Баттерворт,Мелик-Пашаев,2–6 лет,"дружба, школа, животные, искусство, юмор",юмор,179,2,описание: обрезанная аннотация издательства; «почему рекомендуем»: шаблон ×656
https://n-e-n.ru/knigi/kniga/odno-zhelanie/,Одно желание,Мишель Харрисон,Альпина.Дети,12–17 лет,"семья, искусство, морские приключения",фэнтези,175,2,описание: обрезанная аннотация издательства; «почему рекомендуем»: шаблон ×870
https://n-e-n.ru/knigi/kniga/oduvanchiki-dlya-mamy-rasskazy-pro-liku-i-mityu/,Одуванчики для мамы. Рассказы про Лику и Митю,Наталья Евдокимова,КомпасГид,4–9 лет,"семья, животные, отношения, юмор",юмор,175,2,описание: обрезанная аннотация издательства; «почему рекомендуем»: шаблон ×37
https://n-e-n.ru/knigi/kniga/oleni-roga-imogeny/,Оленьи рога Имогены,Дэвид Смолл,Поляндрия,3–7 лет,"семья, школа, животные, искусство, братья и сёстры",реалистическая проза,178,2,описание: обрезанная аннотация издательства; «почему рекомендуем»: шаблон ×669
https://n-e-n.ru/knigi/kniga/onno-i-onte-nerazluchnye-druzya/,Онно и Онтье. Неразлучные друзья,Томас Шпрингер,Поляндрия,3–7 лет,"дружба, животные, природа, искусство, морские приключения",реалистическая проза,174,2,описание: обрезанная аннотация издательства; «почему рекомендуем»: шаблон ×669
https://n-e-n.ru/knigi/kniga/oslik-oslik/,Ослик Ослик,Роже Дювуазен,Мелик-Пашаев,2–14 лет,"дружба, семья, волшебство, братья и сёстры",сказка,180,2,описание: обрезанная аннотация издательства; «почему рекомендуем»: шаблон ×656
https://n-e-n.ru/knigi/kniga/ostorozhno-pitbul-tere/,"Осторожно, Питбуль-Терье!",Эндре Люнд Эриксен,Самокат,13–15 лет,"дружба, животные, экология, взросление, страх",детектив,172,2,описание: обрезанная аннотация издательства; «почему рекомендуем»: шаблон ×870
https://n-e-n.ru/knigi/kniga/ostrov-v-more-prud-belyh-liliy-annika-tor-tom-1/,Остров в море. Пруд белых лилий. Анника Тор. Том 1,Анника Тор,Самокат,13–15 лет,"семья, животные, природа, история, морские приключения, братья и сёстры, война",реалистическая проза,174,2,описание: обрезанная аннотация издательства; «почему рекомендуем»: шаблон ×120
https://n-e-n.ru/knigi/kniga/ostrov-na-ptichey-ulitse/,Остров на Птичьей улице,Ури Орлев,Самокат,13–15 лет,"семья, школа, животные, природа, история, братья и сёстры, война",детектив,179,2,описание: обрезанная аннотация издательства; «почему рекомендуем»: шаблон ×120
https://n-e-n.ru/knigi/kniga/ostrov-sokrovisch/,Остров сокровищ,Роберт Льюис Стивенсон,Азбука-Аттикус,10–15 лет,"путешествия, безопасность, приключения",приключения,109,2,«почему рекомендуем»: шаблон ×870; автор: имя записано по-разному в разных карточках
https://n-e-n.ru/knigi/kniga/ot-odnogo-do-desyati-veselyy-schet/,От одного до десяти. Весёлый счёт.,Самуил Маршак,Мелик-Пашаев,2–6 лет,"школа, юмор, волшебство","юмор, поэзия",179,2,описание: обрезанная аннотация издательства; «почему рекомендуем»: шаблон ×656
https://n-e-n.ru/knigi/kniga/otvernuvshiesya-devochki/,Отвернувшиеся девочки,Хэйли Чьюинс,Эксмо,7–12 лет,"животные, природа","фэнтези, научная фантастика, детектив",177,2,описание: обрезанная аннотация издательства; «почему рекомендуем»: шаблон ×669
https://n-e-n.ru/knigi/kniga/otel-bolshaya-l/,Отель «Большая Л»,Шурд Кёйпер,Самокат,13–15 лет,"семья, животные, спорт, взросление, самооценка, братья и сёстры, первая любовь",юмор,179,2,описание: обрезанная аннотация издательства; «почему рекомендуем»: шаблон ×870
https://n-e-n.ru/knigi/kniga/otel-flamingo-pingviny-trebuyut-lda/,Отель «Фламинго». Пингвины требуют льда!,Алекс Милвэй,КомпасГид,4–9 лет,"животные, искусство, юмор, приключения","приключения, юмор",180,2,описание: обрезанная аннотация издательства; «почему рекомендуем»: шаблон ×870
https://n-e-n.ru/knigi/kniga/otel-s-privideniyami/,Отель с привидениями,Беттина Гёшль; Клаус-Петер Вольф,Мелик-Пашаев,4–10 лет,"семья, морские приключения, волшебство, детектив",детектив,176,2,описание: обрезанная аннотация издательства; «почему рекомендуем»: шаблон ×26
https://n-e-n.ru/knigi/kniga/ohota-na-snarka/,Охота на Снарка,Льюис Кэрролл,Белая ворона,9–13 лет,"школа, животные",поэзия,180,2,описание: обрезанная аннотация издательства; «почему рекомендуем»: шаблон ×656
https://n-e-n.ru/knigi/kniga/ohota-na-medvedya/,Охота на медведя,Энтони Браун,Поляндрия,3–7 лет,"животные, искусство, волшебство, приключения","фэнтези, приключения",158,2,«почему рекомендуем»: шаблон ×656; автор: имя записано по-разному в разных карточках
https://n-e-n.ru/knigi/kniga/ohotniki-na-monstrov-tayna-starinnogo-shkafa/,Охотники на монстров. Тайна старинного шкафа,Фукс Люсия,Clever,8–10 лет,"школа, животные, искусство, взросление, юмор, страх, смелость, детектив","фэнтези, научная фантастика, детектив",177,2,описание: обрезанная аннотация издательства; «почему рекомендуем»: шаблон ×669
https://n-e-n.ru/knigi/kniga/ochen-ochen-osobennyy-detektiv/,Очень-очень особенный детектив,Ромен Пуэртолас,Самокат,10–12 лет,"семья, животные, взросление, отношения, приключения, братья и сёстры, эмоции, детектив","детектив, приключения",174,2,описание: обрезанная аннотация издательства; «почему рекомендуем»: шаблон ×122
https://n-e-n.ru/knigi/kniga/oshibka-v-kode/,Ошибка в коде,Татьяна Моркина,Самокат,13–15 лет,"животные, эмоции, смерть",реалистическая проза,179,2,описание: обрезанная аннотация издательства; «почему рекомендуем»: шаблон ×870
https://n-e-n.ru/knigi/kniga/p-oslikov-prodolzhaet-hotet-kak-luchshe/,"П. Осликов продолжает хотеть, как лучше",Елена Соковенина,Самокат,10–12 лет,"дружба, семья, школа, животные, приключения",приключения,180,2,описание: обрезанная аннотация издательства; «почему рекомендуем»: шаблон ×120
https://n-e-n.ru/knigi/kniga/padenie/,Падение,Анне Провост,Самокат,13–15 лет,"школа, животные, природа, история, театр, ответственность",сказка,174,2,описание: обрезанная аннотация издательства; «почему рекомендуем»: шаблон ×122
https://n-e-n.ru/knigi/kniga/paks/,Пакс,Сара Пеннипакер,Самокат,10–14 лет,"животные, дружба, семья, природа, война",роман,121,2,«почему рекомендуем»: шаблон ×656; «почему рекомендуем»: падеж («любит народная сказка»)
https://n-e-n.ru/knigi/kniga/paks-doroga-domoy/,Пакс. Дорога домой,Сара Пеннипакер,Самокат,10–12 лет,"дружба, семья, животные, природа, история, буллинг, эмоции, смерть, война",реалистическая проза,171,2,описание: обрезанная аннотация издательства; «почему рекомендуем»: шаблон ×122
https://n-e-n.ru/knigi/kniga/pampa-blyuz/,Пампа-блюз,Рольф Лапперт,Самокат,13–15 лет,"семья, животные, взросление, отношения, волшебство, первая любовь, инклюзия",реалистическая проза,175,2,описание: обрезанная аннотация издательства; «почему рекомендуем»: шаблон ×122
https://n-e-n.ru/knigi/kniga/papa-edet-na-more/,Папа едет на море,Валя Филиппенко,Самокат,7–9 лет,"семья, животные, природа, музыка, морские приключения",юмор,180,2,описание: обрезанная аннотация издательства; «почему рекомендуем»: шаблон ×870
https://n-e-n.ru/knigi/kniga/papa-i-syn/,Папа и сын,Э.О. Плауэн,Мелик-Пашаев,4–14 лет,"семья, искусство, волшебство, творчество",реалистическая проза,178,2,описание: обрезанная аннотация издательства; «почему рекомендуем»: шаблон ×37
https://n-e-n.ru/knigi/kniga/papa-ischet-rabotu/,Папа ищет работу,Валя Филиппенко,Самокат,7–9 лет,"семья, животные, искусство, приключения, творчество","сказка, приключения",177,2,описание: обрезанная аннотация издательства; «почему рекомендуем»: шаблон ×656
https://n-e-n.ru/knigi/kniga/papa-ryadom/,Папа рядом,Суш,Поляндрия,3–7 лет,"семья, животные, история, искусство, волшебство, братья и сёстры, эмоции, инклюзия",реалистическая проза,176,2,описание: обрезанная аннотация издательства; «почему рекомендуем»: шаблон ×656
https://n-e-n.ru/knigi/kniga/papa-slon-za-glavnogo/,Папа слон — за главного,Джилл Мёрфи,Поляндрия,3–7 лет,"дружба, семья, природа, искусство, спорт, эмоции",реалистическая проза,179,2,описание: обрезанная аннотация издательства; «почему рекомендуем»: шаблон ×656
https://n-e-n.ru/knigi/kniga/papino-schaste/,Папино счастье,Элиза Роси,Поляндрия,3–7 лет,"семья, животные, искусство, юмор",юмор,179,2,описание: обрезанная аннотация издательства; «почему рекомендуем»: шаблон ×656
https://n-e-n.ru/knigi/kniga/parko/,Парко,Алекс Ногес; Гуриди,Белая ворона,6–10 лет,"школа, животные, искусство, отношения, юмор, смерть","сказка, юмор",171,2,описание: обрезанная аннотация издательства; «почему рекомендуем»: шаблон ×669
https://n-e-n.ru/knigi/kniga/pauchinka-kotoraya-nikogo-ne-boyalas/,"Паучинка, которая никого не боялась",Марендаз С.,Мелик-Пашаев,2–6 лет,"дружба, животные, искусство, волшебство, приключения, страх",приключения,175,2,описание: обрезанная аннотация издательства; «почему рекомендуем»: шаблон ×870
https://n-e-n.ru/knigi/kniga/penelopa-kvills-ledyanoe-tsarstvo/,Пенелопа Квиллс. Ледяное царство,Альварез Виктория,Clever,10–14 лет,"дружба, природа, искусство, морские приключения, взросление","фэнтези, приключения",167,2,описание: обрезанная аннотация издательства; «почему рекомендуем»: шаблон ×669
https://n-e-n.ru/knigi/kniga/pervoklassnaya-istoriya/,Первоклассная история,Кристин Науман-Виллемин,Мелик-Пашаев,2–6 лет,"школа, волшебство, творчество",реалистическая проза,177,2,описание: обрезанная аннотация издательства; «почему рекомендуем»: шаблон ×870
https://n-e-n.ru/knigi/kniga/peregrin-kvinn-zolotoe-yabloko-razdora/,Перегрин Квинн. Золотое яблоко раздора,Бонд Эш,Clever,10–12 лет,"семья, животные, космос, мифология, искусство, детектив","сказка, фэнтези, научная фантастика",180,2,описание: обрезанная аннотация издательства; «почему рекомендуем»: шаблон ×656
https://n-e-n.ru/knigi/kniga/peregrin-kvinn-portal-mezhdu-mirami/,Перегрин Квинн. Портал между мирами,Бонд Эш,Clever,10–12 лет,"дружба, животные, космос, история, мифология, детектив","сказка, фэнтези, научная фантастика",175,2,описание: обрезанная аннотация издательства; «почему рекомендуем»: шаблон ×870
https://n-e-n.ru/knigi/kniga/persey-pobeditel-meduzy/,Персей. Победитель Медузы,Иван Поммо,Самокат,7–9 лет,"школа, животные, история, мифология, приключения, смерть, война","сказка, приключения",171,2,описание: обрезанная аннотация издательства; «почему рекомендуем»: шаблон ×669
https://n-e-n.ru/knigi/kniga/pes-lopuh-idet-po-sledu/,Пес Лопух идет по следу,Наталья Егорова,Азбука-Аттикус,6–11 лет,"животные, детектив",реалистическая проза,135,2,«почему рекомендуем»: шаблон ×669; нет поля: число страниц
https://n-e-n.ru/knigi/kniga/petr-chaykovskiy-ili-volshebnoe-pero/,"Петр Чайковский, или, Волшебное перо",Борис Евсеев,Белый город,7–12 лет,волшебство,историческая проза,61,2,«почему рекомендуем»: шаблон ×656; страницы: 2008 — похоже на год издания
https://n-e-n.ru/knigi/kniga/petson-i-findus-semeynyy-kalendar-na-2019-god/,Петсон и Финдус. Семейный календарь на 2019 год,Свен Нурдквист,Белая ворона,4–9 лет,дружба,семейная история,177,2,описание: обрезанная аннотация издательства; «почему рекомендуем»: шаблон ×870
https://n-e-n.ru/knigi/kniga/petson-i-findus-semeynyy-kalendar-na-2020-god/,Петсон и Финдус. Семейный календарь на 2020 год,Свен Нурдквист,Белая ворона,4–9 лет,"дружба, искусство",семейная история,177,2,описание: обрезанная аннотация издательства; «почему рекомендуем»: шаблон ×669
https://n-e-n.ru/knigi/kniga/petka/,Петька,Генрих Книжник,Мелик-Пашаев,7–14 лет,"семья, природа, юмор, волшебство, приключения","приключения, юмор",178,2,описание: обрезанная аннотация издательства; «почему рекомендуем»: шаблон ×870
https://n-e-n.ru/knigi/kniga/pechene-k-rozhdestvu/,Печенье к Рождеству,Штефани Гесснер,Мелик-Пашаев,2–6 лет,"семья, животные, волшебство",реалистическая проза,180,2,описание: обрезанная аннотация издательства; «почему рекомендуем»: шаблон ×870
https://n-e-n.ru/knigi/kniga/piratskie-sokrovischa/,Пиратские сокровища,Беттина Гёшль; Клаус-Петер Вольф,Мелик-Пашаев,4–10 лет,"животные, морские приключения, волшебство, детектив",детектив,173,2,описание: обрезанная аннотация издательства; «почему рекомендуем»: шаблон ×26
https://n-e-n.ru/knigi/kniga/piraty/,Пираты,Роб Биддальф,Поляндрия,3–7 лет,"дружба, семья, животные, природа, история, война",приключения,177,2,описание: обрезанная аннотация издательства; «почему рекомендуем»: шаблон ×669
https://n-e-n.ru/knigi/kniga/piter-breyn-i-malysh-detektivnye-priklyucheniya/,"Питер, Брейн и Малыш. Детективные приключения",Юлия Школьник,Эксмо,3–6 лет,"приключения, детектив","детектив, приключения",179,2,описание: обрезанная аннотация издательства; «почему рекомендуем»: шаблон ×870
https://n-e-n.ru/knigi/kniga/piter-breyn-i-malysh-zimnie-priklyucheniya/,"Питер, Брейн и Малыш. Зимние приключения",Юлия Школьник,Эксмо,3–6 лет,"дружба, семья, школа, животные, природа, детектив","сказка, фэнтези, детектив",180,2,описание: обрезанная аннотация издательства; «почему рекомендуем»: шаблон ×656
https://n-e-n.ru/knigi/kniga/po-sledam-minotavra/,По следам Минотавра,Пьер Жемм; Матильда Рюо,Альпина.Дети,6–10 лет,"животные, история, мифология, искусство","сказка, детектив",179,2,описание: обрезанная аннотация издательства; «почему рекомендуем»: шаблон ×870
https://n-e-n.ru/knigi/kniga/po-sledam-velosipednyh-vorov/,По следам велосипедных воров,Беттина Гёшль; Клаус-Петер Вольф,Мелик-Пашаев,4–10 лет,"семья, животные, морские приключения, волшебство, детектив",детектив,173,2,описание: обрезанная аннотация издательства; «почему рекомендуем»: шаблон ×870
https://n-e-n.ru/knigi/kniga/po-sledam-chernoy-maski/,По следам чёрной маски,Александра Лахтинен,Самокат,7–9 лет,"животные, природа, отношения, приключения",реалистическая проза,180,2,описание: обрезанная аннотация издательства; «почему рекомендуем»: шаблон ×669
https://n-e-n.ru/knigi/kniga/po-tu-storonu-siney-granitsy/,По ту сторону синей границы,Доррит Линке,Самокат,13–15 лет,"дружба, семья, школа, история, путешествия",историческая проза,180,2,описание: обрезанная аннотация издательства; «почему рекомендуем»: шаблон ×120
https://n-e-n.ru/knigi/kniga/pobeg-bratev-daltonov/,Побег братьев Далтонов,Рене Госинни,Мелик-Пашаев,7–14 лет,"семья, волшебство, братья и сёстры",реалистическая проза,175,2,описание: обрезанная аннотация издательства; «почему рекомендуем»: шаблон ×870
https://n-e-n.ru/knigi/kniga/povesti/,Повести,Валерий Алексеев,Детская литература,6–11 лет,приключения,приключения,118,2,«почему рекомендуем»: шаблон ×669; нет поля: ISBN
https://n-e-n.ru/knigi/kniga/podarok-dlya-snegurochki/,Подарок для Снегурочки,Софья Прокофьева,Речь,7–12 лет,дружба,реалистическая проза,148,2,«почему рекомендуем»: шаблон ×669; нет поля: число страниц
https://n-e-n.ru/knigi/kniga/podarok-na-novyy-god/,Подарок на Новый год,Элкинс Дж.,Clever,2–5 лет,"семья, детский сад, животные, природа, космос, братья и сёстры","сказка, фэнтези, приключения",177,2,описание: обрезанная аннотация издательства; «почему рекомендуем»: шаблон ×656
https://n-e-n.ru/knigi/kniga/podvigi-gerakla/,Подвиги Геракла,Екатерина Неволина,Белый город,7–12 лет,школа,реалистическая проза,44,2,«почему рекомендуем»: шаблон ×656; нет поля: число страниц
https://n-e-n.ru/knigi/kniga/podvodnyy-svet/,Подводный свет,Борис Пономарев,Самокат,13–15 лет,"семья, животные, природа, история, морские приключения, эмоции",реалистическая проза,169,2,описание: обрезанная аннотация издательства; «почему рекомендуем»: шаблон ×870
https://n-e-n.ru/knigi/kniga/pozhiratel-ischet-beluyu-sovu/,Пожиратель ищет Белую сову,Евгений Рудашевский,КомпасГид,12–17 лет,"школа, животные, мифология, приключения","сказка, приключения",171,2,описание: обрезанная аннотация издательства; «почему рекомендуем»: шаблон ×122
https://n-e-n.ru/knigi/kniga/polnochnyy-sad/,Полночный сад,Филиппа Пирс,Самокат,7–9 лет,отношения,реалистическая проза,169,2,«почему рекомендуем»: шаблон ×870; автор: имя записано по-разному в разных карточках
https://n-e-n.ru/knigi/kniga/pongviffy/,Понгвиффы,Каые Уманскы,АСТ,6–11 лет,волшебство,реалистическая проза,155,2,«почему рекомендуем»: шаблон ×870; нет поля: число страниц
https://n-e-n.ru/knigi/kniga/poni-glafira-i-drugie-istorii/,Пони Глафира и другие истории,Роза Липшиц,Мелик-Пашаев,4–6 лет,"школа, животные, волшебство, страх",семейная история,179,2,описание: обрезанная аннотация издательства; «почему рекомендуем»: шаблон ×656
https://n-e-n.ru/knigi/kniga/portnoy-zashivayka/,Портной Зашивайка,Марина Тараненко,Архипелаг,3–8 лет,юмор,"сказка, юмор",61,2,«почему рекомендуем»: шаблон ×669; автор: фамилия перед именем
https://n-e-n.ru/knigi/kniga/poslednee-derevo-v-gorode/,Последнее дерево в городе,Питер Карнавас,Поляндрия,3–7 лет,"природа, искусство",сказка,164,2,«почему рекомендуем»: шаблон ×870; автор: фамилия перед именем
https://n-e-n.ru/knigi/kniga/posledniy-chernyy-kot/,Последний чёрный кот,Евгениос Тривизас,Самокат,10–12 лет,"семья, школа, животные, природа, искусство, братья и сёстры, эмоции","детектив, приключения, юмор",174,2,описание: обрезанная аннотация издательства; «почему рекомендуем»: шаблон ×122
https://n-e-n.ru/knigi/kniga/poslednyaya-ovtsa/,Последняя овца,Ульрих Хуб,Самокат,4–6 лет,"семья, животные, космос, взросление, юмор",юмор,174,2,описание: обрезанная аннотация издательства; «почему рекомендуем»: шаблон ×669
https://n-e-n.ru/knigi/kniga/poslushay-moe-serdtse/,Послушай моё сердце,Бьянка Питцорно,Самокат,10–12 лет,"семья, школа, взросление, эмоции",сказка,179,2,описание: обрезанная аннотация издательства; «почему рекомендуем»: шаблон ×870
https://n-e-n.ru/knigi/kniga/pohischenie-v-kukuruznom-pole/,Похищение в кукурузном поле,Вероника Медведева,Эксмо,7–12 лет,"дружба, семья, животные, природа, волшебство","сказка, фэнтези",172,2,описание: обрезанная аннотация издательства; «почему рекомендуем»: шаблон ×656
https://n-e-n.ru/knigi/kniga/pohischenie-printsa-oleomargarina/,Похищение принца Олеомаргарина,Марк Твен,Самокат,7–9 лет,"животные, волшебство, творчество",сказка,180,2,описание: обрезанная аннотация издательства; «почему рекомендуем»: шаблон ×656
https://n-e-n.ru/knigi/kniga/pohozhdeniya-memeka-muzykanta/,Похождения Мемека-музыканта,Жан-Клод Мурлева,Белая ворона,12–17 лет,"школа, животные, музыка, отношения, приключения",реалистическая проза,173,2,описание: обрезанная аннотация издательства; «почему рекомендуем»: шаблон ×122
https://n-e-n.ru/knigi/kniga/pochti-polnoch/,Почти полночь,Комбрексель Антони Ино,КомпасГид,10–17 лет,"дружба, история, отношения, приключения","фэнтези, научная фантастика, приключения",179,2,описание: обрезанная аннотация издательства; «почему рекомендуем»: шаблон ×122
https://n-e-n.ru/knigi/kniga/pochtovaya-stantsiya-ratshof-kniga-1-labirint-mertvetsa/,Почтовая станция Ратсхоф: Книга 1. Лабиринт мертвеца,Евгений Рудашевский,КомпасГид,12–17 лет,"дружба, семья, школа, животные, природа, детектив","детектив, приключения",173,2,описание: обрезанная аннотация издательства; «почему рекомендуем»: шаблон ×870
https://n-e-n.ru/knigi/kniga/poetka/,Поэтка,Татьяна Март,КомпасГид,13–15 лет,"школа, взросление","сказка, поэзия",175,2,описание: обрезанная аннотация издательства; «почему рекомендуем»: шаблон ×120
https://n-e-n.ru/knigi/kniga/poyuschiy-provod/,Поющий провод,Рене Госинни,Мелик-Пашаев,7–14 лет,"природа, волшебство, приключения, детектив",детектив,173,2,описание: обрезанная аннотация издательства; «почему рекомендуем»: шаблон ×656
https://n-e-n.ru/knigi/kniga/pravila-treh/,Правила трёх,Марьолейн Хоф,Самокат,13–15 лет,"семья, природа, братья и сёстры",сказка,172,2,описание: обрезанная аннотация издательства; «почему рекомендуем»: шаблон ×122
https://n-e-n.ru/knigi/kniga/pravilo-69-dlya-tolstoy-chayki/,Правило 69 для толстой чайки,Дарья Варденбург,Самокат,13–15 лет,"животные, природа",реалистическая проза,179,2,описание: обрезанная аннотация издательства; «почему рекомендуем»: шаблон ×120
https://n-e-n.ru/knigi/kniga/pravitel-podzemnogo-tsarstva/,Правитель Подземного царства,Дарья Донцова,Эксмо,7–12 лет,"дружба, семья, животные, природа, путешествия","сказка, приключения",174,2,описание: обрезанная аннотация издательства; «почему рекомендуем»: шаблон ×669
https://n-e-n.ru/knigi/kniga/pravyy-i-levyy/,Правый и левый,Анна Пашкевич,Самокат,4–6 лет,"животные, искусство, отношения, юмор, приключения","сказка, приключения, юмор",176,2,описание: обрезанная аннотация издательства; «почему рекомендуем»: шаблон ×656
https://n-e-n.ru/knigi/kniga/prazdnik-saharnoy-vaty-vypusk-8/,Праздник сахарной ваты (выпуск 8),Гарриет Манкастер,Эксмо,7–12 лет,"семья, школа, природа, юмор, волшебство, принятие себя","сказка, фэнтези, приключения",178,2,описание: обрезанная аннотация издательства; «почему рекомендуем»: шаблон ×669
https://n-e-n.ru/knigi/kniga/priklyucheniya-bibigona/,Приключения Бибигона,Корней Иванович Чуковский,АСТ,6–11 лет,приключения,"сказка, поэзия",89,2,«почему рекомендуем»: шаблон ×669; автор: имя записано по-разному в разных карточках
https://n-e-n.ru/knigi/kniga/priklyucheniya-ezhulki-myagkaya-oblozhka-kak-ezhulka-i-ego-druzya-3/,Приключения Ежульки (мягкая обложка). Как Ежулька и его друзья спасли Новый год,Батлер М. Кристина,Clever,3–5 лет,"дружба, семья, животные, природа, искусство, ответственность","сказка, фэнтези, приключения",157,2,«почему рекомендуем»: шаблон ×870; автор: имя записано по-разному в разных карточках
https://n-e-n.ru/knigi/kniga/priklyucheniya-ezhulki-kak-ezhulka-i-ego-druzya-spasli-novyy-god/,Приключения Ежульки. Как Ежулька и его друзья спасли Новый год,Батлер М. Кристина,Clever,3–5 лет,"дружба, семья, животные, природа, искусство, ответственность","сказка, фэнтези, приключения",177,2,«почему рекомендуем»: шаблон ×656; автор: имя записано по-разному в разных карточках
https://n-e-n.ru/knigi/kniga/priklyucheniya-kamo/,Приключения Камо,Даниэль Пеннак,Самокат,10–12 лет,"школа, животные, приключения",приключения,172,2,описание: обрезанная аннотация издательства; «почему рекомендуем»: шаблон ×120
https://n-e-n.ru/knigi/kniga/priklyucheniya-karandashika/,Приключения Карандашика,Дарья Гриневская,Самокат,4–6 лет,"школа, искусство, путешествия, приключения, творчество",приключения,179,2,описание: обрезанная аннотация издательства; «почему рекомендуем»: шаблон ×669
https://n-e-n.ru/knigi/kniga/priklyucheniya-konni-v-nochnom-lesu/,Приключения Конни в ночном лесу,Юлия Бёме; Хердис Альбрехт,Альпина.Дети,7–12 лет,"дружба, животные, природа, искусство, приключения, детектив","детектив, приключения",178,2,описание: обрезанная аннотация издательства; «почему рекомендуем»: шаблон ×669
https://n-e-n.ru/knigi/kniga/priklyucheniya-neznayki-i-ego-druzey/,Приключения Незнайки и его друзей,Николай Носов,АСТ,6–10 лет,"дружба, техника, искусство","сказка, приключения, юмор",122,2,«почему рекомендуем»: шаблон ×669; автор: имя записано по-разному в разных карточках
https://n-e-n.ru/knigi/kniga/priklyucheniya-p-oslikova-rebenka-kotoryy-hotel-kak-luchshe/,"Приключения П. Осликова, ребёнка, который хотел как лучше",Елена Соковенина,Самокат,7–9 лет,"семья, животные, взросление, приключения",приключения,176,2,описание: обрезанная аннотация издательства; «почему рекомендуем»: шаблон ×870
https://n-e-n.ru/knigi/kniga/priklyucheniya-perri-rodana/,Приключения Перри Родана,Олаф Брилль; Михаэль Фогт,Альпина.Дети,9–14 лет,"космос, искусство, морские приключения, приключения","научная фантастика, детектив, приключения",180,2,описание: обрезанная аннотация издательства; «почему рекомендуем»: шаблон ×656
https://n-e-n.ru/knigi/kniga/priklyucheniya-petrushki/,Приключения Петрушки,Маргарита Андреевна Фадеева,Росмэн,6–11 лет,приключения,приключения,107,2,«почему рекомендуем»: шаблон ×669; нет поля: число страниц
https://n-e-n.ru/knigi/kniga/priklyucheniya-tyapy-i-lyapy-kogda-tyapa-vstretil-lyapu/,Приключения Тяпы и Ляпы. Когда Тяпа встретил Ляпу,Нойдерт Цее,Clever,3–5 лет,"дружба, семья, животные, искусство, юмор","сказка, приключения, юмор",175,2,описание: обрезанная аннотация издательства; «почему рекомендуем»: шаблон ×656
https://n-e-n.ru/knigi/kniga/priklyucheniya-barona-myunhauzena/,Приключения барона Мюнхаузена,Рудольф Эрих Распе,АСТ,7–12 лет,"путешествия, юмор, приключения","приключения, юмор",111,2,«почему рекомендуем»: шаблон ×656; автор: имя записано по-разному в разных карточках
https://n-e-n.ru/knigi/kniga/priklyucheniya-dyadi-levy-v-rumynskih-stepyah/,Приключения дяди Лёвы в румынских степях,Янец Леви; Янив Шимони,Knizhniki,6–11 лет,приключения,приключения,156,2,«почему рекомендуем»: шаблон ×669; нет поля: число страниц
https://n-e-n.ru/knigi/kniga/priklyucheniya-lastikov/,Приключения ластиков,Кейт Бэнкс,Поляндрия,3–7 лет,"искусство, волшебство, приключения, страх",приключения,178,2,описание: обрезанная аннотация издательства; «почему рекомендуем»: шаблон ×870
https://n-e-n.ru/knigi/kniga/priklyucheniya-sakvoyazhnikov-vo-frantsii/,Приключения саквояжников во Франции,Марина Тараненко,Архипелаг,8–12 лет,приключения,"фэнтези, приключения",88,2,«почему рекомендуем»: шаблон ×656; автор: фамилия перед именем
https://n-e-n.ru/knigi/kniga/priklyucheniya-semeyki-hryullops/,Приключения семейки Хрюллопс,Томи Унгерер,Самокат,4–6 лет,"семья, животные, искусство, юмор, приключения","сказка, приключения, юмор",173,2,описание: обрезанная аннотация издательства; «почему рекомендуем»: шаблон ×26
https://n-e-n.ru/knigi/kniga/priklyucheniya-fantasticheskogo-slona-ischem-sokrovischa-v-afrike/,Приключения фантастического слона. Ищем сокровища в Африке,Михаэль Энглер,Поляндрия,3–7 лет,"дружба, животные, природа, искусство, путешествия","научная фантастика, приключения",177,2,описание: обрезанная аннотация издательства; «почему рекомендуем»: шаблон ×669
https://n-e-n.ru/knigi/kniga/prishla-zima-prokaznitsa/,Пришла зима-проказнитса,Р. Данкова,Оникс,7–12 лет,животные,реалистическая проза,38,2,«почему рекомендуем»: шаблон ×656; нет поля: число страниц
https://n-e-n.ru/knigi/kniga/pro-deda-ignata-volka-evstifeyku-i-kozla-kozmu-mikiticha/,"Про деда Игната, волка Евстифейку и козла Козьму Микитича",Юрий Коваль,Мелик-Пашаев,4–6 лет,"юмор, волшебство","сказка, юмор",170,2,описание: обрезанная аннотация издательства; «почему рекомендуем»: шаблон ×669
https://n-e-n.ru/knigi/kniga/pro-kozlenka-kotoryy-umel-schitat-do-10/,"Про козленка, который умел считать до 10",Владимир Сутеев,АСТ,7–12 лет,животные,реалистическая проза,62,2,«почему рекомендуем»: шаблон ×870; нет поля: число страниц
https://n-e-n.ru/knigi/kniga/pro-kotov-chaek-ulitok-i-lyudey/,"Про котов, чаек, улиток и людей",Луис Сепульведа,Самокат,7–9 лет,"животные, путешествия, волшебство",фэнтези,180,2,описание: обрезанная аннотация издательства; «почему рекомендуем»: шаблон ×870
https://n-e-n.ru/knigi/kniga/pro-malenkogo-porosenka-plyuha/,Про маленького поросенка Плюха,Баллод И.; Румянцева И.,КомпасГид,2–6 лет,юмор,"сказка, юмор",177,2,описание: обрезанная аннотация издательства; «почему рекомендуем»: шаблон ×870
https://n-e-n.ru/knigi/kniga/progulka/,Прогулка,Свен Нурдквист,Белая ворона,4–9 лет,"семья, животные, природа, морские приключения, приключения","научная фантастика, приключения",174,2,описание: обрезанная аннотация издательства; «почему рекомендуем»: шаблон ×870
https://n-e-n.ru/knigi/kniga/proekt-novaya-zemlya/,Проект «Новая Земля»,Муате Давид,КомпасГид,10–17 лет,"животные, природа","фэнтези, научная фантастика, поэзия",179,2,описание: обрезанная аннотация издательства; «почему рекомендуем»: шаблон ×870
https://n-e-n.ru/knigi/kniga/proklyatie-krokodila/,Проклятие крокодила,Савиор Пиротта,Альпина.Дети,7–12 лет,"дружба, семья, животные, искусство, волшебство, братья и сёстры",приключения,179,2,описание: обрезанная аннотация издательства; «почему рекомендуем»: шаблон ×870
https://n-e-n.ru/knigi/kniga/prostodursen-zima-ot-nachala-do-kontsa/,Простодурсен. Зима от начала до конца,Руне Белсвик,Самокат,4–6 лет,"дружба, музыка",сказка,178,2,описание: обрезанная аннотация издательства; «почему рекомендуем»: шаблон ×37
https://n-e-n.ru/knigi/kniga/prostodursen-leto-i-koe-chto-esche/,Простодурсен. Лето и кое-что еще,Руне Белсвик,Самокат,4–6 лет,"природа, театр, отношения",сказка,176,2,описание: обрезанная аннотация издательства; «почему рекомендуем»: шаблон ×37
https://n-e-n.ru/knigi/kniga/protivopolozhnosti-s-raznyh-tochek-zreniya/,Противоположности с разных точек зрения,Сьюзен Худ,Поляндрия,3–7 лет,"животные, природа, искусство",поэзия,171,2,описание: обрезанная аннотация издательства; «почему рекомендуем»: шаблон ×669
https://n-e-n.ru/knigi/kniga/pust-begut-neuklyuzhi/,Пусть бегут неуклюжи,Александр Тимофеевский,Самокат,4–6 лет,"семья, природа, мифология, юмор, приключения","сказка, юмор, поэзия",170,2,описание: обрезанная аннотация издательства; «почему рекомендуем»: шаблон ×870
https://n-e-n.ru/knigi/kniga/pust-budet-groza/,Пусть будет гроза,Шартр Мари,КомпасГид,12–17 лет,"дружба, путешествия, взросление, приключения",приключения,176,2,описание: обрезанная аннотация издательства; «почему рекомендуем»: шаблон ×870
https://n-e-n.ru/knigi/kniga/pust-on-ostanetsya-s-nami/,Пусть он останется с нами,Максуд Ибрагимбеков,Белая ворона,9–13 лет,"дружба, школа, отношения, первая любовь",реалистическая проза,175,2,описание: обрезанная аннотация издательства; «почему рекомендуем»: шаблон ×669
https://n-e-n.ru/knigi/kniga/pust-solntse-ulybaetsya/,Пусть солнце улыбается!,Марина Тараненко,Архипелаг,3–5 лет,"волшебство, эмоции",сказка,67,2,«почему рекомендуем»: шаблон ×870; автор: фамилия перед именем
https://n-e-n.ru/knigi/kniga/pust-tantsuyut-belye-medvedi/,Пусть танцуют белые медведи,Ульф Старк,Самокат,10–12 лет,"семья, школа, животные, природа, взросление, эмоции","сказка, юмор",180,2,описание: обрезанная аннотация издательства; «почему рекомендуем»: шаблон ×120
https://n-e-n.ru/knigi/kniga/puteshestvie-babochki-na-tsvetnom-karandashe/,Путешествие бабочки на цветном карандаше,Татьяна Парфёнова,Поляндрия,3–7 лет,"дружба, животные, космос, искусство, путешествия, творчество",реалистическая проза,178,2,описание: обрезанная аннотация издательства; «почему рекомендуем»: шаблон ×870
https://n-e-n.ru/knigi/kniga/puteshestvie-v-sanderlend/,Путешествие в Сандерленд,Никита Горошко,Альпина.Дети,5–9 лет,"семья, животные, искусство, спорт, путешествия","детектив, юмор",173,2,описание: обрезанная аннотация издательства; «почему рекомендуем»: шаблон ×870
https://n-e-n.ru/knigi/kniga/puteshestvie-k-tsentru-zemli-po-proizvedeniyu-zhyulya-verna/,Путешествие к центру Земли. По произведению Жюля Верна,Маттео Бертон,Белая ворона,9–13 лет,"школа, животные, искусство, путешествия, отношения, фантастика",научная фантастика,171,2,описание: обрезанная аннотация издательства; «почему рекомендуем»: шаблон ×656
https://n-e-n.ru/knigi/kniga/pushistaya-banda-delo-ob-ukradennyh-brilliantah/,Пушистая банда. Дело об украденных бриллиантах,Хайке Ева Шмидт,Clever,6–8 лет,"дружба, школа, животные, природа, искусство, детектив","детектив, приключения, юмор",179,2,описание: обрезанная аннотация издательства; «почему рекомендуем»: шаблон ×870
https://n-e-n.ru/knigi/kniga/pyatnitsa-ili-dikaya-zhizn/,"Пятница, или Дикая жизнь",Мишель Турнье,Самокат,10–12 лет,"школа, животные, морские приключения, смерть",реалистическая проза,180,2,описание: обрезанная аннотация издательства; «почему рекомендуем»: шаблон ×122
https://n-e-n.ru/knigi/kniga/pyatoe-poslanie/,Пятое послание,Чарли Пайк,КомпасГид,12–17 лет,"космос, искусство, взросление, приключения, буллинг","фэнтези, научная фантастика, приключения",177,2,описание: обрезанная аннотация издательства; «почему рекомендуем»: шаблон ×122
https://n-e-n.ru/knigi/kniga/pyatoe-solntse/,Пятое солнце,Елена Бумагина,КомпасГид,13–17 лет,"семья, животные, взросление, отношения, братья и сёстры, первая любовь, эмоции, страх, детектив, фантастика","фэнтези, научная фантастика, детектив",175,2,описание: обрезанная аннотация издательства; «почему рекомендуем»: шаблон ×870
https://n-e-n.ru/knigi/kniga/pyat-minut-pokoya/,Пять минут покоя,Джилл Мёрфи,Поляндрия,3–7 лет,"семья, искусство",реалистическая проза,180,2,описание: обрезанная аннотация издательства; «почему рекомендуем»: шаблон ×656
https://n-e-n.ru/knigi/kniga/pes-ne-tot/,Пёс не тот,Роб Биддальф,Поляндрия,3–7 лет,"животные, история, искусство, морские приключения, взросление, война",реалистическая проза,175,2,описание: обрезанная аннотация издательства; «почему рекомендуем»: шаблон ×656
https://n-e-n.ru/knigi/kniga/ragana-vedmina-doroga/,Рагана (Ведьмина дорога),Феверс Анита,КомпасГид,12–17 лет,"животные, искусство, путешествия","фэнтези, научная фантастика",179,2,описание: обрезанная аннотация издательства; «почему рекомендуем»: шаблон ×870
https://n-e-n.ru/knigi/kniga/radio-popova/,Радио Попова,Анья Портин,Самокат,7–9 лет,"семья, животные, природа",сказка,173,2,описание: обрезанная аннотация издательства; «почему рекомендуем»: шаблон ×656
https://n-e-n.ru/knigi/kniga/razboynikovy-i-razboynichya-pesn/,Разбойниковы и разбойничья песнь,Сири Колу,Самокат,7–9 лет,"дружба, музыка, путешествия, отношения, приключения",реалистическая проза,173,2,описание: обрезанная аннотация издательства; «почему рекомендуем»: шаблон ×870
https://n-e-n.ru/knigi/kniga/rasskazy-dlya-detey/,Рассказы для детей,Борис Житков,АСТ,6–11 лет,отношения,реалистическая проза,180,2,«почему рекомендуем»: шаблон ×656; «почему рекомендуем»: «о» вместо «об»
https://n-e-n.ru/knigi/kniga/rasskazy-o-zhivotnyh/,Рассказы о животных,Михаил Михайлович Пришвин,АСТ,7–12 лет,животные,реалистическая проза,54,2,«почему рекомендуем»: шаблон ×656; автор: имя записано по-разному в разных карточках
https://n-e-n.ru/knigi/kniga/rasskazy-skazki-povesti/,"Рассказы, сказки, повести",Николай Носов,Эксмо,6–11 лет,волшебство,сказка,144,2,«почему рекомендуем»: шаблон ×870; автор: имя записано по-разному в разных карточках
https://n-e-n.ru/knigi/kniga/rastrepannyy-vorobey/,Растрёпанный воробей,Константин Паустовский,Азбука-Аттикус,6–11 лет,отношения,сказка,43,2,«почему рекомендуем»: шаблон ×870; нет поля: число страниц
https://n-e-n.ru/knigi/kniga/reys-714-v-sidney/,Рейс 714 в Сидней,Эрже,Мелик-Пашаев,7–14 лет,"дружба, животные, космос, морские приключения, отношения",реалистическая проза,180,2,описание: обрезанная аннотация издательства; «почему рекомендуем»: шаблон ×870
https://n-e-n.ru/knigi/kniga/reka-tekuschaya-vspyat/,"Река, текущая вспять",Жан-Клод Мурлева,Самокат,10–16 лет,"дружба, животные, природа, путешествия, взросление, смерть","сказка, фэнтези",173,2,описание: обрезанная аннотация издательства; «почему рекомендуем»: шаблон ×870
https://n-e-n.ru/knigi/kniga/respublika-shkid/,Республика ШКИД,Григорий Белых; Леонид Пантелеев,Азбука-Аттикус,11–16 лет,"школа, дружба, взросление, война","историческая проза, реалистическая проза",126,2,«почему рекомендуем»: шаблон ×120; автор: имя записано по-разному в разных карточках
https://n-e-n.ru/knigi/kniga/riko-oskar-i-razbitoe-serdtse/,"Рико, Оскар и разбитое сердце",Андреас Штайнхёфель,Самокат,10–12 лет,"дружба, семья, школа, искусство, взросление, детектив",детектив,175,2,описание: обрезанная аннотация издательства; «почему рекомендуем»: шаблон ×870
https://n-e-n.ru/knigi/kniga/riko-oskar-i-teni-temnee-temnogo/,"Рико, Оскар и тени темнее темного",Андреас Штайнхёфель,Самокат,10–12 лет,"дружба, семья, школа, животные, экология, братья и сёстры, эмоции, страх, детектив","сказка, детектив, приключения, юмор",178,2,описание: обрезанная аннотация издательства; «почему рекомендуем»: шаблон ×122
https://n-e-n.ru/knigi/kniga/robin-i-bog/,Робин и Бог,Шурд Кёйпер,Самокат,4–6 лет,семья,сказка,174,2,описание: обрезанная аннотация издательства; «почему рекомендуем»: шаблон ×37
https://n-e-n.ru/knigi/kniga/robin-i-skarlett-taynye-knigi-magov/,Робин и Скарлетт. Тайные книги магов,Штефан Карх,Эксмо,7–10 лет,"школа, животные, история, волшебство, ответственность","сказка, фэнтези, научная фантастика",176,2,описание: обрезанная аннотация издательства; «почему рекомендуем»: шаблон ×656
https://n-e-n.ru/knigi/kniga/robin-i-syuze/,Робин и Сюзе,Шурд Кёйпер,Самокат,4–6 лет,"семья, животные, спорт, изобретения, братья и сёстры, творчество",реалистическая проза,176,2,описание: обрезанная аннотация издательства; «почему рекомендуем»: шаблон ×870
https://n-e-n.ru/knigi/kniga/rogatyy-korabl/,Рогатый корабль,Дашка Слэйтер,Поляндрия,3–7 лет,"животные, искусство, морские приключения, приключения",приключения,173,2,описание: обрезанная аннотация издательства; «почему рекомендуем»: шаблон ×870
https://n-e-n.ru/knigi/kniga/rozhdestvo-v-lesu/,Рождество в лесу,Ульф Старк,Самокат,4–6 лет,"семья, животные, природа, музыка, эмоции, смелость, творчество",сказка,178,2,описание: обрезанная аннотация издательства; «почему рекомендуем»: шаблон ×669
https://n-e-n.ru/knigi/kniga/roza-ridl-prizrak-hranitel/,Роза Ридль – призрак-хранитель,Кристине Нёстлингер,Мелик-Пашаев,7–14 лет,"дружба, семья, школа, животные, волшебство, страх",детектив,180,2,описание: обрезанная аннотация издательства; «почему рекомендуем»: шаблон ×669
https://n-e-n.ru/knigi/kniga/roza-morey/,Роза морей,Ив Пенгвийи,Поляндрия,3–7 лет,"животные, природа, экология, искусство, путешествия, эмоции, инклюзия","приключения, поэзия",174,2,описание: обрезанная аннотация издательства; «почему рекомендуем»: шаблон ×870
https://n-e-n.ru/knigi/kniga/romashka-legenda-o-propavshem-pirate/,Ромашка. Легенда о пропавшем пирате,Гастон Буайе,КомпасГид,12–17 лет,"семья, животные, природа, мифология, морские приключения","сказка, фэнтези, научная фантастика",179,2,описание: обрезанная аннотация издательства; «почему рекомендуем»: шаблон ×870
https://n-e-n.ru/knigi/kniga/rubiniya-chudesnoe-serdtse-smelaya-devochka-iz-roda-lesnyh-elfov/,"Рубиния Чудесное Сердце, смелая девочка из рода лесных эльфов. Загадочное исчезновение реки",Ангермейер Карен Кристин,Clever,6–8 лет,"дружба, школа, детский сад, животные, природа","сказка, фэнтези, приключения",177,2,описание: обрезанная аннотация издательства; «почему рекомендуем»: шаблон ×669
https://n-e-n.ru/knigi/kniga/russkie-bogateri/,Русские богатери,И. В. Карнаухова,Азбука-Аттикус,7–12 лет,отношения,реалистическая проза,130,2,«почему рекомендуем»: шаблон ×870; нет поля: число страниц
https://n-e-n.ru/knigi/kniga/russkie-detskie-skazki/,Русские детские сказки,Евгений Антоненков,Росмэн,7–12 лет,животные,сказка,53,2,«почему рекомендуем»: шаблон ×669; нет поля: число страниц
https://n-e-n.ru/knigi/kniga/russkie-narodnye-skazki/,Русские народные сказки,Елена Зарби-Гальчук,BAO-Press,7–12 лет,волшебство,сказка,44,2,«почему рекомендуем»: шаблон ×656; нет поля: число страниц
https://n-e-n.ru/knigi/kniga/russkie-narodnye-skazki-dlya-malyshey/,Русские народные сказки для малышей,Иля Савченков,Азбука-Аттикус,6–11 лет,волшебство,сказка,55,2,«почему рекомендуем»: шаблон ×870; нет поля: число страниц
https://n-e-n.ru/knigi/kniga/russkie-skazki-i-poteshki/,Русские сказки и потешки,Ирина Петелина,Азбука-Аттикус,5–9 лет,волшебство,"сказка, поэзия",34,2,«почему рекомендуем»: шаблон ×656; нет поля: число страниц
https://n-e-n.ru/knigi/kniga/ryby-ne-tayut/,Рыбы не тают,Жеф Артс,Самокат,10–12 лет,"семья, животные, путешествия, взросление, отношения, эмоции, творчество","сказка, приключения",175,2,описание: обрезанная аннотация издательства; «почему рекомендуем»: шаблон ×122
https://n-e-n.ru/knigi/kniga/s-novym-godom-karlhen/,"С Новым годом, Карлхен!",Бернер Ротраут Сюзанне,Мелик-Пашаев,2–6 лет,волшебство,реалистическая проза,176,2,описание: обрезанная аннотация издательства; «почему рекомендуем»: шаблон ×870
https://n-e-n.ru/knigi/kniga/s-novym-godom-shmyak/,"С Новым годом, Шмяк!",Скоттон Роб,Clever,3–5 лет,"семья, школа, детский сад, животные, искусство","фэнтези, приключения, юмор",180,2,описание: обрезанная аннотация издательства; «почему рекомендуем»: шаблон ×669
https://n-e-n.ru/knigi/kniga/s-dnem-rozhdeniya/,С днём рождения,Джулиано Ферри,Поляндрия,2–4 лет,"дружба, искусство",поэзия,167,2,«почему рекомендуем»: шаблон ×656; возраст: «2–4 лет» → «2–4 года»
https://n-e-n.ru/knigi/kniga/s-lyubovyu-shmyak/,"С любовью, Шмяк!",Скоттон Роб,Clever,3–5 лет,"дружба, школа, детский сад, животные, искусство, творчество","приключения, юмор",180,2,описание: обрезанная аннотация издательства; «почему рекомендуем»: шаблон ×669
https://n-e-n.ru/knigi/kniga/s-papoy-burya-ne-strashna/,С папой буря не страшна!,Брайт Пол,Clever,3–5 лет,"семья, школа, детский сад, животные, природа, страх","сказка, приключения, юмор",177,2,описание: обрезанная аннотация издательства; «почему рекомендуем»: шаблон ×656
https://n-e-n.ru/knigi/kniga/samaya-lyubimaya-mama/,Самая любимая мама,Капусин Левалль; Мод Легран,Альпина.Дети,3–7 лет,"семья, искусство, эмоции","поэзия, семейная история",178,2,описание: обрезанная аннотация издательства; «почему рекомендуем»: шаблон ×870
https://n-e-n.ru/knigi/kniga/samo-soboy-i-voobsche/,Само собой и вообще,Кристине Нёстлингер,Самокат,10–12 лет,"семья, животные, природа, искусство, взросление, братья и сёстры, развод родителей, первая любовь","сказка, юмор",180,2,описание: обрезанная аннотация издательства; «почему рекомендуем»: шаблон ×122
https://n-e-n.ru/knigi/kniga/samyy-luchshiy-podarok-na-svete/,Самый лучший подарок на свете,Юлия Бёме,Поляндрия,3–7 лет,"дружба, искусство",реалистическая проза,175,2,описание: обрезанная аннотация издательства; «почему рекомендуем»: шаблон ×669
https://n-e-n.ru/knigi/kniga/samyy-silnyy/,Самый сильный,Марио Рамос,Самокат,4–6 лет,"семья, природа, искусство, взросление",сказка,176,2,описание: обрезанная аннотация издательства; «почему рекомендуем»: шаблон ×870
https://n-e-n.ru/knigi/kniga/samyy-snezhnyy-novyy-god/,Самый снежный Новый год,Чапмен Джейн,Clever,3–5 лет,"дружба, семья, детский сад, животные, искусство",фэнтези,175,2,описание: обрезанная аннотация издательства; «почему рекомендуем»: шаблон ×669
https://n-e-n.ru/knigi/kniga/sviter-na-rozhdestvo/,Свитер на Рождество,Бьёрн Рёрвик,Самокат,4–6 лет,"дружба, животные",сказка,178,2,описание: обрезанная аннотация издательства; «почему рекомендуем»: шаблон ×656
https://n-e-n.ru/knigi/kniga/seychas-seychas-seychas/,Сейчас-сейчас-сейчас,Артур Гиваргизов,Самокат,7–9 лет,"музыка, волшебство","фэнтези, поэзия",178,2,описание: обрезанная аннотация издательства; «почему рекомендуем»: шаблон ×656
https://n-e-n.ru/knigi/kniga/sekret-medovogo-piroga/,Секрет медового пирога,Кимберли Ньютон Фаско,Альпина.Дети,9–14 лет,"дружба, животные, природа, искусство, морские приключения",юмор,179,2,описание: обрезанная аннотация издательства; «почему рекомендуем»: шаблон ×656
https://n-e-n.ru/knigi/kniga/sekret-pryanichnoy-fei-kak-spasti-rozhdestvo/,Секрет пряничной феи. Как спасти Рождество?,Хохмут Тереза,Clever,5–8 лет,"дружба, семья, школа, животные, искусство","фэнтези, приключения, семейная история",178,2,описание: обрезанная аннотация издательства; «почему рекомендуем»: шаблон ×870
https://n-e-n.ru/knigi/kniga/sekrety-koshek/,Секреты кошек,Саша Рауш,Альпина.Дети,9–16 лет,животные,реалистическая проза,169,2,описание: обрезанная аннотация издательства; «почему рекомендуем»: шаблон ×870
https://n-e-n.ru/knigi/kniga/selestina-balerina-dvorets-fey/,Селестина-балерина. Дворец фей,Барюссо Гвенаэль,Clever,6–8 лет,"школа, животные, природа, искусство",реалистическая проза,168,2,описание: обрезанная аннотация издательства; «почему рекомендуем»: шаблон ×870
https://n-e-n.ru/knigi/kniga/selestina-balerina-propavshaya-tufelka/,Селестина-балерина. Пропавшая туфелька,Барюссо Гвенаэль,Clever,6–8 лет,"школа, детский сад, природа, космос, история, детектив","сказка, детектив, приключения",179,2,описание: обрезанная аннотация издательства; «почему рекомендуем»: шаблон ×669
https://n-e-n.ru/knigi/kniga/semeyka-grimsbeyn-ohotniki-na-vedm/,Семейка Гримсбейн. Охотники на ведьм,Рирдон Джоан,Clever,10–12 лет,"дружба, семья, школа, природа, история, братья и сёстры, смерть, смелость, фантастика","фэнтези, научная фантастика, детектив",179,2,описание: обрезанная аннотация издательства; «почему рекомендуем»: шаблон ×656
https://n-e-n.ru/knigi/kniga/semeynye-priklyucheniya-v-mire-magii-drakony-leto-i-rok-n-roll/,"Семейные приключения в мире магии. Драконы, лето и рок-н-ролл",Рирдон Джоан,Clever,10–12 лет,"семья, школа, животные, природа, космос, братья и сёстры","фэнтези, приключения, семейная история",160,2,описание: обрезанная аннотация издательства; «почему рекомендуем»: шаблон ×656
https://n-e-n.ru/knigi/kniga/semeynyy-albom-tirannozavra-toni/,Семейный альбом тираннозавра Тони,Майк Бентон,Самокат,3–12 лет,"наука, динозавры",научно-популярная литература,176,2,описание: обрезанная аннотация издательства; «почему рекомендуем»: шаблон ×669
https://n-e-n.ru/knigi/kniga/sem-podzemnyh-koroley/,Семь подземных королей,Александр Волков,АСТ,7–11 лет,"дружба, волшебство, приключения","фэнтези, приключения",114,2,«почему рекомендуем»: шаблон ×669; автор: имя записано по-разному в разных карточках
https://n-e-n.ru/knigi/kniga/semya-murashek-s-dnem-obmonstreniya/,Семья Мурашек. С днем обмонстрения!,Амелия Виллетта,Эксмо,7–12 лет,"семья, животные, история, юмор, приключения, братья и сёстры","приключения, юмор",180,2,описание: обрезанная аннотация издательства; «почему рекомендуем»: шаблон ×669
https://n-e-n.ru/knigi/kniga/semya-murashek-tayna-lagerya-buki/,Семья Мурашек. Тайна «Лагеря Буки»,Амелия Виллетта,Эксмо,7–12 лет,"дружба, семья, мифология, юмор, приключения","сказка, детектив, приключения",175,2,описание: обрезанная аннотация издательства; «почему рекомендуем»: шаблон ×669
https://n-e-n.ru/knigi/kniga/semen-semenych-i-gulka/,Семён Семёныч и Гулька,Генрих Книжник,Мелик-Пашаев,4–10 лет,"семья, животные, волшебство, братья и сёстры, ответственность",реалистическая проза,176,2,описание: обрезанная аннотация издательства; «почему рекомендуем»: шаблон ×37
https://n-e-n.ru/knigi/kniga/serdtse-monstra-ohota-za-tenyu/,Сердце монстра. Охота за Тенью,Бюхель Зимак,Clever,6–8 лет,"дружба, семья, школа, животные, природа, страх","сказка, фэнтези, приключения",179,2,описание: обрезанная аннотация издательства; «почему рекомендуем»: шаблон ×870
https://n-e-n.ru/knigi/kniga/serdtse-na-brayle/,Сердце на Брайле,Паскаль Рютер,КомпасГид,10–15 лет,"дружба, семья, школа, животные, природа",детектив,172,2,описание: обрезанная аннотация издательства; «почему рекомендуем»: шаблон ×122
https://n-e-n.ru/knigi/kniga/siblingi/,Сиблинги,Лариса Романовская,Самокат,13–15 лет,"семья, школа, животные, история, искусство, братья и сёстры, фантастика","научная фантастика, приключения",177,2,описание: обрезанная аннотация издательства; «почему рекомендуем»: шаблон ×120
https://n-e-n.ru/knigi/kniga/sila-skazki-novye-istorii-kotorye-pomogayut-rebenku-obresti-uverennost/,"Сила сказки. Новые истории, которые помогают ребенку обрести уверенность и внутреннюю опору (для детей 3-8 лет) Ч. 2",Анита Вайаканти,Эксмо,3–8 лет,"семья, животные, взросление, эмоции",сказка,168,2,описание: обрезанная аннотация издательства; «почему рекомендуем»: шаблон ×870
https://n-e-n.ru/knigi/kniga/sinie-listya/,Синие листья,В. Осеева,Эксмо,6–11 лет,животные,поэзия,153,2,«почему рекомендуем»: шаблон ×669; нет поля: число страниц
https://n-e-n.ru/knigi/kniga/siniy-slon-ili-devochka-kotoraya-razgovarivala-s-oblakami/,"Синий слон, или девочка, которая разговаривала с облаками",Александр Блинов,Самокат,7–9 лет,"животные, история, взросление, отношения, волшебство, первая любовь, страх","сказка, фэнтези",178,2,описание: обрезанная аннотация издательства; «почему рекомендуем»: шаблон ×669
https://n-e-n.ru/knigi/kniga/sinor-kolbaska/,Синьор Колбаска,Флавио Сорига; Риккардо Ацени,Альпина.Дети,7–12 лет,"семья, школа, животные, искусство, приключения",реалистическая проза,180,2,описание: обрезанная аннотация издательства; «почему рекомендуем»: шаблон ×870
https://n-e-n.ru/knigi/kniga/sistemnye-oshibki-d-t/,Системные ошибки Д.Т.,Елена Соковенина,Самокат,7–9 лет,"дружба, животные",сказка,180,2,описание: обрезанная аннотация издательства; «почему рекомендуем»: шаблон ×669
https://n-e-n.ru/knigi/kniga/skazka-na-rozhdestvo/,Сказка на Рождество,Джованнино Гуарески,Белая ворона,9–13 лет,"семья, школа, животные, история, братья и сёстры, война","сказка, поэзия",177,2,описание: обрезанная аннотация издательства; «почему рекомендуем»: шаблон ×870
https://n-e-n.ru/knigi/kniga/skazka-na-noch-tolko-ne-sup/,Сказка на ночь. Только не суп!,Сальзано Тамми,Clever,3–5 лет,"семья, животные, искусство, приключения, братья и сёстры","сказка, приключения, поэзия",174,2,описание: обрезанная аннотация издательства; «почему рекомендуем»: шаблон ×669
https://n-e-n.ru/knigi/kniga/skazka-o-vetre-v-bezvetrennyy-den/,Сказка о ветре в безветренный день,Софья Прокофьева,Белая ворона,9–13 лет,школа,сказка,172,2,описание: обрезанная аннотация издательства; «почему рекомендуем»: шаблон ×656
https://n-e-n.ru/knigi/kniga/skazka-o-zolotom-petushke/,Сказка о золотом петушке,Александр Сергеевич Пушкин,Азбука-Аттикус,6–11 лет,волшебство,"сказка, поэзия",163,2,«почему рекомендуем»: шаблон ×669; автор: имя записано по-разному в разных карточках
https://n-e-n.ru/knigi/kniga/skazka-o-rybake-i-rybke/,Сказка о рыбаке и рыбке,Александр Сергеевич Пушкин,Эксмо,6–11 лет,"животные, волшебство","сказка, поэзия",159,2,«почему рекомендуем»: шаблон ×870; автор: имя записано по-разному в разных карточках
https://n-e-n.ru/knigi/kniga/skazka-o-tsare-saltane/,Сказка о царе Салтане,Александр Сергеевич Пушкин,Азбука-Аттикус,6–12 лет,волшебство,сказка,160,2,«почему рекомендуем»: шаблон ×870; автор: имя записано по-разному в разных карточках
https://n-e-n.ru/knigi/kniga/skazka-pro-alyu-i-alya/,Сказка про Алю и Аля,Григорий Григорьев,Эксмо,12–17 лет,"семья, природа, взросление, юмор, приключения","сказка, юмор",179,2,описание: обрезанная аннотация издательства; «почему рекомендуем»: шаблон ×120
https://n-e-n.ru/knigi/kniga/skazki-a-s-pushkin/,Сказки (А.С. Пушкин),Александр Пушкин,Мелик-Пашаев,4–10 лет,"школа, волшебство",сказка,108,2,«почему рекомендуем»: шаблон ×26; автор: имя записано по-разному в разных карточках
https://n-e-n.ru/knigi/kniga/skazki-matushki-gusyni/,Сказки Матушки Гусыни,Ирина Явчуновская,E.RA,6–12 лет,волшебство,сказка,148,2,«почему рекомендуем»: шаблон ×870; нет поля: число страниц
https://n-e-n.ru/knigi/kniga/skazki-chudo-dereva/,Сказки Чудо-дерева,Валерий Кастрючин,Букмастер,6–11 лет,животные,сказка,148,2,«почему рекомендуем»: шаблон ×870; нет поля: число страниц
https://n-e-n.ru/knigi/kniga/skazki-belorusskih-pisateley/,Сказки белорусских писателей,И. С. Чепловодская,I͡Unat͡stva,6–11 лет,волшебство,"сказка, поэзия",174,2,«почему рекомендуем»: шаблон ×669; нет поля: число страниц
https://n-e-n.ru/knigi/kniga/skazki-dlya-vnuchat-babushkiny-skazki-na-novyy-god/,Сказки для внучат. Бабушкины сказки на Новый год,Амьо Карин-Мари,Clever,4–6 лет,"семья, животные, искусство, взросление, отношения","сказка, фэнтези, семейная история",177,2,описание: обрезанная аннотация издательства; «почему рекомендуем»: шаблон ×870
https://n-e-n.ru/knigi/kniga/skazki-dlya-vnuchat-lesnye-dedushkiny-skazki/,Сказки для внучат. Лесные дедушкины сказки,Амьо Карин-Мари,Clever,4–6 лет,"семья, животные, природа, искусство",сказка,180,2,описание: обрезанная аннотация издательства; «почему рекомендуем»: шаблон ×870
https://n-e-n.ru/knigi/kniga/skazki-lesnyh-druzey/,Сказки лесных друзей,Валерий Кастрючин,Букмастер,6–11 лет,животные,сказка,148,2,«почему рекомендуем»: шаблон ×656; нет поля: число страниц
https://n-e-n.ru/knigi/kniga/skazki-na-noch-dlya-selesty/,Сказки на ночь для Селесты,Николас Хайдельбах; Оле Кённеке,Альпина.Дети,5–9 лет,"семья, природа, искусство, юмор, братья и сёстры, страх","сказка, юмор",172,2,описание: обрезанная аннотация издательства; «почему рекомендуем»: шаблон ×669
https://n-e-n.ru/knigi/kniga/skazki-o-ezhike-i-medvezhonke/,Сказки о Ёжике и Медвежонке,Сергей Козлов,АСТ,6–11 лет,"животные, волшебство",сказка,146,2,«почему рекомендуем»: шаблон ×870; автор: имя записано по-разному в разных карточках
https://n-e-n.ru/knigi/kniga/skazki-o-malenkoy-mashenke/,Сказки о маленькой Машеньке,Софья Могилевская,Мелик-Пашаев,2–6 лет,"животные, волшебство, приключения","сказка, фэнтези, приключения",174,2,описание: обрезанная аннотация издательства; «почему рекомендуем»: шаблон ×870
https://n-e-n.ru/knigi/kniga/skazki-ot-kaprizov/,Сказки от капризов,Анастасия Столбова,Речь,6–11 лет,волшебство,сказка,149,2,«почему рекомендуем»: шаблон ×656; нет поля: число страниц
https://n-e-n.ru/knigi/kniga/skazki-pro-karandashi-i-kraski/,Сказки про карандаши и краски,Владимир Сутеев,АСТ,6–11 лет,волшебство,сказка,146,2,«почему рекомендуем»: шаблон ×870; нет поля: число страниц
https://n-e-n.ru/knigi/kniga/skazki-pro-malyshey/,Сказки про малышей,Владимир Сутеев,АСТ,6–11 лет,животные,сказка,23,2,«почему рекомендуем»: шаблон ×656; нет поля: число страниц
https://n-e-n.ru/knigi/kniga/skazki-s-podskazkami-veselye-zveryata/,Сказки с подсказками. Веселые зверята,Марья Баетен,Эксмо,3–6 лет,"дружба, школа, животные, путешествия, юмор","сказка, юмор",178,2,описание: обрезанная аннотация издательства; «почему рекомендуем»: шаблон ×870
https://n-e-n.ru/knigi/kniga/skazki-so-vsego-sveta/,Сказки со всего света,М. Мельниченко,Росмэн,6–11 лет,волшебство,сказка,170,2,«почему рекомендуем»: шаблон ×656; нет поля: число страниц
https://n-e-n.ru/knigi/kniga/skazki-starogo-lesa-myagkaya-oblozhka-progulka-po-lesu/,Сказки старого леса (мягкая обложка). Прогулка по лесу,Кампелло Джудитта,Clever,3–5 лет,"дружба, семья, животные, природа, искусство, братья и сёстры","сказка, приключения, юмор",175,2,описание: обрезанная аннотация издательства; «почему рекомендуем»: шаблон ×870
https://n-e-n.ru/knigi/kniga/skazki-starogo-lesa-myagkaya-oblozhka-funduk-i-dobraya-osen/,Сказки старого леса (мягкая обложка). Фундук и добрая осень,Кампелло Джудитта,Clever,3–5 лет,"семья, животные, природа, история, искусство, братья и сёстры","сказка, приключения, поэзия",177,2,описание: обрезанная аннотация издательства; «почему рекомендуем»: шаблон ×656
https://n-e-n.ru/knigi/kniga/skazki-starogo-lesa-progulka-po-lesu/,Сказки старого леса. Прогулка по лесу,Кампелло Джудитта,Clever,3–5 лет,"дружба, животные, природа, искусство, юмор","сказка, приключения, юмор",163,2,описание: обрезанная аннотация издательства; «почему рекомендуем»: шаблон ×870
https://n-e-n.ru/knigi/kniga/skazki-starogo-lesa-funduk-i-dobraya-osen/,Сказки старого леса. Фундук и добрая осень,Кампелло Джудитта,Clever,3–5 лет,"дружба, семья, животные, природа, искусство","сказка, поэзия",171,2,описание: обрезанная аннотация издательства; «почему рекомендуем»: шаблон ×656
https://n-e-n.ru/knigi/kniga/skazki-komiksy/,Сказки-комиксы,Бернер Ротраут Сюзанне,Мелик-Пашаев,4–10 лет,"семья, искусство, волшебство, братья и сёстры",сказка,168,2,описание: обрезанная аннотация издательства; «почему рекомендуем»: шаблон ×656
https://n-e-n.ru/knigi/kniga/skazki-malyutki/,Сказки-малютки,Г. Цыферов,Эксмо,6–11 лет,природа,сказка,141,2,«почему рекомендуем»: шаблон ×656; нет поля: число страниц
https://n-e-n.ru/knigi/kniga/skazochnye-priklyucheniya-kota-alfreda/,Сказочные приключения кота Альфреда,Юлиана Протасова; Ольга Сакович,Альпина.Дети,5–9 лет,"дружба, животные, искусство, путешествия, отношения, первая любовь","фэнтези, приключения",180,2,описание: обрезанная аннотация издательства; «почему рекомендуем»: шаблон ×669
https://n-e-n.ru/knigi/kniga/skarabey-serdtsa/,Скарабей сердца,Савиор Пиротта,Альпина.Дети,7–12 лет,"дружба, семья, животные, история, искусство, братья и сёстры","фэнтези, детектив, приключения",177,2,описание: обрезанная аннотация издательства; «почему рекомендуем»: шаблон ×870
https://n-e-n.ru/knigi/kniga/skryabka-otshelnik/,Скрябка-отшельник,Билл Пит,Мелик-Пашаев,4–10 лет,"школа, искусство, волшебство",сказка,166,2,описание: обрезанная аннотация издательства; «почему рекомендуем»: шаблон ×26
https://n-e-n.ru/knigi/kniga/skuns-frenki-fu-bober-bobert/,Скунс Фрэнки Фу. Бобёр Боберт,Бёрджесс У. Торнтон,Мелик-Пашаев,4–10 лет,"школа, животные, волшебство",реалистическая проза,171,2,описание: обрезанная аннотация издательства; «почему рекомендуем»: шаблон ×26
https://n-e-n.ru/knigi/kniga/slavyanskie-skazaniya/,Славянские сказания,Светлана Лаврова,Белый город,7–12 лет,волшебство,сказка,62,2,«почему рекомендуем»: шаблон ×870; нет поля: число страниц
https://n-e-n.ru/knigi/kniga/sledy-zhizn-zverey-i-ptits-v-kartinkah-i-nebolshih-rasskazah/,Следы. Жизнь зверей и птиц в картинках и небольших рассказах,Пётр Багин,Мелик-Пашаев,4–10 лет,"семья, животные, природа, искусство, отношения","юмор, семейная история",169,2,описание: обрезанная аннотация издательства; «почему рекомендуем»: шаблон ×669
https://n-e-n.ru/knigi/kniga/slezlivyy-klub/,Слезливый клуб,Йерде Кристиан Виик,Самокат,7–9 лет,"дружба, школа, животные, природа, искусство",приключения,179,2,описание: обрезанная аннотация издательства; «почему рекомендуем»: шаблон ×669
https://n-e-n.ru/knigi/kniga/slepaya-kuritsa-hromaya-utka/,"Слепая курица, хромая утка",Ульрих Хуб,Самокат,4–6 лет,"семья, животные, братья и сёстры",сказка,180,2,описание: обрезанная аннотация издательства; «почему рекомендуем»: шаблон ×870
https://n-e-n.ru/knigi/kniga/slovno-iskra/,Словно искра,Элль Макниколл,Альпина.Дети,9–14 лет,"дружба, семья, животные, природа, экология, смелость",реалистическая проза,178,2,описание: обрезанная аннотация издательства; «почему рекомендуем»: шаблон ×656
https://n-e-n.ru/knigi/kniga/slomannoe-uho/,Сломанное ухо,Эрже,Мелик-Пашаев,7–14 лет,"животные, природа, волшебство",реалистическая проза,177,2,описание: обрезанная аннотация издательства; «почему рекомендуем»: шаблон ×870
https://n-e-n.ru/knigi/kniga/slon-v-polnom-smysle-etogo-slova-skazki/,Слон в полном смысле этого слова. Сказки,Евгений Клюев,Самокат,7–9 лет,"школа, животные, природа, экология, театр","сказка, юмор",176,2,описание: обрезанная аннотация издательства; «почему рекомендуем»: шаблон ×656
https://n-e-n.ru/knigi/kniga/slushay-slushay/,Слушай! Слушай!,Филлис Гершейтор,Поляндрия,3–7 лет,"животные, природа, экология, искусство, музыка","фэнтези, поэзия",173,2,описание: обрезанная аннотация издательства; «почему рекомендуем»: шаблон ×656
https://n-e-n.ru/knigi/kniga/smysh-i-roy-vremya-chudes/,Смыш и Рой. Время чудес,Джойс Данбар,Мелик-Пашаев,4–6 лет,"животные, волшебство",семейная история,177,2,описание: обрезанная аннотация издательства; «почему рекомендуем»: шаблон ×669
https://n-e-n.ru/knigi/kniga/sobaka-pes/,Собака Пёс,Даниэль Пеннак,Самокат,7–9 лет,"животные, приключения",сказка,176,2,описание: обрезанная аннотация издательства; «почему рекомендуем»: шаблон ×870
https://n-e-n.ru/knigi/kniga/sobachiy-vals/,Собачий вальс,Светлана Гуиняшвили,Азбука-Аттикус,6–11 лет,животные,реалистическая проза,125,2,«почему рекомендуем»: шаблон ×656; нет поля: число страниц
https://n-e-n.ru/knigi/kniga/sobiratel-sosulek/,Собиратель сосулек,Михаил Яснов,Самокат,4–6 лет,"искусство, взросление, юмор","сказка, детектив, юмор, поэзия",172,2,описание: обрезанная аннотация издательства; «почему рекомендуем»: шаблон ×870
https://n-e-n.ru/knigi/kniga/sovetskaya-seriya-voennaya-tayna-golubaya-chashka-timur-i-ego-komanda/,Советская серия. Военная тайна. Голубая чашка. Тимур и его команда. Чук и Гек,Гайдар Аркадий,Clever,8–12 лет,"дружба, семья, школа, искусство",детектив,168,2,описание: обрезанная аннотация издательства; «почему рекомендуем»: шаблон ×870
https://n-e-n.ru/knigi/kniga/sokrovische-krasnogo-rakkama/,Сокровище Красного Раккама,Эрже,Мелик-Пашаев,7–14 лет,"животные, путешествия, морские приключения, изобретения, отношения",приключения,175,2,описание: обрезанная аннотация издательства; «почему рекомендуем»: шаблон ×669
https://n-e-n.ru/knigi/kniga/solntse/,Солнце,Сэм Ашер,Поляндрия,3–7 лет,"семья, искусство, приключения",приключения,172,2,описание: обрезанная аннотация издательства; «почему рекомендуем»: шаблон ×656
https://n-e-n.ru/knigi/kniga/solntse-skvoz-paltsy/,Солнце сквозь пальцы,Габриэле Клима,КомпасГид,16–17 лет,"дружба, школа, животные, взросление, инклюзия, ответственность",реалистическая проза,177,2,описание: обрезанная аннотация издательства; «почему рекомендуем»: шаблон ×122
https://n-e-n.ru/knigi/kniga/solnyshko-na-pamyat/,Солнышко на память,Михаил Спартакович Пляцковский,АСТ,6–11 лет,отношения,реалистическая проза,143,2,«почему рекомендуем»: шаблон ×656; «почему рекомендуем»: «о» вместо «об»
https://n-e-n.ru/knigi/kniga/sonnye-skazki-pro-zhivotnyh-dlya-chteniya-pered-snom/,Сонные сказки про животных для чтения перед сном,Фогель Кирстен,Clever,4–7 лет,"дружба, животные, природа, искусство, юмор, эмоции, страх","сказка, юмор",176,2,описание: обрезанная аннотация издательства; «почему рекомендуем»: шаблон ×656
https://n-e-n.ru/knigi/kniga/sonnye-skazki-pro-zhivotnyh-zverskie-skazki-o-druzhbe-10-istoriy-dlya/,Сонные сказки про животных. Зверские сказки о дружбе. 10 историй для совместного чтения,Фогель Кирстен,Clever,4–7 лет,"дружба, семья, животные, искусство, спорт, братья и сёстры, эмоции, страх","сказка, приключения",178,2,описание: обрезанная аннотация издательства; «почему рекомендуем»: шаблон ×669
https://n-e-n.ru/knigi/kniga/sonya-iz-7-buee/,Соня из 7„Буээ“,Алексей Олейников; Тимофей Яржомбек,Белая ворона,12–17 лет,"школа, буллинг",реалистическая проза,178,2,описание: обрезанная аннотация издательства; «почему рекомендуем»: шаблон ×120
https://n-e-n.ru/knigi/kniga/sorochinskaya-yarmarka/,Сорочинская ярмарка,Николай Васильевич Гоголь,АСТ,7–12 лет,отношения,реалистическая проза,168,2,«почему рекомендуем»: шаблон ×669; «почему рекомендуем»: «о» вместо «об»
https://n-e-n.ru/knigi/kniga/sorochi-skazki/,Сорочьи сказки,Алексей Толстой,Мелик-Пашаев,7–10 лет,"животные, юмор, волшебство","сказка, фэнтези, юмор",179,2,описание: обрезанная аннотация издательства; «почему рекомендуем»: шаблон ×656
https://n-e-n.ru/knigi/kniga/spasateli-bez-golovy/,Спасатели без головы,Маша Трауб,Эксмо,7–12 лет,"дружба, семья, животные, природа, юмор, эмоции, смелость","приключения, юмор",177,2,описание: обрезанная аннотация издательства; «почему рекомендуем»: шаблон ×870
https://n-e-n.ru/knigi/kniga/spi-drakosha-bayu-bay/,"Спи, дракоша, баю-бай!",Шульц Бьянка,Clever,2–5 лет,"семья, школа, детский сад, животные, искусство, эмоции","сказка, юмор",176,2,описание: обрезанная аннотация издательства; «почему рекомендуем»: шаблон ×870
https://n-e-n.ru/knigi/kniga/spisok-nemyslimyh-strahov/,Список немыслимых страхов,Крамер Джессика Каспер,Самокат,13–15 лет,"семья, животные, история, братья и сёстры, страх, смерть, детектив",детектив,180,2,описание: обрезанная аннотация издательства; «почему рекомендуем»: шаблон ×120
https://n-e-n.ru/knigi/kniga/spletni-i-k-pop/,Сплетни и K-pop,Александра Янг,Like Book,12–17 лет,"семья, животные, музыка",реалистическая проза,177,2,описание: обрезанная аннотация издательства; «почему рекомендуем»: шаблон ×122
https://n-e-n.ru/knigi/kniga/spoylery/,Спойлеры,Елена Клишина,Самокат,13–15 лет,"дружба, семья, школа, животные, история, братья и сёстры, смерть, война",сказка,177,2,описание: обрезанная аннотация издательства; «почему рекомендуем»: шаблон ×870
https://n-e-n.ru/knigi/kniga/spokoynoy-nochi-shmyak/,"Спокойной ночи, Шмяк!",Скоттон Роб,Clever,3–5 лет,"семья, школа, детский сад, животные, искусство, эмоции","приключения, юмор",178,2,описание: обрезанная аннотация издательства; «почему рекомендуем»: шаблон ×870
https://n-e-n.ru/knigi/kniga/steklyannye-lyagushki-tri-istorii-o-vybore/,Стеклянные лягушки : три истории о выборе,Мария Ботева; Вишнякова Наталья; Сергеева Татьяна,КомпасГид,12–17 лет,"дружба, спорт, взросление",реалистическая проза,178,2,описание: обрезанная аннотация издательства; «почему рекомендуем»: шаблон ×120
https://n-e-n.ru/knigi/kniga/sto-platev/,Сто платьев,Элинор Эстес,Мелик-Пашаев,7–10 лет,волшебство,семейная история,173,2,описание: обрезанная аннотация издательства; «почему рекомендуем»: шаблон ×870
https://n-e-n.ru/knigi/kniga/storozh-savanny/,Сторож саванны,Луда,Мелик-Пашаев,4–10 лет,"животные, природа, искусство, волшебство",сказка,178,2,описание: обрезанная аннотация издательства; «почему рекомендуем»: шаблон ×656
https://n-e-n.ru/knigi/kniga/strashilki-pod-cherdakom/,Страшилки под чердаком,Лариса Назарова; Лев Григорян (Алексей Шпагин); Виктория Стеблева,Альпина.Дети,12–17 лет,"искусство, юмор, приключения, страх","приключения, юмор",179,2,описание: обрезанная аннотация издательства; «почему рекомендуем»: шаблон ×870
https://n-e-n.ru/knigi/kniga/strashnye-skazki-zhenschiny-v-belom/,Страшные сказки Женщины в белом,Крис Пристли,Самокат,13–15 лет,"школа, природа, путешествия, взросление, приключения",сказка,180,2,описание: обрезанная аннотация издательства; «почему рекомендуем»: шаблон ×870
https://n-e-n.ru/knigi/kniga/strashnye-skazki-dyadyushki-montegyu/,Страшные сказки дядюшки Монтегю,Крис Пристли,Самокат,13–15 лет,"школа, животные, история",сказка,179,2,описание: обрезанная аннотация издательства; «почему рекомендуем»: шаблон ×122
https://n-e-n.ru/knigi/kniga/strashnye-skazki-s-chernogo-korablya/,Страшные сказки с Чёрного корабля,Крис Пристли,Самокат,13–15 лет,морские приключения,сказка,174,2,описание: обрезанная аннотация издательства; «почему рекомендуем»: шаблон ×120
https://n-e-n.ru/knigi/kniga/sunduchok-semeynyh-skazok-masterskaya-dedushki-uchim-tsveta-i-schitaem/,Сундучок семейных сказок. Мастерская дедушки. Учим цвета и считаем до 5,Джулиано Ларисса,Clever,2–4 лет,"семья, искусство","поэзия, семейная история",153,2,«почему рекомендуем»: шаблон ×656; возраст: «2–4 лет» → «2–4 года»
https://n-e-n.ru/knigi/kniga/schastlivye-konki/,Счастливые коньки,Наталья Савушкина; Алиса Юфа,Альпина.Дети,7–12 лет,"дружба, школа, искусство, спорт, приключения",детектив,178,2,описание: обрезанная аннотация издательства; «почему рекомендуем»: шаблон ×656
https://n-e-n.ru/knigi/kniga/schastlivyy-neudachnik/,Счастливый неудачник,Вадим Шефнер,Белая ворона,9–13 лет,"школа, история, война",реалистическая проза,173,2,описание: обрезанная аннотация издательства; «почему рекомендуем»: шаблон ×870
https://n-e-n.ru/knigi/kniga/tainstvennaya-zvezda/,Таинственная звезда,Эрже,Мелик-Пашаев,7–14 лет,"животные, природа, космос, путешествия, морские приключения",реалистическая проза,175,2,описание: обрезанная аннотация издательства; «почему рекомендуем»: шаблон ×870
https://n-e-n.ru/knigi/kniga/tayna-lidii/,Тайна Лидии,Сеттерхольм Финн,КомпасГид,10–15 лет,"школа, искусство, приключения","детектив, приключения",179,2,описание: обрезанная аннотация издательства; «почему рекомендуем»: шаблон ×122
https://n-e-n.ru/knigi/kniga/tayna-zabroshennogo-zamka/,Тайна заброшенного замка,А. Волков,АСТ,6–11 лет,приключения,фэнтези,165,2,«почему рекомендуем»: шаблон ×669; автор: имя записано по-разному в разных карточках
https://n-e-n.ru/knigi/kniga/tayna-zasnezhennogo-lesa/,Тайна заснеженного леса,Вероника Медведева,Эксмо,7–12 лет,"дружба, семья, животные, природа, волшебство","сказка, фэнтези, детектив",180,2,описание: обрезанная аннотация издательства; «почему рекомендуем»: шаблон ×656
https://n-e-n.ru/knigi/kniga/tayna-zloveschego-sgovora/,Тайна зловещего сговора,Антон Иванов,Эксмо,6–11 лет,"приключения, детектив",детектив,162,2,«почему рекомендуем»: шаблон ×656; автор: имя записано по-разному в разных карточках
https://n-e-n.ru/knigi/kniga/tayna-nochnogo-lesa/,Тайна ночного леса,Виталий Бянки,Стрекоза,6–11 лет,"животные, природа, братья и сёстры",реалистическая проза,151,2,«почему рекомендуем»: шаблон ×870; нет поля: число страниц
https://n-e-n.ru/knigi/kniga/tayna-propavshey-ekspeditsii/,Тайна пропавшей экспедиции,Евгений Рудашевский,КомпасГид,12–17 лет,"животные, природа, спорт, путешествия, приключения, эмоции, детектив","детектив, приключения",179,2,описание: обрезанная аннотация издательства; «почему рекомендуем»: шаблон ×120
https://n-e-n.ru/knigi/kniga/taynyy-agent-shmyak/,Тайный агент Шмяк,Скоттон Роб,Clever,3–6 лет,"дружба, школа, детский сад, животные, искусство, творчество","детектив, приключения, юмор",175,2,описание: обрезанная аннотация издательства; «почему рекомендуем»: шаблон ×870
https://n-e-n.ru/knigi/kniga/taynyy-plan-uzhasnogo-genri/,Тайный план Ужасного Генри,Франческа Саймон,Мелик-Пашаев,7–10 лет,"школа, животные, искусство, волшебство",детектив,178,2,описание: обрезанная аннотация издательства; «почему рекомендуем»: шаблон ×870
https://n-e-n.ru/knigi/kniga/taynyy-hod-v-buduschee/,Тайный ход в будущее,Сара М. Кемпен,Эксмо,7–12 лет,"школа, животные, волшебство","сказка, фэнтези, научная фантастика",176,2,описание: обрезанная аннотация издательства; «почему рекомендуем»: шаблон ×870
https://n-e-n.ru/knigi/kniga/tarif-sny-i-skazki/,Тариф «Сны и сказки»,Алексей Олейников; Никита Терешин,Альпина.Дети,7–12 лет,"семья, животные, природа, искусство, волшебство","сказка, фэнтези",175,2,описание: обрезанная аннотация издательства; «почему рекомендуем»: шаблон ×656
https://n-e-n.ru/knigi/kniga/tvoy-vyhod-ben/,"Твой выход, Бен!",Сабине Энгель,Мелик-Пашаев,7–14 лет,"семья, школа, животные, театр, волшебство, братья и сёстры","сказка, семейная история",178,2,описание: обрезанная аннотация издательства; «почему рекомендуем»: шаблон ×870
https://n-e-n.ru/knigi/kniga/teatr-dzhanni-rodari/,Театр Джанни Родари,Джанни Родари,Белая ворона,12–17 лет,"семья, школа, животные, театр",поэзия,179,2,описание: обрезанная аннотация издательства; «почему рекомендуем»: шаблон ×870
https://n-e-n.ru/knigi/kniga/teni-radovara/,Тени Радовара,Марлус Морсхёйс,КомпасГид,13–17 лет,"дружба, взросление, отношения, приключения, фантастика","фэнтези, научная фантастика, приключения",177,2,описание: обрезанная аннотация издательства; «почему рекомендуем»: шаблон ×120
https://n-e-n.ru/knigi/kniga/teo-teatralnyy-kapitan/,Тео — театральный капитан,Нина Дашевская,Самокат,4–6 лет,"семья, животные, музыка, театр, приключения, братья и сёстры","сказка, приключения",174,2,описание: обрезанная аннотация издательства; «почему рекомендуем»: шаблон ×870
https://n-e-n.ru/knigi/kniga/terem-teremok-i-drugie-skazki/,Терем-теремок и другие сказки,Владимир Сутеев,АСТ,6–11 лет,животные,сказка,146,2,«почему рекомендуем»: шаблон ×870; нет поля: число страниц
https://n-e-n.ru/knigi/kniga/teremok/,Теремок,Ольга Капица; Мария Вахрушева,Альпина.Дети,5–9 лет,"дружба, животные, искусство, юмор","сказка, юмор",177,2,описание: обрезанная аннотация издательства; «почему рекомендуем»: шаблон ×669
https://n-e-n.ru/knigi/kniga/tessa-tikkardi-i-sekret-vremeni/,Тесса Тиккарди и секрет времени,Меццанотте Давиде,Эксмо,7–12 лет,"семья, природа, путешествия, приключения","фэнтези, научная фантастика",175,2,описание: обрезанная аннотация издательства; «почему рекомендуем»: шаблон ×669
https://n-e-n.ru/knigi/kniga/tetradki-pod-dozhdem/,Тетрадки под дождём,Виктор Голявкин,АСТ,6–11 лет,отношения,реалистическая проза,147,2,«почему рекомендуем»: шаблон ×656; «почему рекомендуем»: «о» вместо «об»
https://n-e-n.ru/knigi/kniga/tetrad-viki-t/,Тетрадь Вики Т.,Артур Гиваргизов,Мелик-Пашаев,7–10 лет,"семья, животные, искусство, волшебство",реалистическая проза,171,2,описание: обрезанная аннотация издательства; «почему рекомендуем»: шаблон ×656
https://n-e-n.ru/knigi/kniga/tigr-v-kletochku/,Тигр в клеточку,Андрей Усачёв,АСТ,6–11 лет,животные,реалистическая проза,158,2,«почему рекомендуем»: шаблон ×656; автор: имя записано по-разному в разных карточках
https://n-e-n.ru/knigi/kniga/tigromuh-i-tigrokot/,Тигромух и Тигрокот,Михаил Лукашевич,Архипелаг,2–4 лет,"животные, юмор","юмор, поэзия",82,2,«почему рекомендуем»: шаблон ×656; возраст: «2–4 лет» → «2–4 года»
https://n-e-n.ru/knigi/kniga/tintin-v-amerike/,Тинтин в Америке,Эрже,Мелик-Пашаев,7–14 лет,"семья, путешествия, волшебство, братья и сёстры",реалистическая проза,176,2,описание: обрезанная аннотация издательства; «почему рекомендуем»: шаблон ×669
https://n-e-n.ru/knigi/kniga/tintin-v-kongo/,Тинтин в Конго,Эрже,Мелик-Пашаев,7–14 лет,"дружба, животные, природа, путешествия, морские приключения",реалистическая проза,174,2,описание: обрезанная аннотация издательства; «почему рекомендуем»: шаблон ×669
https://n-e-n.ru/knigi/kniga/tintin-v-strane-chernogo-zolota/,Тинтин в стране черного золота,Эрже,Мелик-Пашаев,7–14 лет,"животные, волшебство",детектив,170,2,описание: обрезанная аннотация издательства; «почему рекомендуем»: шаблон ×669
https://n-e-n.ru/knigi/kniga/tobi-lolness/,Тоби Лолнесс,Тимоте де Фомбель,,10–15 лет,"семья, природа, безопасность","фэнтези, приключения",107,2,«почему рекомендуем»: шаблон ×870; нет поля: издательство
https://n-e-n.ru/knigi/kniga/tomas-drimm-kniga-2-voyna-s-derevyami-nachnetsya-trinadtsatogo/,Томас Дримм. Книга 2. Война с деревьями начнется тринадцатого,Ковеларт Дидье ван,КомпасГид,13–17 лет,"природа, история, приключения, война","фэнтези, научная фантастика, приключения",179,2,описание: обрезанная аннотация издательства; «почему рекомендуем»: шаблон ×122
https://n-e-n.ru/knigi/kniga/tomas-drimm-kniga-3-vremya-ostanovitsya-v-12-05/,Томас Дримм. Книга 3. Время остановится в 12:05,Ковеларт Дидье ван,КомпасГид,13–17 лет,"животные, взросление, приключения","фэнтези, научная фантастика, приключения",178,2,описание: обрезанная аннотация издательства; «почему рекомендуем»: шаблон ×122
https://n-e-n.ru/knigi/kniga/traktor-leonard-i-bolshoe-priklyuchenie/,Трактор Леонард и большое приключение,Кольб Суза,Clever,3–5 лет,"дружба, животные, искусство, спорт, путешествия, смелость","приключения, юмор",177,2,описание: обрезанная аннотация издательства; «почему рекомендуем»: шаблон ×669
https://n-e-n.ru/knigi/kniga/traktor-leonard-traktor-leonard-i-zagadochnyy-gost/,Трактор Леонард. Трактор Леонард и загадочный гость,Кольб Суза,Clever,3–5 лет,"дружба, семья, животные, искусство, приключения, детектив","детектив, приключения",169,2,описание: обрезанная аннотация издательства; «почему рекомендуем»: шаблон ×669
https://n-e-n.ru/knigi/kniga/traktor-leonard-traktor-leonard-i-sekretnaya-missiya/,Трактор Леонард. Трактор Леонард и секретная миссия,Кольб Суза,Clever,3–5 лет,"дружба, семья, животные, природа, искусство","приключения, юмор",172,2,описание: обрезанная аннотация издательства; «почему рекомендуем»: шаблон ×669
https://n-e-n.ru/knigi/kniga/tri-schastlivyh-lva/,Три Счастливых Льва,Луиза Фатио,Мелик-Пашаев,4–6 лет,"животные, волшебство, эмоции",сказка,180,2,описание: обрезанная аннотация издательства; «почему рекомендуем»: шаблон ×870
https://n-e-n.ru/knigi/kniga/tri-bogatyrya-bogatyrskaya-kniga-priklyucheniy/,Три богатыря. Богатырская книга приключений,Ирина Позина,Эксмо,7–12 лет,"семья, история, путешествия, приключения","детектив, приключения",177,2,описание: обрезанная аннотация издательства; «почему рекомендуем»: шаблон ×669
https://n-e-n.ru/knigi/kniga/tri-skazki-pro-lisu/,Три сказки про лису,Алексей Толстой,Мелик-Пашаев,2–6 лет,"животные, волшебство",сказка,179,2,описание: обрезанная аннотация издательства; «почему рекомендуем»: шаблон ×669
https://n-e-n.ru/knigi/kniga/tri-tvoih-imeni/,Три твоих имени,Дина Сабитова,Розовый жираф,7–12 лет,отношения,реалистическая проза,128,2,«почему рекомендуем»: шаблон ×870; нет поля: число страниц
https://n-e-n.ru/knigi/kniga/tri-yunyh-detektiva-falshivyy-futbolist/,Три юных детектива. Фальшивый футболист,Борис Пфайффер,Эксмо,7–12 лет,"дружба, семья, животные, природа, космос, братья и сёстры, детектив","сказка, детектив, приключения",175,2,описание: обрезанная аннотация издательства; «почему рекомендуем»: шаблон ×870
https://n-e-n.ru/knigi/kniga/trilobity-ne-vinovaty/,Трилобиты не виноваты,Светлана Лаврова,Самокат,10–12 лет,"семья, животные, природа, история, искусство, братья и сёстры, ответственность",реалистическая проза,174,2,описание: обрезанная аннотация издательства; «почему рекомендуем»: шаблон ×870
https://n-e-n.ru/knigi/kniga/trinadtsataya-skazka/,Тринадцатая сказка,Диана Сеттерфилд,Азбука-Аттикус,12–17 лет,"семья, школа, взросление, волшебство, творчество",сказка,179,2,описание: обрезанная аннотация издательства; «почему рекомендуем»: шаблон ×120
https://n-e-n.ru/knigi/kniga/truslivyy-klayd/,Трусливый Клайд,Билл Пит,Мелик-Пашаев,4–10 лет,"школа, искусство, морские приключения, волшебство",сказка,176,2,описание: обрезанная аннотация издательства; «почему рекомендуем»: шаблон ×26
https://n-e-n.ru/knigi/kniga/tryam-zdravstvuyte/,Трям! Здравствуйте!,Сергей Козлов,АСТ,6–11 лет,"дружба, животные",реалистическая проза,157,2,«почему рекомендуем»: шаблон ×870; автор: имя записано по-разному в разных карточках
https://n-e-n.ru/knigi/kniga/tuman/,Туман,Марта Палаццези,КомпасГид,10–15 лет,приключения,приключения,178,2,описание: обрезанная аннотация издательства; «почему рекомендуем»: шаблон ×870
https://n-e-n.ru/knigi/kniga/tut-zveri-i-ptitsy-na-kazhdoy-stranitse/,Тут звери и птицы на каждой странице,Татьяна Рабцева,Архипелаг,2–4 лет,животные,поэзия,97,2,«почему рекомендуем»: шаблон ×870; возраст: «2–4 лет» → «2–4 года»
https://n-e-n.ru/knigi/kniga/ty-gde-leopold/,"Ты где, Леопольд?",Мишель Ив Шмидтт; Винсент Ко,Альпина.Дети,6–10 лет,"семья, искусство, братья и сёстры",реалистическая проза,178,2,описание: обрезанная аннотация издательства; «почему рекомендуем»: шаблон ×656
https://n-e-n.ru/knigi/kniga/ty-ostaneshsya-moim-drugom/,Ты останешься моим другом?,Ютта Лангройтер,Поляндрия,3–7 лет,"дружба, животные, искусство, отношения, юмор","детектив, юмор",178,2,описание: обрезанная аннотация издательства; «почему рекомендуем»: шаблон ×870
https://n-e-n.ru/knigi/kniga/ty-moy-talisman/,Ты — мой талисман!,Ирина Лейк; Анастасия Ярошенко,Альпина.Дети,5–9 лет,"дружба, семья, животные, природа, искусство","фэнтези, приключения",179,2,описание: обрезанная аннотация издательства; «почему рекомендуем»: шаблон ×656
https://n-e-n.ru/knigi/kniga/tyazheloe-serdtse/,Тяжёлое сердце,Питер Карнавас,Поляндрия,3–7 лет,"животные, искусство, волшебство",фэнтези,179,2,«почему рекомендуем»: шаблон ×870; автор: фамилия перед именем
https://n-e-n.ru/knigi/kniga/tyapa-i-lyapa-edut-v-otpusk/,Тяпа и Ляпа едут в отпуск,Нойдерт Цее,Clever,3–5 лет,"дружба, семья, школа, детский сад, животные, братья и сёстры","сказка, юмор, семейная история",175,2,описание: обрезанная аннотация издательства; «почему рекомендуем»: шаблон ×656
https://n-e-n.ru/knigi/kniga/tyapa-i-lyapa-ne-boyatsya-chudisch/,Тяпа и Ляпа не боятся чудищ,Нойдерт Цее,Clever,3–5 лет,"дружба, животные, искусство, юмор, приключения, страх","сказка, приключения, юмор",175,2,описание: обрезанная аннотация издательства; «почему рекомендуем»: шаблон ×656
https://n-e-n.ru/knigi/kniga/tyapa-i-lyapa-ssoritsya-zaprescheno/,Тяпа и Ляпа. Ссориться запрещено!,Нойдерт Цее,Clever,3–5 лет,"дружба, животные, искусство, отношения, юмор, страх","сказка, приключения, юмор",175,2,описание: обрезанная аннотация издательства; «почему рекомендуем»: шаблон ×656
https://n-e-n.ru/knigi/kniga/u-serebryanogo-ozera/,У Серебряного озера,Инглз Уайлдер Лора,Мелик-Пашаев,4–14 лет,"семья, животные, волшебство",реалистическая проза,177,2,описание: обрезанная аннотация издательства; «почему рекомендуем»: шаблон ×26
https://n-e-n.ru/knigi/kniga/u-kota-byla-sobaka/,У кота была собака,Анастасия Шанская,Самокат,7–9 лет,"дружба, животные, отношения, юмор, приключения, страх","приключения, юмор",180,2,описание: обрезанная аннотация издательства; «почему рекомендуем»: шаблон ×669
https://n-e-n.ru/knigi/kniga/u-menya-budet-ostrov/,У меня будет остров!,Клара Фехер,Мелик-Пашаев,7–10 лет,"семья, школа, морские приключения, волшебство, братья и сёстры",реалистическая проза,174,2,описание: обрезанная аннотация издательства; «почему рекомендуем»: шаблон ×656
https://n-e-n.ru/knigi/kniga/ubit-peresmeshnika/,Убить пересмешника,Харпер Ли,АСТ,14–17 лет,"семья, безопасность, взросление","историческая проза, семейная история",105,2,«почему рекомендуем»: шаблон ×656; автор: фамилия перед именем
https://n-e-n.ru/knigi/kniga/udalit-etu-zapis/,Удалить эту запись?,Лариса Романовская,Самокат,13–15 лет,"школа, животные",реалистическая проза,169,2,описание: обрезанная аннотация издательства; «почему рекомендуем»: шаблон ×122
https://n-e-n.ru/knigi/kniga/udar-skorpiona/,Удар Скорпиона,Анна Зенькова,КомпасГид,13–17 лет,"дружба, школа, животные, взросление",реалистическая проза,179,2,описание: обрезанная аннотация издательства; «почему рекомендуем»: шаблон ×870
https://n-e-n.ru/knigi/kniga/udivitelnye-priklyucheniya-mauliny-shmitt-chast-1-moe-razrushennoe/,Удивительные приключения Маулины Шмитт. Часть 1. Моё разрушенное королевство,Финн-Оле Хайнрих,Самокат,10–12 лет,"семья, животные, приключения",приключения,173,2,описание: обрезанная аннотация издательства; «почему рекомендуем»: шаблон ×122
https://n-e-n.ru/knigi/kniga/udivitelnye-priklyucheniya-mauliny-shmitt-chast-2-v-ozhidanii-chuda/,Удивительные приключения Маулины Шмитт. Часть 2. В ожидании чуда,Финн-Оле Хайнрих,Самокат,10–12 лет,"дружба, семья, волшебство, приключения","фэнтези, приключения",178,2,описание: обрезанная аннотация издательства; «почему рекомендуем»: шаблон ×122
https://n-e-n.ru/knigi/kniga/uzhasno-smeshnye-istorii-skeleta-olivera-skelet-oliver-i-pohischenie/,Ужасно смешные истории скелета Оливера. Скелет Оливер и похищение привидения,Кампелло Джудитта,Clever,6–8 лет,"дружба, семья, школа, животные, природа, детектив","детектив, приключения, юмор",169,2,описание: обрезанная аннотация издательства; «почему рекомендуем»: шаблон ×669
https://n-e-n.ru/knigi/kniga/uzhasnyy-genri/,Ужасный Генри,Франческа Саймон,Мелик-Пашаев,7–10 лет,"семья, школа, взросление, волшебство",реалистическая проза,175,2,описание: обрезанная аннотация издательства; «почему рекомендуем»: шаблон ×870
https://n-e-n.ru/knigi/kniga/uznik-dvenadtsati-provintsiy/,Узник Двенадцати провинций,Франсуа Плас,КомпасГид,13–17 лет,"взросление, приключения, смелость","фэнтези, научная фантастика, приключения",180,2,описание: обрезанная аннотация издательства; «почему рекомендуем»: шаблон ×122
https://n-e-n.ru/knigi/kniga/ulichnyy-kot-po-imeni-bob/,Уличный кот по имени Боб,Джеймс Боуэн,АСТ,12–17 лет,"животные, музыка",реалистическая проза,175,2,описание: обрезанная аннотация издательства; «почему рекомендуем»: шаблон ×120
https://n-e-n.ru/knigi/kniga/umeesh-li-ty-svistet-yohanna/,"Умеешь ли ты свистеть, Йоханна?",Ульф Старк,Самокат,7–9 лет,"дружба, семья, животные, природа, юмор","сказка, юмор",176,2,описание: обрезанная аннотация издательства; «почему рекомендуем»: шаблон ×669
https://n-e-n.ru/knigi/kniga/umnaya-sobachka-sonya/,Умная собачка Соня,Андрей Усачёв,АСТ,5–9 лет,"животные, юмор, семья","сказка, юмор",101,2,«почему рекомендуем»: шаблон ×669; автор: имя записано по-разному в разных карточках
https://n-e-n.ru/knigi/kniga/urfin-dzhyus-i-ego-derevyannye-soldaty/,Урфин Джюс и его деревянные солдаты,Александр Волков,Азбука-Аттикус,7–11 лет,"дружба, волшебство, безопасность","фэнтези, приключения",114,2,«почему рекомендуем»: шаблон ×656; автор: имя записано по-разному в разных карточках
https://n-e-n.ru/knigi/kniga/uchitel-vranya/,Учитель вранья,Марк Харитонов,Азбука-Аттикус,6–11 лет,"отношения, братья и сёстры, страх",реалистическая проза,177,2,описание: обрезанная аннотация издательства; «почему рекомендуем»: шаблон ×870
https://n-e-n.ru/knigi/kniga/fantazery/,Фантазёры,Николай Носов,Азбука-Аттикус,6–9 лет,"дружба, юмор","реалистическая проза, юмор",101,2,«почему рекомендуем»: шаблон ×656; автор: имя записано по-разному в разных карточках
https://n-e-n.ru/knigi/kniga/fantasticheskiy-slon-edem-v-afriku/,Фантастический слон. Едем в Африку!,Михаэль Энглер,Поляндрия,3–7 лет,"семья, искусство",научная фантастика,171,2,описание: обрезанная аннотация издательства; «почему рекомендуем»: шаблон ×669
https://n-e-n.ru/knigi/kniga/felina-naperstochek-i-volshebnaya-posylka/,Фелина Наперсточек и волшебная посылка,Катя Хемкентокракс,Эксмо,7–12 лет,"семья, животные, волшебство, приключения, смелость","сказка, фэнтези, научная фантастика",178,2,описание: обрезанная аннотация издательства; «почему рекомендуем»: шаблон ×870
https://n-e-n.ru/knigi/kniga/fialki-tsvetut-zimoy/,Фиалки цветут зимой,Пессан Дельфина,КомпасГид,12–17 лет,"животные, искусство",реалистическая проза,169,2,описание: обрезанная аннотация издательства; «почему рекомендуем»: шаблон ×120
https://n-e-n.ru/knigi/kniga/fizika-tuzika/,Физика Тузика,Алексей Зайцев,Самокат,4–6 лет,"семья, школа, животные, природа, экология",поэзия,177,2,описание: обрезанная аннотация издательства; «почему рекомендуем»: шаблон ×656
https://n-e-n.ru/knigi/kniga/findus-pereezzhaet/,Финдус переезжает,Свен Нурдквист,Белая ворона,4–7 лет,"дружба, отношения, животные","семейная история, юмор",110,2,«почему рекомендуем»: шаблон ×37; нет поля: число страниц
https://n-e-n.ru/knigi/kniga/flon-flon-i-myuzett/,Флон-Флон и Мюзетт,Эльжбета,Самокат,4–6 лет,"семья, животные, история, искусство, взросление, эмоции, страх, война",реалистическая проза,178,2,описание: обрезанная аннотация издательства; «почему рекомендуем»: шаблон ×669
https://n-e-n.ru/knigi/kniga/formula-z/,Формула Z,Артём Ляхович,Самокат,13–15 лет,"мифология, волшебство, приключения",сказка,177,2,описание: обрезанная аннотация издательства; «почему рекомендуем»: шаблон ×120
https://n-e-n.ru/knigi/kniga/fotografii-na-pamyat-sbornik/,Фотографии на память (Сборник),Мария Мартиросова,КомпасГид,13–17 лет,"дружба, школа, животные, история, искусство, война",реалистическая проза,172,2,описание: обрезанная аннотация издательства; «почему рекомендуем»: шаблон ×122
https://n-e-n.ru/knigi/kniga/frederik/,Фредерик,Лео Лионни,Самокат,3–6 лет,животные,реалистическая проза,175,2,описание: обрезанная аннотация издательства; «почему рекомендуем»: шаблон ×669
https://n-e-n.ru/knigi/kniga/fridrih-lvinyy-zev-verhom-na-shmele/,Фридрих Львиный Зев. Верхом на шмеле,Верена Райнхардт,Самокат,10–12 лет,"семья, животные, история, мифология, приключения, война","сказка, фэнтези, детектив, приключения",171,2,описание: обрезанная аннотация издательства; «почему рекомендуем»: шаблон ×120
https://n-e-n.ru/knigi/kniga/fentezi-sport-pole-dush/,Фэнтези-спорт. Поле душ,Сэм Босма,Эксмо,7–12 лет,"дружба, животные, история, юмор, волшебство","сказка, фэнтези, приключения",171,2,описание: обрезанная аннотация издательства; «почему рекомендуем»: шаблон ×656
https://n-e-n.ru/knigi/kniga/hantyyskie-zagadki/,Хантыйские загадки,Е. А. Нёмысова,Poligrafist,7–12 лет,взросление,поэзия,129,2,«почему рекомендуем»: шаблон ×656; нет поля: число страниц
https://n-e-n.ru/knigi/kniga/hvost-avrory/,Хвост Авроры,Александра Лахтинен,Самокат,7–9 лет,"семья, животные, природа, история, мифология, братья и сёстры","сказка, фэнтези",177,2,описание: обрезанная аннотация издательства; «почему рекомендуем»: шаблон ×656
https://n-e-n.ru/knigi/kniga/heytery/,Хейтеры,Джесси Эндрюс,АСТ,12–17 лет,"дружба, семья, взросление, юмор, музыка, детектив","детектив, юмор",174,2,описание: обрезанная аннотация издательства; «почему рекомендуем»: шаблон ×870
https://n-e-n.ru/knigi/kniga/hischnaya-kofeynya/,Хищная кофейня,Александра Пушкина; Ника Милосердова,Эксмо,7–12 лет,"семья, природа, приключения","фэнтези, приключения",174,2,описание: обрезанная аннотация издательства; «почему рекомендуем»: шаблон ×669
https://n-e-n.ru/knigi/kniga/homyachok-frosh-druzya-v-poiskah-klada/,Хомячок Фрош: друзья в поисках клада,Елена Никитина,Поляндрия,3–7 лет,"дружба, животные, космос, искусство, приключения",приключения,177,2,описание: обрезанная аннотация издательства; «почему рекомендуем»: шаблон ×656
https://n-e-n.ru/knigi/kniga/horosho-byt-optimistom/,Хорошо быть оптимистом!,Марина Дружинина,Азбука-Аттикус,6–11 лет,отношения,реалистическая проза,72,2,«почему рекомендуем»: шаблон ×656; «почему рекомендуем»: «о» вместо «об»
https://n-e-n.ru/knigi/kniga/horosho-chto-ya-takoy/,Хорошо что я такой,Герман Лукомников,Самокат,4–6 лет,"дружба, семья, школа, искусство, спорт, эмоции","юмор, поэзия",169,2,описание: обрезанная аннотация издательства; «почему рекомендуем»: шаблон ×669
https://n-e-n.ru/knigi/kniga/hochu-byt-kak-ty/,Хочу быть как ты!,Чапмен Джейн,Clever,3–5 лет,"дружба, семья, животные, искусство, взросление","сказка, фэнтези",170,2,описание: обрезанная аннотация издательства; «почему рекомендуем»: шаблон ×669
https://n-e-n.ru/knigi/kniga/hrabryy-dikiy-porosenok/,Храбрый дикий поросёнок,Хейде Сильвия Ванден,Самокат,4–6 лет,"природа, юмор, волшебство, приключения","сказка, приключения, юмор",180,2,описание: обрезанная аннотация издательства; «почему рекомендуем»: шаблон ×870
https://n-e-n.ru/knigi/kniga/hram-solntsa/,Храм Солнца,Эрже,Мелик-Пашаев,7–14 лет,"дружба, животные, морские приключения, отношения, волшебство",реалистическая проза,174,2,описание: обрезанная аннотация издательства; «почему рекомендуем»: шаблон ×656
https://n-e-n.ru/knigi/kniga/hrestomatiya-detskoy-klassiki/,Хрестоматия детской классики,В. Рябченко,Азбука-Аттикус,6–11 лет,школа,"сказка, поэзия",173,2,«почему рекомендуем»: шаблон ×870; нет поля: число страниц
https://n-e-n.ru/knigi/kniga/hroniki-dragomira-kniga-3-sredi-oskolkov/,Хроники Драгомира. Книга 3. Среди осколков,Татьяна Лакизюк,КомпасГид,10–15 лет,"школа, животные, история, взросление, отношения","фэнтези, научная фантастика, приключения",177,2,описание: обрезанная аннотация издательства; «почему рекомендуем»: шаблон ×120
https://n-e-n.ru/knigi/kniga/tsarevny-alenka-i-zhivaya-voda/,Царевны. Аленка и живая вода,Наталья Каменских,Эксмо,7–12 лет,"животные, природа, взросление, юмор, волшебство","сказка, фэнтези, научная фантастика",169,2,описание: обрезанная аннотация издательства; «почему рекомендуем»: шаблон ×870
https://n-e-n.ru/knigi/kniga/tsarevny-sonya-i-raduzhnyy-vodopad/,Царевны. Соня и Радужный водопад,Наталья Каменских,Эксмо,7–10 лет,"семья, животные, природа, космос, взросление, ответственность","сказка, фэнтези, научная фантастика",168,2,описание: обрезанная аннотация издательства; «почему рекомендуем»: шаблон ×870
https://n-e-n.ru/knigi/kniga/tsarskaya-doch/,Царская дочь,Сельма Норт,Самокат,13–15 лет,"семья, братья и сёстры",сказка,175,2,описание: обрезанная аннотация издательства; «почему рекомендуем»: шаблон ×122
https://n-e-n.ru/knigi/kniga/tsvetik-semitsvetik/,Цветик-семицветик,Валентин Катаев,Азбука-Аттикус,5–9 лет,"волшебство, самооценка, отношения",сказка,112,2,«почему рекомендуем»: шаблон ×669; автор: имя записано по-разному в разных карточках
https://n-e-n.ru/knigi/kniga/tsirk-teney/,Цирк теней,Лидия Бранкович,Альпина.Дети,5–9 лет,"семья, животные, искусство, путешествия, волшебство, братья и сёстры, эмоции, страх","фэнтези, детектив",174,2,описание: обрезанная аннотация издательства; «почему рекомендуем»: шаблон ×870
https://n-e-n.ru/knigi/kniga/tsyplenok-zheltok/,Цыплёнок Желток,Юлия Весова; Мария Позднякова,Альпина.Дети,3–7 лет,"природа, экология, искусство, взросление, страх",реалистическая проза,180,2,описание: обрезанная аннотация издательства; «почему рекомендуем»: шаблон ×870
https://n-e-n.ru/knigi/kniga/charli-i-shokoladnaya-fabrika/,Чарли и шоколадная фабрика,Роальд Даль,Самокат,8–12 лет,"семья, волшебство, приключения","фэнтези, приключения",97,2,«почему рекомендуем»: шаблон ×870; автор: имя записано по-разному в разных карточках
https://n-e-n.ru/knigi/kniga/cherez-granitsu/,Через границу,Майя Лунде,Белая ворона,9–13 лет,"семья, школа, история, отношения, приключения, братья и сёстры, война",приключения,177,2,описание: обрезанная аннотация издательства; «почему рекомендуем»: шаблон ×669
https://n-e-n.ru/knigi/kniga/chernye-parusa/,Черные паруса,Борис Житков,Мелик-Пашаев,7–14 лет,"школа, искусство, морские приключения, волшебство, приключения",приключения,169,2,описание: обрезанная аннотация издательства; «почему рекомендуем»: шаблон ×870
https://n-e-n.ru/knigi/kniga/chetyre-rassledovaniya-kota-bergamota/,Четыре расследования кота Бергамота,Дениза Николаенко,Эксмо,12–17 лет,"животные, природа, взросление, волшебство, приключения, эмоции, творчество, детектив","детектив, приключения",170,2,описание: обрезанная аннотация издательства; «почему рекомендуем»: шаблон ×120
https://n-e-n.ru/knigi/kniga/chizhik-pyzhik/,Чижик-пыжик,Евгений Пермяк,АСТ,6–11 лет,отношения,реалистическая проза,28,2,«почему рекомендуем»: шаблон ×669; «почему рекомендуем»: «о» вместо «об»
https://n-e-n.ru/knigi/kniga/chistye-vraki/,Чистые враки,Александр Блинов,Самокат,10–12 лет,"животные, космос, искусство, взросление, юмор","сказка, юмор",176,2,описание: обрезанная аннотация издательства; «почему рекомендуем»: шаблон ×120
https://n-e-n.ru/knigi/kniga/chitaem-vmeste-chitayu-sam-samokat-dinka/,Читаем вместе. Читаю сам. Самокат Динька,Безлюдная Анастасия,Clever,5–7 лет,"семья, школа, животные, искусство, взросление","сказка, приключения, юмор",180,2,описание: обрезанная аннотация издательства; «почему рекомендуем»: шаблон ×656
https://n-e-n.ru/knigi/kniga/chto-my-prazdnuem-8-marta/,Что мы празднуем 8 марта,Сасса Бурегрен; Элин Линделл,Белая ворона,12–17 лет,"школа, животные",реалистическая проза,175,2,описание: обрезанная аннотация издательства; «почему рекомендуем»: шаблон ×870
https://n-e-n.ru/knigi/kniga/chudaki-i-zanudy/,Чудаки и зануды,Ульф Старк,Самокат,10–12 лет,"дружба, семья, школа, взросление, страх",сказка,178,2,описание: обрезанная аннотация издательства; «почему рекомендуем»: шаблон ×870
https://n-e-n.ru/knigi/kniga/chudovische-istoriya-nevozmozhnoy-lyubvi/,Чудовище. История невозможной любви,Серена Валентино,Эксмо,7–12 лет,"семья, животные, природа, отношения, волшебство, первая любовь","сказка, фэнтези",180,2,описание: обрезанная аннотация издательства; «почему рекомендуем»: шаблон ×870
https://n-e-n.ru/knigi/kniga/chuk-i-gek-povesti-i-rasskazy-dlya-detey/,Чук и Гек. Повести и рассказы для детей,Гайдар Аркадий,Clever,8–10 лет,"дружба, семья, школа, животные, искусство, братья и сёстры, смелость",приключения,173,2,описание: обрезанная аннотация издательства; «почему рекомендуем»: шаблон ×669
https://n-e-n.ru/knigi/kniga/chur-bez-potseluychikov/,"Чур, без поцелуйчиков",Томи Унгерер,Самокат,4–6 лет,"семья, школа, животные, искусство, взросление","сказка, юмор",165,2,описание: обрезанная аннотация издательства; «почему рекомендуем»: шаблон ×669
https://n-e-n.ru/knigi/kniga/shah-i-mat-sredi-zvezd/,Шах и мат среди звёзд,Алессандро Барбалья,Самокат,7–9 лет,"дружба, семья, животные, природа, космос, братья и сёстры","сказка, детектив",179,2,описание: обрезанная аннотация издательства; «почему рекомендуем»: шаблон ×656
https://n-e-n.ru/knigi/kniga/shedevry-detskoy-literatury-zolotoy-klyuchik-ili-priklyucheniya-buratino/,"Шедевры детской литературы. Золотой ключик, или Приключения Буратино",Толстой Алексей,Clever,6–8 лет,"дружба, семья, школа, животные, природа, смелость","сказка, детектив, приключения",180,2,описание: обрезанная аннотация издательства; «почему рекомендуем»: шаблон ×669
https://n-e-n.ru/knigi/kniga/shkodus-i-druzya-kak-stat-kotom/,Шкодус и друзья. Как стать котом,Арлен Александр,Clever,7–9 лет,"дружба, школа, животные, искусство, взросление, эмоции","сказка, приключения, юмор",175,2,описание: обрезанная аннотация издательства; «почему рекомендуем»: шаблон ×656
https://n-e-n.ru/knigi/kniga/shkodus-i-druzya-neobychnyy-pitomets/,Шкодус и друзья. Необычный питомец,Арлен Александр,Clever,6–9 лет,"дружба, семья, школа, животные, искусство","сказка, приключения, юмор",178,2,описание: обрезанная аннотация издательства; «почему рекомендуем»: шаблон ×669
https://n-e-n.ru/knigi/kniga/shkodus-i-druzya-polnyy-dom-kotov/,Шкодус и друзья. Полный дом котов,Арлен Александр,Clever,7–9 лет,"дружба, школа, детский сад, животные, искусство","сказка, приключения, юмор",179,2,описание: обрезанная аннотация издательства; «почему рекомендуем»: шаблон ×656
https://n-e-n.ru/knigi/kniga/shkola-risovaniya-goroshka/,Школа рисования Горошка,Давид Кали,Самокат,2–6 лет,"школа, наука, искусство, творчество",реалистическая проза,178,2,описание: обрезанная аннотация издательства; «почему рекомендуем»: шаблон ×870
https://n-e-n.ru/knigi/kniga/shkolnaya-klassika-malenkie-zhenschiny/,Школьная классика. Маленькие женщины,Mэй Олкотт Луиза,Clever,12–14 лет,"дружба, семья, школа, животные, искусство, братья и сёстры, первая любовь, эмоции, творчество",семейная история,174,2,описание: обрезанная аннотация издательства; «почему рекомендуем»: шаблон ×120
https://n-e-n.ru/knigi/kniga/shmyak-govorit-spasibo/,Шмяк говорит Спасибо,Скоттон Роб,Clever,3–5 лет,"дружба, семья, школа, детский сад, животные, творчество","приключения, юмор",177,2,описание: обрезанная аннотация издательства; «почему рекомендуем»: шаблон ×870
https://n-e-n.ru/knigi/kniga/shmyak-i-pingviny/,Шмяк и пингвины,Скоттон Роб,Clever,3–5 лет,"дружба, школа, детский сад, животные, искусство, творчество","приключения, юмор",180,2,описание: обрезанная аннотация издательства; «почему рекомендуем»: шаблон ×669
https://n-e-n.ru/knigi/kniga/shmyak-uchitsya-plavat/,Шмяк учится плавать,Скоттон Роб,Clever,3–5 лет,"дружба, школа, детский сад, животные, природа, страх, творчество",юмор,180,2,описание: обрезанная аннотация издательства; «почему рекомендуем»: шаблон ×870
https://n-e-n.ru/knigi/kniga/shmyak-slasti-ili-napasti/,Шмяк: сласти или напасти,Скоттон Роб,Clever,3–5 лет,"дружба, животные, искусство, взросление, юмор, страх","приключения, юмор",180,2,описание: обрезанная аннотация издательства; «почему рекомендуем»: шаблон ×870
https://n-e-n.ru/knigi/kniga/shtorm-v-serdtse-serdtse-shtorma/,Шторм в сердце. Сердце Шторма,Аннетте Херцог; Расмус Бранхой,Самокат,13–15 лет,"дружба, семья, школа, животные, путешествия, братья и сёстры, первая любовь, эмоции",сказка,174,2,описание: обрезанная аннотация издательства; «почему рекомендуем»: шаблон ×120
https://n-e-n.ru/knigi/kniga/shel-po-gorodu-skelet/,Шёл по городу скелет,Алексей Ерошин,Мелик-Пашаев,7–14 лет,"животные, юмор, волшебство","юмор, поэзия",178,2,описание: обрезанная аннотация издательства; «почему рекомендуем»: шаблон ×669
https://n-e-n.ru/knigi/kniga/shel-homyak-v-pidzhake/,Шёл хомяк в пиджаке,Игорь Шевчук,Самокат,4–6 лет,"животные, искусство, музыка, театр, юмор, творчество","юмор, поэзия",179,2,описание: обрезанная аннотация издательства; «почему рекомендуем»: шаблон ×656
https://n-e-n.ru/knigi/kniga/schenok-poppi-ili-sonnye-chary-vypusk-9/,"Щенок Поппи, или Сонные чары (выпуск 9)",Дейзи Медоус,Эксмо,7–12 лет,"семья, животные, приключения, братья и сёстры",приключения,179,2,описание: обрезанная аннотация издательства; «почему рекомендуем»: шаблон ×669
https://n-e-n.ru/knigi/kniga/edison-tayna-propavshego-sokrovischa/,Эдисон. Тайна пропавшего сокровища,Торбен Кульманн,Поляндрия,3–7 лет,"природа, искусство, путешествия, морские приключения, отношения","детектив, приключения",180,2,описание: обрезанная аннотация издательства; «почему рекомендуем»: шаблон ×669
https://n-e-n.ru/knigi/kniga/emili-laym-i-pohititeli-knig/,Эмили Лайм и похитители книг,Дейв Шелтон,КомпасГид,7–12 лет,"школа, взросление, юмор, приключения, детектив","детектив, приключения, юмор",177,2,описание: обрезанная аннотация издательства; «почему рекомендуем»: шаблон ×870
https://n-e-n.ru/knigi/kniga/entoni-doroga-k-drakonu/,Энтони: Дорога к дракону,Олег Бондарев; Артем Хорев; Сергей Карамушкин,Эксмо,7–12 лет,"животные, путешествия, взросление, приключения","сказка, приключения",177,2,описание: обрезанная аннотация издательства; «почему рекомендуем»: шаблон ×870
https://n-e-n.ru/knigi/kniga/erika-i-slon/,Эрика и Слон,Сильвия Бишоп,Поляндрия,3–7 лет,"дружба, искусство",реалистическая проза,180,2,описание: обрезанная аннотация издательства; «почему рекомендуем»: шаблон ×37
https://n-e-n.ru/knigi/kniga/eto-nash-4-n/,Это наш 4 «Н»,Виктория Ледерман,КомпасГид,6–10 лет,"школа, взросление, юмор, приключения","приключения, юмор",175,2,описание: обрезанная аннотация издательства; «почему рекомендуем»: шаблон ×870
https://n-e-n.ru/knigi/kniga/yulius-oduvanchik-drug-na-vse-vremena/,"Юлиус Одуванчик, друг на все времена",Андреас Х. Шмахтл,Поляндрия,3–7 лет,"семья, животные, природа, искусство, юмор, братья и сёстры, детектив","детектив, юмор",179,2,описание: обрезанная аннотация издательства; «почему рекомендуем»: шаблон ×669
https://n-e-n.ru/knigi/kniga/yuppi/,Юппи,Наталья Суханова,Мелик-Пашаев,7–14 лет,"школа, животные, космос, история, волшебство, фантастика","сказка, приключения, историческая проза",180,2,описание: обрезанная аннотация издательства; «почему рекомендуем»: шаблон ×656
https://n-e-n.ru/knigi/kniga/ya-bolshe-tak-ne-budu/,Я больше так не буду,Кларк Эмма Чичестер,Мелик-Пашаев,4–10 лет,"животные, природа, искусство, юмор, волшебство",юмор,180,2,описание: обрезанная аннотация издательства; «почему рекомендуем»: шаблон ×870
https://n-e-n.ru/knigi/kniga/ya-zdes-zhivu/,Я здесь живу,Мария Ботева,КомпасГид,13–17 лет,"дружба, семья, школа, животные, природа, братья и сёстры",приключения,176,2,описание: обрезанная аннотация издательства; «почему рекомендуем»: шаблон ×120
https://n-e-n.ru/knigi/kniga/ya-idu-iskat-v-sankt-peterburge/,Я иду искать в Санкт-Петербурге,Светлана Шахвердова,Альпина.Дети,3–14 лет,"животные, наука, путешествия, юмор, приключения","юмор, научно-популярная литература",179,2,описание: обрезанная аннотация издательства; «почему рекомендуем»: шаблон ×656
https://n-e-n.ru/knigi/kniga/ya-lyublyu-tebya-malysh-tri-istorii/,"Я люблю тебя, малыш! Три истории",Чапмен Джейн; Фридман Клэр,Clever,2–5 лет,"дружба, семья, детский сад, животные, искусство, братья и сёстры","сказка, фэнтези, поэзия",178,2,описание: обрезанная аннотация издательства; «почему рекомендуем»: шаблон ×656
https://n-e-n.ru/knigi/kniga/ya-na-oblake-letal/,Я на облаке летал,Михаил Спартакович Пляцковский,Эксмо,6–11 лет,отношения,поэзия,151,2,«почему рекомендуем»: шаблон ×669; «почему рекомендуем»: «о» вместо «об»
https://n-e-n.ru/knigi/kniga/ya-ne-tormoz/,Я не тормоз,Нина Дашевская,Самокат,10–12 лет,"животные, музыка",реалистическая проза,174,2,описание: обрезанная аннотация издательства; «почему рекомендуем»: шаблон ×122
https://n-e-n.ru/knigi/kniga/ya-nikomu-ne-skazhu/,Я никому не скажу,Пономарёва Светлана; Кинёва Нина,КомпасГид,12–17 лет,"семья, школа, животные, история, спорт, первая любовь",реалистическая проза,173,2,описание: обрезанная аннотация издательства; «почему рекомендуем»: шаблон ×870
https://n-e-n.ru/knigi/kniga/ya-razuchilas-spat/,Я разучилась спать,Бруно Зокка,Альпина.Дети,2–6 лет,"семья, животные, искусство",сказка,180,2,описание: обрезанная аннотация издательства; «почему рекомендуем»: шаблон ×656
https://n-e-n.ru/knigi/kniga/ya-sama/,Я сама!,Тони Росс,Мелик-Пашаев,2–6 лет,"волшебство, приключения",приключения,179,2,описание: обрезанная аннотация издательства; «почему рекомендуем»: шаблон ×669
https://n-e-n.ru/knigi/kniga/yamy/,Ямы,Луис Сашар,Росмэн,10–15 лет,"дружба, семья, безопасность","приключения, детектив",100,2,«почему рекомендуем»: шаблон ×120; нет поля: ISBN
https://n-e-n.ru/knigi/kniga/yarmarka-zakrytyh-dverey-8/,Ярмарка закрытых дверей (#8),Светлана Кривошлыкова,Эксмо,7–12 лет,"дружба, школа, животные, отношения, детектив",детектив,177,2,описание: обрезанная аннотация издательства; «почему рекомендуем»: шаблон ×669
https://n-e-n.ru/knigi/kniga/elka-nomer-chetyre/,Ёлка номер Четыре,Зуля Стадник,Архипелаг,6–12 лет,волшебство,сказка,95,1,«почему рекомендуем»: шаблон ×870
https://n-e-n.ru/knigi/kniga/a-ty-postaraysya/,А ты постарайся!,Виктор Голявкин,АСТ,7–12 лет,дружба,реалистическая проза,43,1,«почему рекомендуем»: шаблон ×870
https://n-e-n.ru/knigi/kniga/akuliska-vrag-rediski-i-drugie-istorii-o-lise-i-porosenke/,Акулиска — враг редиски и другие истории о Лисе и Поросёнке,Бьёрн Рёрвик,Самокат,5–8 лет,"животные, дружба, приключения, юмор, детектив","сборник рассказов, приключения",113,1,«почему рекомендуем»: шаблон ×656
https://n-e-n.ru/knigi/kniga/ane-zavtra-v-detskiy-sad/,Ане завтра в детский сад,Майя Бессонова,Архипелаг,6–12 лет,детский сад,реалистическая проза,77,1,«почему рекомендуем»: шаблон ×656
https://n-e-n.ru/knigi/kniga/anka-vyhodi/,"Анька, выходи!",Юлия Весова,Архипелаг,5–10 лет,"дружба, природа",реалистическая проза,72,1,«почему рекомендуем»: шаблон ×870
https://n-e-n.ru/knigi/kniga/bagazh/,Багаж,Самуил Маршак,АСТ,3–7 лет,"животные, путешествия, юмор","юмор, поэзия",111,1,«почему рекомендуем»: шаблон ×669
https://n-e-n.ru/knigi/kniga/barankin-bud-chelovekom/,"Баранкин, будь человеком!",Валерий Медведев,Азбука-Аттикус,7–11 лет,"школа, природа, самооценка","сказка, юмор",103,1,«почему рекомендуем»: шаблон ×669
https://n-e-n.ru/knigi/kniga/belyy-klyk/,Белый Клык,Джек Лондон,АСТ,11–16 лет,"животные, природа, отношения",приключения,95,1,«почему рекомендуем»: шаблон ×120
https://n-e-n.ru/knigi/kniga/besprizornaya-koshka/,Беспризорная кошка,Борис Житков,АСТ,6–11 лет,животные,реалистическая проза,151,1,«почему рекомендуем»: шаблон ×669
https://n-e-n.ru/knigi/kniga/brat-yunnat/,Брат-юннат,Станислав Востоков,Белая ворона,9–13 лет,"семья, школа, животные, юмор, братья и сёстры",юмор,120,1,«почему рекомендуем»: шаблон ×870
https://n-e-n.ru/knigi/kniga/bratya-daltony/,Братья Далтоны,Рене Госинни,Мелик-Пашаев,7–14 лет,"семья, волшебство, братья и сёстры",семейная история,126,1,«почему рекомендуем»: шаблон ×870
https://n-e-n.ru/knigi/kniga/byuro-lesnyh-uslug/,Бюро лесных услуг,Н. Сладков,АСТ,6–11 лет,животные,реалистическая проза,178,1,«почему рекомендуем»: шаблон ×656
https://n-e-n.ru/knigi/kniga/venok-iz-kolokolchikov/,Венок из колокольчиков,Ирина Пивоварова,Архипелаг,6–10 лет,отношения,поэзия,77,1,«почему рекомендуем»: шаблон ×870
https://n-e-n.ru/knigi/kniga/veseloe-puteshestvie-ot-a-do-ya/,Весёлое путешествие от А до Я,Самуил Маршак,АСТ,3–7 лет,"путешествия, юмор",поэзия,145,1,«почему рекомендуем»: шаблон ×870
https://n-e-n.ru/knigi/kniga/veter-v-ivah/,Ветер в ивах,Кеннет Грэм,Стрекоза,7–12 лет,"дружба, животные, природа","сказка, приключения",100,1,«почему рекомендуем»: шаблон ×669
https://n-e-n.ru/knigi/kniga/vinni-puh/,Винни-Пух,Алан Александр Милн,АСТ,5–10 лет,"дружба, животные, юмор, творчество","сказка, юмор",105,1,«почему рекомендуем»: шаблон ×870
https://n-e-n.ru/knigi/kniga/vovka-senka-i-zhuki-dnevnik-nablyudeniy-starshego-brata/,"Вовка, Сенька и жуки. Дневник наблюдений старшего брата",Ирина Дружаева,Архипелаг,5–10 лет,"семья, школа, природа, братья и сёстры",реалистическая проза,119,1,«почему рекомендуем»: шаблон ×669
https://n-e-n.ru/knigi/kniga/volshebnaya-igolochka/,Волшебная иголочка,В. Осеева,АСТ,6–11 лет,"волшебство, смелость, доброта",поэзия,155,1,«почему рекомендуем»: шаблон ×669
https://n-e-n.ru/knigi/kniga/volshebnoe-slovo/,Волшебное слово,В. Осеева,АСТ,6–11 лет,дружба,фэнтези,92,1,«почему рекомендуем»: шаблон ×669
https://n-e-n.ru/knigi/kniga/volshebnyy-magazin/,Волшебный магазин,Владимир Сутеев,АСТ,6–11 лет,волшебство,фэнтези,164,1,«почему рекомендуем»: шаблон ×669
https://n-e-n.ru/knigi/kniga/vot-kakoy-rasseyannyy/,Вот какой рассеянный,Самуил Маршак,АСТ,3–7 лет,"путешествия, юмор","юмор, поэзия",100,1,«почему рекомендуем»: шаблон ×870
https://n-e-n.ru/knigi/kniga/vse-luchshie-stihi-i-skazki/,Все лучшие стихи и сказки,Самуил Маршак,АСТ,6–11 лет,волшебство,поэзия,40,1,«почему рекомендуем»: шаблон ×656
https://n-e-n.ru/knigi/kniga/vse-samye-znamenitye-skazki-i-vrednye-sovety/,Все самые знаменитые сказки и вредные советы,Григорий Остер,АСТ,7–12 лет,животные,сказка,145,1,«почему рекомендуем»: шаблон ×656
https://n-e-n.ru/knigi/kniga/vse-skazochnye-istorii-v-odnoy-knige/,Все сказочные истории в одной книге,Григорий Остер,АСТ,6–11 лет,животные,сказка,145,1,«почему рекомендуем»: шаблон ×656
https://n-e-n.ru/knigi/kniga/vsya-sineva-neba/,Вся синева неба,Мелисса да Коста,КомпасГид,12–17 лет,приключения,приключения,142,1,«почему рекомендуем»: шаблон ×122
https://n-e-n.ru/knigi/kniga/garri-potter-i-filosofskiy-kamen/,Гарри Поттер и философский камень,Дж. К. Роулинг,Азбука-Аттикус,9–13 лет,"школа, дружба, волшебство, эмоции","фэнтези, приключения",113,1,«почему рекомендуем»: шаблон ×870
https://n-e-n.ru/knigi/kniga/gnezdo-marsupilami/,Гнездо марсупилами,Андре Франкен,Мелик-Пашаев,7–14 лет,"семья, животные, искусство, юмор, волшебство, творчество","приключения, юмор",142,1,«почему рекомендуем»: шаблон ×656
https://n-e-n.ru/knigi/kniga/golodnye-igry/,Голодные игры,Сьюзен Коллинз,АСТ,14–17 лет,"семья, безопасность, самооценка, братья и сёстры","научная фантастика, приключения",117,1,«почему рекомендуем»: шаблон ×122
https://n-e-n.ru/knigi/kniga/golubaya-businka/,Голубая бусинка,Мария Крюгер,Розовый жираф,6–10 лет,"волшебство, дружба, семья","фэнтези, приключения",108,1,«почему рекомендуем»: шаблон ×870
https://n-e-n.ru/knigi/kniga/gost-iz-mezozoya/,Гость из мезозоя,Андре Франкен,Мелик-Пашаев,7–14 лет,"семья, животные, искусство, юмор, волшебство, творчество","приключения, юмор",142,1,«почему рекомендуем»: шаблон ×656
https://n-e-n.ru/knigi/kniga/griby/,Грибы,Ирина Иванникова,Архипелаг,2–5 лет,отношения,поэзия,68,1,«почему рекомендуем»: шаблон ×870
https://n-e-n.ru/knigi/kniga/dayuschiy/,Дающий,Лоис Лоури,Азбука-Аттикус,13–17 лет,"взросление, отношения, самооценка",научная фантастика,118,1,«почему рекомендуем»: шаблон ×870
https://n-e-n.ru/knigi/kniga/dve-polovinki-serdtsa/,Две половинки сердца,Русе Лагеркранц,КомпасГид,7–10 лет,"дружба, школа, семья",повесть,141,1,«почему рекомендуем»: шаблон ×669
https://n-e-n.ru/knigi/kniga/devochka-s-zemli/,Девочка с Земли,Кир Булычёв,Азбука-Аттикус,7–12 лет,"наука, путешествия, дружба","научная фантастика, приключения",113,1,«почему рекомендуем»: шаблон ×669
https://n-e-n.ru/knigi/kniga/derevya/,Деревья,Наталия Волкова,Архипелаг,2–5 лет,природа,поэзия,74,1,«почему рекомендуем»: шаблон ×656
https://n-e-n.ru/knigi/kniga/derzhis-kurlik/,"Держись, курлик!",Виктория Топоногова,Архипелаг,6–10 лет,"дружба, юмор","сказка, юмор",91,1,«почему рекомендуем»: шаблон ×870
https://n-e-n.ru/knigi/kniga/deti-kapitana-granta/,Дети капитана Гранта,Жюль Верн,Азбука-Аттикус,10–15 лет,"семья, путешествия, наука",приключения,119,1,«почему рекомендуем»: шаблон ×120
https://n-e-n.ru/knigi/kniga/detskiy-sad-na-kolesikah/,Детский сад на колёсиках,Зуля Стадник,Архипелаг,2–6 лет,"детский сад, животные, юмор","сказка, юмор",104,1,«почему рекомендуем»: шаблон ×870
https://n-e-n.ru/knigi/kniga/detskiy-sad-na-kolesikah-gotovitsya-k-shkole/,Детский сад на колёсиках готовится к школе,Зуля Стадник,Архипелаг,2–6 лет,"дружба, школа, детский сад",сказка,95,1,«почему рекомендуем»: шаблон ×656
https://n-e-n.ru/knigi/kniga/detskiy-sad-na-kolesikah-i-novyy-god/,Детский сад на колёсиках и Новый год,Зуля Стадник,Архипелаг,2–6 лет,"дружба, детский сад",сказка,101,1,«почему рекомендуем»: шаблон ×870
https://n-e-n.ru/knigi/kniga/detskiy-sad-na-kolesikah-srednyaya-gruppa/,Детский сад на колёсиках. Средняя группа,Зуля Стадник,Архипелаг,2–6 лет,"детский сад, животные, юмор","сказка, юмор",121,1,«почему рекомендуем»: шаблон ×656
https://n-e-n.ru/knigi/kniga/dzhenni-i-lorentso/,Дженни и Лоренцо,Тони Штейнер,Поляндрия,3–7 лет,"дружба, искусство","сказка, поэзия",175,1,«почему рекомендуем»: шаблон ×669
https://n-e-n.ru/knigi/kniga/dilizhans/,Дилижанс,Рене Госинни,Мелик-Пашаев,7–14 лет,волшебство,семейная история,126,1,«почему рекомендуем»: шаблон ×656
https://n-e-n.ru/knigi/kniga/dobrye-skazki/,Добрые Сказки,Г. Цыферов,АСТ,7–12 лет,животные,сказка,141,1,«почему рекомендуем»: шаблон ×656
https://n-e-n.ru/knigi/kniga/dolgaya-zima/,Долгая зима,Инглз Уайлдер Лора,Мелик-Пашаев,7–14 лет,"школа, волшебство",семейная история,179,1,«почему рекомендуем»: шаблон ×870
https://n-e-n.ru/knigi/kniga/domashnie-zhivotnye/,Домашние животные,Дарья Миронова,Архипелаг,2–5 лет,животные,поэзия,67,1,«почему рекомендуем»: шаблон ×669
https://n-e-n.ru/knigi/kniga/doroga-po-prerii/,Дорога по прерии,Рене Госинни,Мелик-Пашаев,7–14 лет,"путешествия, волшебство",семейная история,126,1,«почему рекомендуем»: шаблон ×870
https://n-e-n.ru/knigi/kniga/druzya-moego-detstva/,Друзья моего детства,Г. Скребицкий,Стрекоза,7–12 лет,животные,реалистическая проза,145,1,«почему рекомендуем»: шаблон ×669
https://n-e-n.ru/knigi/kniga/durnaya-golova/,Дурная голова,Андре Франкен,Мелик-Пашаев,7–14 лет,"семья, животные, искусство, юмор, волшебство, творчество","приключения, юмор",142,1,«почему рекомендуем»: шаблон ×870
https://n-e-n.ru/knigi/kniga/zhivye-uzory/,Живые узоры,Дарья Миронова,Архипелаг,2–5 лет,"животные, природа",поэзия,60,1,«почему рекомендуем»: шаблон ×669
https://n-e-n.ru/knigi/kniga/zhizn-ivana-semenova-vtoroklassnika-i-vtorogodnika/,"Жизнь Ивана Семёнова, второклассника и второгодника",Лев Иванович Давыдычев,Азбука-Аттикус,7–12 лет,школа,реалистическая проза,174,1,«почему рекомендуем»: шаблон ×870
https://n-e-n.ru/knigi/kniga/zagaday-zhelanie/,Загадай желание,Александр Костинский,Азбука-Аттикус,6–11 лет,животные,реалистическая проза,163,1,«почему рекомендуем»: шаблон ×669
https://n-e-n.ru/knigi/kniga/zagadochnye-istorii/,Загадочные истории,Владимир Сутеев,АСТ,7–12 лет,животные,реалистическая проза,166,1,«почему рекомендуем»: шаблон ×669
https://n-e-n.ru/knigi/kniga/zayka-chitayka-i-propavshie-bukvy/,Зайка-Читайка и пропавшие буквы,Виктория Топоногова,Архипелаг,5–8 лет,приключения,"сказка, приключения",75,1,«почему рекомендуем»: шаблон ×870
https://n-e-n.ru/knigi/kniga/zayka-chitayka-i-puteshestvie-v-alfabetikus/,Зайка-Читайка и путешествие в Альфабетикус,Виктория Топоногова,Архипелаг,5–8 лет,"путешествия, приключения","сказка, приключения",94,1,«почему рекомендуем»: шаблон ×656
https://n-e-n.ru/knigi/kniga/zov-predkov/,Зов предков,Джек Лондон,Азбука-Аттикус,11–16 лет,"животные, природа, безопасность",приключения,99,1,«почему рекомендуем»: шаблон ×122
https://n-e-n.ru/knigi/kniga/zolotoy-klyuchik-ili-priklyucheniya-buratino/,"Золотой ключик, или Приключения Буратино",Алексей Толстой,Азбука-Аттикус,6–10 лет,"дружба, волшебство, приключения","сказка, приключения",122,1,«почему рекомендуем»: шаблон ×669
https://n-e-n.ru/knigi/kniga/zolushka/,Золушка,Шарль Перро,Стрекоза,5–9 лет,"волшебство, семья",литературная сказка,122,1,«почему рекомендуем»: шаблон ×669
https://n-e-n.ru/knigi/kniga/idem-v-teatr/,Идём в театр!,Ирина Иванникова,Архипелаг,6–12 лет,"семья, театр",поэзия,85,1,«почему рекомендуем»: шаблон ×656
https://n-e-n.ru/knigi/kniga/kak-ya-teper-zhivu/,Как я теперь живу,Мег Розофф,Белая ворона,12–17 лет,"школа, животные",реалистическая проза,164,1,«почему рекомендуем»: шаблон ×120
https://n-e-n.ru/knigi/kniga/kvak-i-zhab-vmeste/,Квак и Жаб вместе,Арнольд Лобел,Розовый жираф,5–8 лет,"дружба, животные","реалистическая проза, юмор",102,1,«почему рекомендуем»: шаблон ×669
https://n-e-n.ru/knigi/kniga/kniga-dlya-chteniya-detyam-do-treh-let/,Книга для чтения детям до трех лет,Юрий Кравец,АСТ,5–9 лет,школа,поэзия,146,1,«почему рекомендуем»: шаблон ×669
https://n-e-n.ru/knigi/kniga/koralina/,Коралина,Нил Гейман,АСТ,10–14 лет,"семья, волшебство, безопасность",фэнтези,95,1,«почему рекомендуем»: шаблон ×120
https://n-e-n.ru/knigi/kniga/kortik/,Кортик,Анатолий Рыбаков,Азбука-Аттикус,9–14 лет,"дружба, история, приключения, война","детектив, историческая проза, приключения",102,1,«почему рекомендуем»: шаблон ×870
https://n-e-n.ru/knigi/kniga/kotenok-shmyak/,Котёнок Шмяк,Роб Скоттон,Clever,4–7 лет,"школа, дружба, животные","семейная история, юмор",118,1,«почему рекомендуем»: шаблон ×656
https://n-e-n.ru/knigi/kniga/kotenok-po-imeni-gav/,Котёнок по имени Гав,Григорий Остер,Азбука-Аттикус,6–11 лет,животные,реалистическая проза,169,1,«почему рекомендуем»: шаблон ×870
https://n-e-n.ru/knigi/kniga/koshkin-dom/,Кошкин дом,Самуил Маршак,АСТ,6–11 лет,животные,"сказка, поэзия",154,1,«почему рекомендуем»: шаблон ×656
https://n-e-n.ru/knigi/kniga/krylatye-vyrazheniya/,Крылатые выражения,Игорь Шевчук,Архипелаг,5–12 лет,отношения,поэзия,72,1,«почему рекомендуем»: шаблон ×870
https://n-e-n.ru/knigi/kniga/kryshi-letyat-skazki-pereulka-stroiteley/,Крыши летят! Сказки переулка Строителей,Зуля Стадник,Архипелаг,6–12 лет,волшебство,сказка,104,1,«почему рекомендуем»: шаблон ×870
https://n-e-n.ru/knigi/kniga/kurlik-murrlik-i-peschera-hudozhnika/,"Курлик, муррлик и пещера художника",Виктория Топоногова,Архипелаг,6–10 лет,"дружба, искусство, приключения","сказка, приключения",77,1,«почему рекомендуем»: шаблон ×669
https://n-e-n.ru/knigi/kniga/kysh-dva-portfelya-i-tselaya-nedelya-kysh-i-ya-v-krymu/,"Кыш, Два портфеля и целая неделя; Кыш и я в Крыму",Юз Алешковский,АСТ,6–11 лет,отношения,реалистическая проза,147,1,«почему рекомендуем»: шаблон ×870
https://n-e-n.ru/knigi/kniga/lebednadtsat-lebedey-i-chaeksyat-chaek-sevastopolskie-progulki/,Лебеднадцать лебедей и чаексят чаек. Севастопольские прогулки,Михаил Лукашевич,Архипелаг,3–6 лет,природа,реалистическая проза,132,1,«почему рекомендуем»: шаблон ×656
https://n-e-n.ru/knigi/kniga/leti-skorey-zubnaya-feya/,"Лети скорей, зубная фея!",Алёна Кашура,Архипелаг,3–5 лет,волшебство,сказка,93,1,«почему рекомендуем»: шаблон ×656
https://n-e-n.ru/knigi/kniga/logovo-mureny/,Логово мурены,Андре Франкен,Мелик-Пашаев,7–14 лет,"семья, животные, искусство, юмор, волшебство, творчество","приключения, юмор",142,1,«почему рекомендуем»: шаблон ×656
https://n-e-n.ru/knigi/kniga/lotta-s-gorlastoy-ulitsy/,Лотта с Горластой улицы,Астрид Линдгрен,АСТ,5–9 лет,"семья, самооценка","реалистическая проза, семейная история",106,1,«почему рекомендуем»: шаблон ×669
https://n-e-n.ru/knigi/kniga/madiken/,Мадикен,Астрид Линдгрен,АСТ,7–11 лет,"семья, дружба, самооценка","реалистическая проза, семейная история",134,1,«почему рекомендуем»: шаблон ×656
https://n-e-n.ru/knigi/kniga/malahitovaya-shkatulka/,Малахитовая шкатулка,Павел Бажов,АСТ,7–12 лет,волшебство,сказка,63,1,«почему рекомендуем»: шаблон ×669
https://n-e-n.ru/knigi/kniga/malenkaya-printsessa/,Маленькая принцесса,Фрэнсис Ходжсон Бёрнетт,Азбука-Аттикус,9–14 лет,"школа, самооценка, отношения, смерть","семейная история, реалистическая проза",119,1,«почему рекомендуем»: шаблон ×656
https://n-e-n.ru/knigi/kniga/malenkie-zhenschiny/,Маленькие женщины,Луиза Мэй Олкотт,Азбука-Аттикус,11–16 лет,"семья, взросление, искусство, братья и сёстры, война","семейная история, реалистическая проза",108,1,«почему рекомендуем»: шаблон ×120
https://n-e-n.ru/knigi/kniga/malenkoe-goluboe-plate/,Маленькое Голубое Платье,Майя Бессонова,Архипелаг,4–8 лет,дружба,реалистическая проза,96,1,«почему рекомендуем»: шаблон ×870
https://n-e-n.ru/knigi/kniga/malysh-i-karlson-kotoryy-zhivet-na-kryshe/,"Малыш и Карлсон, который живёт на крыше",Астрид Линдгрен,Азбука-Аттикус,6–10 лет,"семья, дружба, юмор","сказка, юмор",108,1,«почему рекомендуем»: шаблон ×656
https://n-e-n.ru/knigi/kniga/malchik-so-shpagoy/,Мальчик со шпагой,Владислав Крапивин,Азбука-Аттикус,10–15 лет,"дружба, безопасность, самооценка, эмоции","реалистическая проза, приключения",117,1,«почему рекомендуем»: шаблон ×120
https://n-e-n.ru/knigi/kniga/malyutka-laban-priklyucheniya-v-zamke/,Малютка Лабан. Приключения в замке,Ингер; Лассе Сандберг,Белая ворона,3–6 лет,"семья, школа, детский сад, волшебство, приключения","фэнтези, приключения",150,1,«почему рекомендуем»: шаблон ×870
https://n-e-n.ru/knigi/kniga/mama-v-karmashke/,Мама в кармашке,Зуля Стадник,Архипелаг,2–5 лет,семья,реалистическая проза,71,1,«почему рекомендуем»: шаблон ×669
https://n-e-n.ru/knigi/kniga/manyunya/,Манюня,Наринэ Абгарян,АСТ,10–14 лет,"семья, дружба, юмор, история","автобиографическая повесть, комедия",133,1,«почему рекомендуем»: шаблон ×656
https://n-e-n.ru/knigi/kniga/marfa-iz-sosnovki/,Марфа из Сосновки,Нина Павлова,Архипелаг,3–8 лет,юмор,"сказка, юмор",76,1,«почему рекомендуем»: шаблон ×669
https://n-e-n.ru/knigi/kniga/marfa-speshit-na-pomosch/,Марфа спешит на помощь,Нина Павлова,Архипелаг,3–8 лет,приключения,"сказка, приключения",78,1,«почему рекомендуем»: шаблон ×656
https://n-e-n.ru/knigi/kniga/medvezhonok-paddington/,Медвежонок Паддингтон,Майкл Бонд,Азбука-Аттикус,5–9 лет,"семья, культурное разнообразие, приключения","юмор, семейная история",115,1,«почему рекомендуем»: шаблон ×870
https://n-e-n.ru/knigi/kniga/meshok-yablok/,Мешок яблок,Владимир Сутеев,АСТ,6–11 лет,животные,реалистическая проза,38,1,«почему рекомендуем»: шаблон ×870
https://n-e-n.ru/knigi/kniga/moroz-ivanovich/,Мороз Иванович,Владимир Одоевский,Мелик-Пашаев,4–6 лет,волшебство,сказка,165,1,«почему рекомендуем»: шаблон ×669
https://n-e-n.ru/knigi/kniga/mufta-polbotinka-i-mohovaya-boroda/,"Муфта, Полботинка и Моховая Борода",Эно Рауд,АСТ,6–11 лет,"дружба, природа, приключения","фэнтези, приключения",106,1,«почему рекомендуем»: шаблон ×870
https://n-e-n.ru/knigi/kniga/my-vse-iz-byullerbyu/,Мы все из Бюллербю,Астрид Линдгрен,Азбука-Аттикус,6–10 лет,"дружба, семья, природа","реалистическая проза, семейная история",98,1,«почему рекомендуем»: шаблон ×870
https://n-e-n.ru/knigi/kniga/naverno-ya-esche-malenkiy/,"Наверно, я еще маленький",Ася Петрова,РИПОЛ классик,12–17 лет,"взросление, братья и сёстры",реалистическая проза,155,1,«почему рекомендуем»: шаблон ×870
https://n-e-n.ru/knigi/kniga/ne-budu-prosit-proscheniya/,Не буду просить прощения,Софья Прокофьева,АСТ,6–11 лет,"школа, семья",реалистическая проза,155,1,«почему рекомендуем»: шаблон ×656
https://n-e-n.ru/knigi/kniga/ne-tyani-kota-za-hvost/,Не тяни кота за хвост,Юлия Весова,Архипелаг,5–12 лет,животные,поэзия,69,1,«почему рекомендуем»: шаблон ×669
https://n-e-n.ru/knigi/kniga/nedopesok/,Недопесок,Юрий Коваль; Илья Бернштейн; Р. Лейбов; О. А. Лекманов; Евгения Двоскина,Азбука-Аттикус,7–12 лет,животные,реалистическая проза,161,1,«почему рекомендуем»: шаблон ×870
https://n-e-n.ru/knigi/kniga/nuzhno-prosto-zarychat/,Нужно просто зарычать,Ксения Горбунова,Архипелаг,3–8 лет,волшебство,сказка,73,1,«почему рекомендуем»: шаблон ×870
https://n-e-n.ru/knigi/kniga/o-kapitanah-i-piratah/,О капитанах и пиратах,Анатолий Митяев,Мелик-Пашаев,4–6 лет,"морские приключения, волшебство",сказка,168,1,«почему рекомендуем»: шаблон ×870
https://n-e-n.ru/knigi/kniga/oliviya/,Оливия,Иэн Фалконер,Азбука-Аттикус,3–7 лет,"семья, искусство, самооценка","семейная история, юмор",104,1,«почему рекомендуем»: шаблон ×870
https://n-e-n.ru/knigi/kniga/ostrov-vezeniya/,Остров везения,Миша Самарский,Эксмо,7–12 лет,животные,реалистическая проза,174,1,«почему рекомендуем»: шаблон ×870
https://n-e-n.ru/knigi/kniga/ohotnichi-istorii/,Охотничьи истории,Геннадий Снегирёв,OLISS,7–12 лет,животные,реалистическая проза,147,1,«почему рекомендуем»: шаблон ×870
https://n-e-n.ru/knigi/kniga/ochumelyy-ptits/,Очумелый Птиц,Михаил Лукашевич,Архипелаг,6–10 лет,животные,поэзия,87,1,«почему рекомендуем»: шаблон ×669
https://n-e-n.ru/knigi/kniga/pautina-sharlotty/,Паутина Шарлотты,Элвин Брукс Уайт,АСТ,7–11 лет,"дружба, животные, природа","сказка, семейная история",111,1,«почему рекомендуем»: шаблон ×669
https://n-e-n.ru/knigi/kniga/peppi-dlinnyychulok/,Пеппи Длинныйчулок,Астрид Линдгрен,АСТ,6–11 лет,"дружба, самооценка, приключения","приключения, юмор",108,1,«почему рекомендуем»: шаблон ×669
https://n-e-n.ru/knigi/kniga/pervaya-chetvert/,Первая четверть,Нина Павлова,Архипелаг,5–10 лет,школа,реалистическая проза,79,1,«почему рекомендуем»: шаблон ×870
https://n-e-n.ru/knigi/kniga/persi-dzhekson-i-pohititel-molniy/,Перси Джексон и Похититель молний,Рик Риордан,Эксмо,10–14 лет,"семья, дружба, приключения","фэнтези, приключения",110,1,«почему рекомендуем»: шаблон ×122
https://n-e-n.ru/knigi/kniga/piter-pen/,Питер Пэн,Джеймс Барри,АСТ,3–12 лет,"семья, волшебство",фэнтези,106,1,«почему рекомендуем»: шаблон ×870
https://n-e-n.ru/knigi/kniga/pod-gribom/,Под грибом,Владимир Сутеев,АСТ,2–6 лет,"животные, дружба, природа",сказка,88,1,«почему рекомендуем»: шаблон ×37
https://n-e-n.ru/knigi/kniga/pollianna/,Поллианна,Элинор Портер,Азбука-Аттикус,9–14 лет,"семья, самооценка, отношения","семейная история, реалистическая проза",102,1,«почему рекомендуем»: шаблон ×656
https://n-e-n.ru/knigi/kniga/pohititeli-marsupilami/,Похитители марсупилами,Андре Франкен,Мелик-Пашаев,7–14 лет,"семья, животные, искусство, юмор, волшебство, творчество","приключения, юмор",142,1,«почему рекомендуем»: шаблон ×669
https://n-e-n.ru/knigi/kniga/priklyucheniya-vasi-kurolesova/,Приключения Васи Куролесова,Юрий Коваль,Эксмо,7–12 лет,"приключения, детектив",приключения,156,1,«почему рекомендуем»: шаблон ×669
https://n-e-n.ru/knigi/kniga/priklyucheniya-geklberri-finna/,Приключения Гекльберри Финна,Марк Твен,Азбука-Аттикус,12–17 лет,"дружба, путешествия, безопасность","приключения, историческая проза",119,1,«почему рекомендуем»: шаблон ×122
https://n-e-n.ru/knigi/kniga/priklyucheniya-mishki-ushastika/,Приключения Мишки Ушастика,Чеслав Янчарский,Эксмо,5–8 лет,"дружба, животные, семья","сказка, семейная история",101,1,«почему рекомендуем»: шаблон ×870
https://n-e-n.ru/knigi/kniga/priklyucheniya-toma-soyera/,Приключения Тома Сойера,Марк Твен,АСТ,9–14 лет,"дружба, школа, приключения","приключения, юмор",108,1,«почему рекомендуем»: шаблон ×656
https://n-e-n.ru/knigi/kniga/priklyucheniya-kapitana-vrungelya/,Приключения капитана Врунгеля,Андрей Некрасов,Азбука-Аттикус,7–12 лет,"путешествия, юмор, приключения","приключения, юмор",89,1,«почему рекомендуем»: шаблон ×656
https://n-e-n.ru/knigi/kniga/rog-nosoroga/,Рог носорога,Андре Франкен,Мелик-Пашаев,7–14 лет,"семья, животные, искусство, юмор, волшебство, творчество","приключения, юмор",142,1,«почему рекомендуем»: шаблон ×870
https://n-e-n.ru/knigi/kniga/samye-lyubimye-skazki/,Самые любимые сказки,Владимир Сутеев,АСТ,6–11 лет,животные,сказка,146,1,«почему рекомендуем»: шаблон ×870
https://n-e-n.ru/knigi/kniga/samyy-bolshoy-drug-i-drugie-skazki/,Самый большой друг и другие сказки,Софья Прокофьева,АСТ,6–11 лет,"дружба, волшебство",сказка,147,1,«почему рекомендуем»: шаблон ×656
https://n-e-n.ru/knigi/kniga/serebryanye-konki/,Серебряные коньки,Мэри Мейпс Додж,Азбука-Аттикус,9–14 лет,"семья, дружба, культурное разнообразие, братья и сёстры","семейная история, историческая проза",103,1,«почему рекомендуем»: шаблон ×669
https://n-e-n.ru/knigi/kniga/skazka-o-glupom-myshonke/,Сказка о глупом мышонке,Самуил Маршак,АСТ,3–7 лет,"животные, семья","сказка, поэзия",77,1,«почему рекомендуем»: шаблон ×656
https://n-e-n.ru/knigi/kniga/skazka-s-podrobnostyami/,Сказка с подробностями,Григорий Остер,АСТ,6–11 лет,волшебство,сказка,54,1,«почему рекомендуем»: шаблон ×870
https://n-e-n.ru/knigi/kniga/skazki-i-kartinki/,Сказки и картинки,Владимир Сутеев,АСТ,6–11 лет,животные,сказка,83,1,«почему рекомендуем»: шаблон ×669
https://n-e-n.ru/knigi/kniga/skazki-po-telefonu/,Сказки по телефону,Джанни Родари,Эксмо,5–10 лет,"семья, волшебство, юмор","сказка, юмор",104,1,«почему рекомендуем»: шаблон ×870
https://n-e-n.ru/knigi/kniga/skazki-starinnogo-goroda/,Сказки старинного города,Г. Цыферов,АСТ,6–11 лет,волшебство,сказка,141,1,«почему рекомендуем»: шаблон ×669
https://n-e-n.ru/knigi/kniga/skazki-pesni-zagadki/,"Сказки, песни, загадки",Самуил Маршак; Владимир Васильевич Лебедев,АСТ,6–11 лет,"животные, волшебство","сказка, поэзия",157,1,«почему рекомендуем»: шаблон ×669
https://n-e-n.ru/knigi/kniga/skazki-multfilmy-g-ostera/,Сказки-мультфильмы Г. Остера,Григорий Остер,АСТ,6–11 лет,волшебство,сказка,145,1,«почему рекомендуем»: шаблон ×669
https://n-e-n.ru/knigi/kniga/sneg/,Снег,Сэм Ашер,Поляндрия,3–7 лет,"семья, искусство",реалистическая проза,141,1,«почему рекомендуем»: шаблон ×656
https://n-e-n.ru/knigi/kniga/snezhnyy-zaychik/,Снежный зайчик,Джорджиана Дойч,Мелик-Пашаев,2–6 лет,"дружба, животные, волшебство",реалистическая проза,163,1,«почему рекомендуем»: шаблон ×656
https://n-e-n.ru/knigi/kniga/spasibo-uinn-diksi/,Спасибо Уинн-Дикси,Кейт ДиКамилло,Азбука-Аттикус,8–13 лет,"семья, дружба, животные","семейная история, реалистическая проза",115,1,«почему рекомендуем»: шаблон ×870
https://n-e-n.ru/knigi/kniga/stihi-detyam-obo-vsem-na-svete/,Стихи детям обо всем на свете,Татьяна Викторовна Бокова,АСТ,3–7 лет,школа,поэзия,142,1,«почему рекомендуем»: шаблон ×669
https://n-e-n.ru/knigi/kniga/stihi-i-skazki-dlya-samyh-malenkih/,Стихи и сказки для самых маленьких,Самуил Маршак,АСТ,6–11 лет,волшебство,поэзия,164,1,«почему рекомендуем»: шаблон ×870
https://n-e-n.ru/knigi/kniga/styuart-litl/,Стюарт Литл,Элвин Брукс Уайт,Азбука-Аттикус,7–11 лет,"семья, дружба, приключения","сказка, приключения",102,1,«почему рекомендуем»: шаблон ×870
https://n-e-n.ru/knigi/kniga/syschik-v-odnom-bashmake/,Сыщик в одном башмаке,Софья Прокофьева,АСТ,6–11 лет,"отношения, детектив",реалистическая проза,109,1,«почему рекомендуем»: шаблон ×870
https://n-e-n.ru/knigi/kniga/tainstvennoe-ograblenie-barsuka-bublika/,Таинственное ограбление барсука Бублика,Диана Лапшина,Архипелаг,5–10 лет,"волшебство, детектив","сказка, детектив",95,1,«почему рекомендуем»: шаблон ×656
https://n-e-n.ru/knigi/kniga/tainstvennyy-sad/,Таинственный сад,Фрэнсис Ходжсон Бёрнетт,АСТ,9–14 лет,"дружба, природа, самооценка","семейная история, реалистическая проза",113,1,«почему рекомендуем»: шаблон ×870
https://n-e-n.ru/knigi/kniga/tim-taler-ili-prodannyy-smeh/,"Тим Талер, или Проданный смех",Джеймс Крюс,АСТ,10–15 лет,"самооценка, отношения, безопасность","фэнтези, приключения",104,1,«почему рекомендуем»: шаблон ×122
https://n-e-n.ru/knigi/kniga/tihaya-kniga/,Тихая книга,Дебора Андервуд,Розовый жираф,3–6 лет,"животные, семья",книжка-картинка,74,1,«почему рекомендуем»: шаблон ×26
https://n-e-n.ru/knigi/kniga/tihaya-skazka/,Тихая сказка,Самуил Маршак; Владимир Васильевич Лебедев,АСТ,6–11 лет,волшебство,"сказка, поэзия",141,1,«почему рекомендуем»: шаблон ×870
https://n-e-n.ru/knigi/kniga/tonya-glimmerdal/,Тоня Глиммердал,Мария Парр,Самокат,8–13 лет,"дружба, семья, природа","реалистическая проза, семейная история",106,1,«почему рекомендуем»: шаблон ×870
https://n-e-n.ru/knigi/kniga/tri-tolstyaka/,Три толстяка,Юрий Олеша,Азбука-Аттикус,8–13 лет,"дружба, безопасность, искусство","сказка, приключения",102,1,«почему рекомендуем»: шаблон ×870
https://n-e-n.ru/knigi/kniga/udivitelnoe-puteshestvie-krolika-edvarda/,Удивительное путешествие кролика Эдварда,Кейт ДиКамилло,Азбука-Аттикус,8–12 лет,"животные, приключения, семья, первая любовь","повесть, сказочная история",111,1,«почему рекомендуем»: шаблон ×669
https://n-e-n.ru/knigi/kniga/ule-aleksandr-pereezzhaet/,Уле-Александр переезжает,Анне-Катрине Вестли,Азбука-Аттикус,5–9 лет,"семья, дружба","семейная история, реалистическая проза",115,1,«почему рекомендуем»: шаблон ×870
https://n-e-n.ru/knigi/kniga/uralskie-skazy/,Уральские сказы,Павел Бажов,АСТ,7–12 лет,волшебство,сказка,49,1,«почему рекомендуем»: шаблон ×669
https://n-e-n.ru/knigi/kniga/usatyy-polosatyy/,Усатый полосатый,Самуил Маршак,АСТ,6–12 лет,взросление,поэзия,160,1,«почему рекомендуем»: шаблон ×669
https://n-e-n.ru/knigi/kniga/utka-smert-i-tyulpan/,"Утка, Смерть и тюльпан",Вольф Эрльбрух,Самокат,6–11 лет,"отношения, природа, смерть",сказка,100,1,«почему рекомендуем»: шаблон ×870
https://n-e-n.ru/knigi/kniga/uhti-tuhti/,Ухти-Тухти,Беатрис Поттер,Мелик-Пашаев,2–6 лет,"животные, волшебство",сказка,171,1,«почему рекомендуем»: шаблон ×656
https://n-e-n.ru/knigi/kniga/fantik-v-shkole-avtomobiley/,Фантик в школе автомобилей,Алёна Водопьянова,Мелик-Пашаев,4–10 лет,"школа, искусство, волшебство",семейная история,128,1,«почему рекомендуем»: шаблон ×656
https://n-e-n.ru/knigi/kniga/haydi/,Хайди,Йоханна Спири,АСТ,8–13 лет,"семья, природа, дружба","семейная история, реалистическая проза",96,1,«почему рекомендуем»: шаблон ×870
https://n-e-n.ru/knigi/kniga/hvostataya-zaryadka/,Хвостатая зарядка,Ксения Валаханович,Архипелаг,2–5 лет,животные,поэзия,81,1,«почему рекомендуем»: шаблон ×870
https://n-e-n.ru/knigi/kniga/hobbit-ili-tuda-i-obratno/,"Хоббит, или Туда и обратно",Дж. Р. Р. Толкин,АСТ,9–13 лет,"дружба, волшебство, приключения, братья и сёстры, смелость","фэнтези, приключения",112,1,«почему рекомендуем»: шаблон ×669
https://n-e-n.ru/knigi/kniga/chernilnoe-serdtse/,Чернильное сердце,Корнелия Функе,Азбука-Аттикус,10–15 лет,"семья, волшебство, искусство","фэнтези, приключения",115,1,«почему рекомендуем»: шаблон ×122
https://n-e-n.ru/knigi/kniga/chizhik-vse-ispravit/,Чижик всё исправит!,Зуля Стадник,Архипелаг,5–10 лет,"природа, волшебство, приключения","сказка, фэнтези, приключения",86,1,«почему рекомендуем»: шаблон ×669
https://n-e-n.ru/knigi/kniga/chudo/,Чудо,Р. Дж. Паласио,Розовый жираф,10–14 лет,"школа, дружба, самооценка, отношения",реалистическая проза,123,1,«почему рекомендуем»: шаблон ×122
https://n-e-n.ru/knigi/kniga/chuchelo/,Чучело,Владимир Железников,Азбука-Аттикус,11–15 лет,"школа, дружба, отношения, самооценка",реалистическая проза,115,1,«почему рекомендуем»: шаблон ×656
https://n-e-n.ru/knigi/kniga/chernaya-kuritsa-ili-podzemnye-zhiteli/,"Чёрная курица, или Подземные жители",Антоний Погорельский,Азбука-Аттикус,8–13 лет,"школа, волшебство, самооценка",сказка,121,1,«почему рекомендуем»: шаблон ×870
https://n-e-n.ru/knigi/kniga/chernyy-pes/,Чёрный пёс,Леви Пинфолд,Поляндрия,4–8 лет,"семья, самооценка",сказка,113,1,«почему рекомендуем»: шаблон ×37
https://n-e-n.ru/knigi/kniga/elvis-i-chelovek-v-krasnom-palto/,Элвис и человек в красном пальто,Оле Кёнекке,Мелик-Пашаев,4–10 лет,"животные, взросление, волшебство",сказка,130,1,«почему рекомендуем»: шаблон ×669
https://n-e-n.ru/knigi/kniga/emil-i-syschiki/,Эмиль и сыщики,Эрих Кестнер,Азбука-Аттикус,8–12 лет,"детектив, дружба, приключения","детектив, приключения, повесть",104,1,«почему рекомендуем»: шаблон ×669
https://n-e-n.ru/knigi/kniga/ya-tak-ne-igrayu/,Я так не играю!,Сара Тагхолм,Мелик-Пашаев,2–6 лет,"дружба, искусство, волшебство",реалистическая проза,130,1,«почему рекомендуем»: шаблон ×669
